index,filename
1,D:\Doctorat\datasets\LUNA 16\classification\subset0\1\1_aug\0_20.npy
1,D:\Doctorat\datasets\LUNA 16\classification\subset0\1\1_aug\0_28.npy
1,D:\Doctorat\datasets\LUNA 16\classification\subset0\1\1_aug\0_3.npy
1,D:\Doctorat\datasets\LUNA 16\classification\subset0\1\1_aug\0_39.npy
1,D:\Doctorat\datasets\LUNA 16\classification\subset0\1\1_aug\0_4.npy
1,D:\Doctorat\datasets\LUNA 16\classification\subset0\1\1_aug\0_9.npy
1,D:\Doctorat\datasets\LUNA 16\classification\subset0\1\1_aug\100_12.npy
1,D:\Doctorat\datasets\LUNA 16\classification\subset0\1\1_aug\100_2.npy
1,D:\Doctorat\datasets\LUNA 16\classification\subset0\1\1_aug\100_23.npy
1,D:\Doctorat\datasets\LUNA 16\classification\subset0\1\1_aug\100_28.npy
1,D:\Doctorat\datasets\LUNA 16\classification\subset0\1\1_aug\100_30.npy
1,D:\Doctorat\datasets\LUNA 16\classification\subset0\1\1_aug\100_39.npy
1,D:\Doctorat\datasets\LUNA 16\classification\subset0\1\1_aug\100_40.npy
1,D:\Doctorat\datasets\LUNA 16\classification\subset0\1\1_aug\101_10.npy
1,D:\Doctorat\datasets\LUNA 16\classification\subset0\1\1_aug\101_11.npy
1,D:\Doctorat\datasets\LUNA 16\classification\subset0\1\1_aug\101_15.npy
1,D:\Doctorat\datasets\LUNA 16\classification\subset0\1\1_aug\101_16.npy
1,D:\Doctorat\datasets\LUNA 16\classification\subset0\1\1_aug\101_17.npy
1,D:\Doctorat\datasets\LUNA 16\classification\subset0\1\1_aug\101_23.npy
1,D:\Doctorat\datasets\LUNA 16\classification\subset0\1\1_aug\101_3.npy
1,D:\Doctorat\datasets\LUNA 16\classification\subset0\1\1_aug\101_34.npy
1,D:\Doctorat\datasets\LUNA 16\classification\subset0\1\1_aug\101_39.npy
1,D:\Doctorat\datasets\LUNA 16\classification\subset0\1\1_aug\101_6.npy
1,D:\Doctorat\datasets\LUNA 16\classification\subset0\1\1_aug\102_15.npy
1,D:\Doctorat\datasets\LUNA 16\classification\subset0\1\1_aug\102_3.npy
1,D:\Doctorat\datasets\LUNA 16\classification\subset0\1\1_aug\102_38.npy
1,D:\Doctorat\datasets\LUNA 16\classification\subset0\1\1_aug\102_39.npy
1,D:\Doctorat\datasets\LUNA 16\classification\subset0\1\1_aug\103_14.npy
1,D:\Doctorat\datasets\LUNA 16\classification\subset0\1\1_aug\103_25.npy
1,D:\Doctorat\datasets\LUNA 16\classification\subset0\1\1_aug\103_27.npy
1,D:\Doctorat\datasets\LUNA 16\classification\subset0\1\1_aug\103_28.npy
1,D:\Doctorat\datasets\LUNA 16\classification\subset0\1\1_aug\103_30.npy
1,D:\Doctorat\datasets\LUNA 16\classification\subset0\1\1_aug\103_31.npy
1,D:\Doctorat\datasets\LUNA 16\classification\subset0\1\1_aug\103_34.npy
1,D:\Doctorat\datasets\LUNA 16\classification\subset0\1\1_aug\103_40.npy
1,D:\Doctorat\datasets\LUNA 16\classification\subset0\1\1_aug\103_5.npy
1,D:\Doctorat\datasets\LUNA 16\classification\subset0\1\1_aug\103_9.npy
1,D:\Doctorat\datasets\LUNA 16\classification\subset0\1\1_aug\104_14.npy
1,D:\Doctorat\datasets\LUNA 16\classification\subset0\1\1_aug\104_19.npy
1,D:\Doctorat\datasets\LUNA 16\classification\subset0\1\1_aug\104_25.npy
1,D:\Doctorat\datasets\LUNA 16\classification\subset0\1\1_aug\104_29.npy
1,D:\Doctorat\datasets\LUNA 16\classification\subset0\1\1_aug\104_30.npy
1,D:\Doctorat\datasets\LUNA 16\classification\subset0\1\1_aug\104_32.npy
1,D:\Doctorat\datasets\LUNA 16\classification\subset0\1\1_aug\104_6.npy
1,D:\Doctorat\datasets\LUNA 16\classification\subset0\1\1_aug\104_9.npy
1,D:\Doctorat\datasets\LUNA 16\classification\subset0\1\1_aug\105_14.npy
1,D:\Doctorat\datasets\LUNA 16\classification\subset0\1\1_aug\105_15.npy
1,D:\Doctorat\datasets\LUNA 16\classification\subset0\1\1_aug\105_18.npy
1,D:\Doctorat\datasets\LUNA 16\classification\subset0\1\1_aug\105_19.npy
1,D:\Doctorat\datasets\LUNA 16\classification\subset0\1\1_aug\105_21.npy
1,D:\Doctorat\datasets\LUNA 16\classification\subset0\1\1_aug\105_22.npy
1,D:\Doctorat\datasets\LUNA 16\classification\subset0\1\1_aug\105_27.npy
1,D:\Doctorat\datasets\LUNA 16\classification\subset0\1\1_aug\105_32.npy
1,D:\Doctorat\datasets\LUNA 16\classification\subset0\1\1_aug\105_38.npy
1,D:\Doctorat\datasets\LUNA 16\classification\subset0\1\1_aug\105_4.npy
1,D:\Doctorat\datasets\LUNA 16\classification\subset0\1\1_aug\105_8.npy
1,D:\Doctorat\datasets\LUNA 16\classification\subset0\1\1_aug\106_1.npy
1,D:\Doctorat\datasets\LUNA 16\classification\subset0\1\1_aug\106_3.npy
1,D:\Doctorat\datasets\LUNA 16\classification\subset0\1\1_aug\106_30.npy
1,D:\Doctorat\datasets\LUNA 16\classification\subset0\1\1_aug\106_33.npy
1,D:\Doctorat\datasets\LUNA 16\classification\subset0\1\1_aug\106_34.npy
1,D:\Doctorat\datasets\LUNA 16\classification\subset0\1\1_aug\106_37.npy
1,D:\Doctorat\datasets\LUNA 16\classification\subset0\1\1_aug\107_12.npy
1,D:\Doctorat\datasets\LUNA 16\classification\subset0\1\1_aug\107_18.npy
1,D:\Doctorat\datasets\LUNA 16\classification\subset0\1\1_aug\107_20.npy
1,D:\Doctorat\datasets\LUNA 16\classification\subset0\1\1_aug\107_26.npy
1,D:\Doctorat\datasets\LUNA 16\classification\subset0\1\1_aug\107_37.npy
1,D:\Doctorat\datasets\LUNA 16\classification\subset0\1\1_aug\107_40.npy
1,D:\Doctorat\datasets\LUNA 16\classification\subset0\1\1_aug\108_13.npy
1,D:\Doctorat\datasets\LUNA 16\classification\subset0\1\1_aug\108_15.npy
1,D:\Doctorat\datasets\LUNA 16\classification\subset0\1\1_aug\108_2.npy
1,D:\Doctorat\datasets\LUNA 16\classification\subset0\1\1_aug\108_3.npy
1,D:\Doctorat\datasets\LUNA 16\classification\subset0\1\1_aug\108_31.npy
1,D:\Doctorat\datasets\LUNA 16\classification\subset0\1\1_aug\108_4.npy
1,D:\Doctorat\datasets\LUNA 16\classification\subset0\1\1_aug\108_9.npy
1,D:\Doctorat\datasets\LUNA 16\classification\subset0\1\1_aug\109_1.npy
1,D:\Doctorat\datasets\LUNA 16\classification\subset0\1\1_aug\109_13.npy
1,D:\Doctorat\datasets\LUNA 16\classification\subset0\1\1_aug\109_15.npy
1,D:\Doctorat\datasets\LUNA 16\classification\subset0\1\1_aug\109_17.npy
1,D:\Doctorat\datasets\LUNA 16\classification\subset0\1\1_aug\109_18.npy
1,D:\Doctorat\datasets\LUNA 16\classification\subset0\1\1_aug\109_29.npy
1,D:\Doctorat\datasets\LUNA 16\classification\subset0\1\1_aug\109_7.npy
1,D:\Doctorat\datasets\LUNA 16\classification\subset0\1\1_aug\10_10.npy
1,D:\Doctorat\datasets\LUNA 16\classification\subset0\1\1_aug\10_12.npy
1,D:\Doctorat\datasets\LUNA 16\classification\subset0\1\1_aug\10_15.npy
1,D:\Doctorat\datasets\LUNA 16\classification\subset0\1\1_aug\10_17.npy
1,D:\Doctorat\datasets\LUNA 16\classification\subset0\1\1_aug\10_33.npy
1,D:\Doctorat\datasets\LUNA 16\classification\subset0\1\1_aug\10_34.npy
1,D:\Doctorat\datasets\LUNA 16\classification\subset0\1\1_aug\10_36.npy
1,D:\Doctorat\datasets\LUNA 16\classification\subset0\1\1_aug\10_5.npy
1,D:\Doctorat\datasets\LUNA 16\classification\subset0\1\1_aug\110_19.npy
1,D:\Doctorat\datasets\LUNA 16\classification\subset0\1\1_aug\110_2.npy
1,D:\Doctorat\datasets\LUNA 16\classification\subset0\1\1_aug\110_20.npy
1,D:\Doctorat\datasets\LUNA 16\classification\subset0\1\1_aug\110_27.npy
1,D:\Doctorat\datasets\LUNA 16\classification\subset0\1\1_aug\110_6.npy
1,D:\Doctorat\datasets\LUNA 16\classification\subset0\1\1_aug\110_8.npy
1,D:\Doctorat\datasets\LUNA 16\classification\subset0\1\1_aug\110_9.npy
1,D:\Doctorat\datasets\LUNA 16\classification\subset0\1\1_aug\111_14.npy
1,D:\Doctorat\datasets\LUNA 16\classification\subset0\1\1_aug\111_17.npy
1,D:\Doctorat\datasets\LUNA 16\classification\subset0\1\1_aug\111_21.npy
1,D:\Doctorat\datasets\LUNA 16\classification\subset0\1\1_aug\111_22.npy
1,D:\Doctorat\datasets\LUNA 16\classification\subset0\1\1_aug\111_23.npy
1,D:\Doctorat\datasets\LUNA 16\classification\subset0\1\1_aug\111_29.npy
1,D:\Doctorat\datasets\LUNA 16\classification\subset0\1\1_aug\111_30.npy
1,D:\Doctorat\datasets\LUNA 16\classification\subset0\1\1_aug\111_39.npy
1,D:\Doctorat\datasets\LUNA 16\classification\subset0\1\1_aug\111_5.npy
1,D:\Doctorat\datasets\LUNA 16\classification\subset0\1\1_aug\111_9.npy
1,D:\Doctorat\datasets\LUNA 16\classification\subset0\1\1_aug\112_1.npy
1,D:\Doctorat\datasets\LUNA 16\classification\subset0\1\1_aug\112_16.npy
1,D:\Doctorat\datasets\LUNA 16\classification\subset0\1\1_aug\112_18.npy
1,D:\Doctorat\datasets\LUNA 16\classification\subset0\1\1_aug\112_22.npy
1,D:\Doctorat\datasets\LUNA 16\classification\subset0\1\1_aug\112_25.npy
1,D:\Doctorat\datasets\LUNA 16\classification\subset0\1\1_aug\112_30.npy
1,D:\Doctorat\datasets\LUNA 16\classification\subset0\1\1_aug\112_31.npy
1,D:\Doctorat\datasets\LUNA 16\classification\subset0\1\1_aug\112_37.npy
1,D:\Doctorat\datasets\LUNA 16\classification\subset0\1\1_aug\112_38.npy
1,D:\Doctorat\datasets\LUNA 16\classification\subset0\1\1_aug\112_4.npy
1,D:\Doctorat\datasets\LUNA 16\classification\subset0\1\1_aug\113_11.npy
1,D:\Doctorat\datasets\LUNA 16\classification\subset0\1\1_aug\113_15.npy
1,D:\Doctorat\datasets\LUNA 16\classification\subset0\1\1_aug\113_23.npy
1,D:\Doctorat\datasets\LUNA 16\classification\subset0\1\1_aug\113_24.npy
1,D:\Doctorat\datasets\LUNA 16\classification\subset0\1\1_aug\113_26.npy
1,D:\Doctorat\datasets\LUNA 16\classification\subset0\1\1_aug\113_34.npy
1,D:\Doctorat\datasets\LUNA 16\classification\subset0\1\1_aug\113_37.npy
1,D:\Doctorat\datasets\LUNA 16\classification\subset0\1\1_aug\113_4.npy
1,D:\Doctorat\datasets\LUNA 16\classification\subset0\1\1_aug\113_6.npy
1,D:\Doctorat\datasets\LUNA 16\classification\subset0\1\1_aug\114_14.npy
1,D:\Doctorat\datasets\LUNA 16\classification\subset0\1\1_aug\114_23.npy
1,D:\Doctorat\datasets\LUNA 16\classification\subset0\1\1_aug\114_26.npy
1,D:\Doctorat\datasets\LUNA 16\classification\subset0\1\1_aug\114_28.npy
1,D:\Doctorat\datasets\LUNA 16\classification\subset0\1\1_aug\114_32.npy
1,D:\Doctorat\datasets\LUNA 16\classification\subset0\1\1_aug\114_39.npy
1,D:\Doctorat\datasets\LUNA 16\classification\subset0\1\1_aug\115_16.npy
1,D:\Doctorat\datasets\LUNA 16\classification\subset0\1\1_aug\115_22.npy
1,D:\Doctorat\datasets\LUNA 16\classification\subset0\1\1_aug\115_34.npy
1,D:\Doctorat\datasets\LUNA 16\classification\subset0\1\1_aug\115_38.npy
1,D:\Doctorat\datasets\LUNA 16\classification\subset0\1\1_aug\115_39.npy
1,D:\Doctorat\datasets\LUNA 16\classification\subset0\1\1_aug\115_4.npy
1,D:\Doctorat\datasets\LUNA 16\classification\subset0\1\1_aug\116_1.npy
1,D:\Doctorat\datasets\LUNA 16\classification\subset0\1\1_aug\116_12.npy
1,D:\Doctorat\datasets\LUNA 16\classification\subset0\1\1_aug\116_15.npy
1,D:\Doctorat\datasets\LUNA 16\classification\subset0\1\1_aug\116_21.npy
1,D:\Doctorat\datasets\LUNA 16\classification\subset0\1\1_aug\116_26.npy
1,D:\Doctorat\datasets\LUNA 16\classification\subset0\1\1_aug\116_30.npy
1,D:\Doctorat\datasets\LUNA 16\classification\subset0\1\1_aug\116_32.npy
1,D:\Doctorat\datasets\LUNA 16\classification\subset0\1\1_aug\116_4.npy
1,D:\Doctorat\datasets\LUNA 16\classification\subset0\1\1_aug\116_40.npy
1,D:\Doctorat\datasets\LUNA 16\classification\subset0\1\1_aug\116_7.npy
1,D:\Doctorat\datasets\LUNA 16\classification\subset0\1\1_aug\116_8.npy
1,D:\Doctorat\datasets\LUNA 16\classification\subset0\1\1_aug\116_9.npy
1,D:\Doctorat\datasets\LUNA 16\classification\subset0\1\1_aug\117_10.npy
1,D:\Doctorat\datasets\LUNA 16\classification\subset0\1\1_aug\117_14.npy
1,D:\Doctorat\datasets\LUNA 16\classification\subset0\1\1_aug\117_18.npy
1,D:\Doctorat\datasets\LUNA 16\classification\subset0\1\1_aug\117_34.npy
1,D:\Doctorat\datasets\LUNA 16\classification\subset0\1\1_aug\118_1.npy
1,D:\Doctorat\datasets\LUNA 16\classification\subset0\1\1_aug\118_12.npy
1,D:\Doctorat\datasets\LUNA 16\classification\subset0\1\1_aug\118_19.npy
1,D:\Doctorat\datasets\LUNA 16\classification\subset0\1\1_aug\118_21.npy
1,D:\Doctorat\datasets\LUNA 16\classification\subset0\1\1_aug\118_23.npy
1,D:\Doctorat\datasets\LUNA 16\classification\subset0\1\1_aug\118_24.npy
1,D:\Doctorat\datasets\LUNA 16\classification\subset0\1\1_aug\118_28.npy
1,D:\Doctorat\datasets\LUNA 16\classification\subset0\1\1_aug\118_30.npy
1,D:\Doctorat\datasets\LUNA 16\classification\subset0\1\1_aug\118_35.npy
1,D:\Doctorat\datasets\LUNA 16\classification\subset0\1\1_aug\118_6.npy
1,D:\Doctorat\datasets\LUNA 16\classification\subset0\1\1_aug\119_18.npy
1,D:\Doctorat\datasets\LUNA 16\classification\subset0\1\1_aug\119_24.npy
1,D:\Doctorat\datasets\LUNA 16\classification\subset0\1\1_aug\119_25.npy
1,D:\Doctorat\datasets\LUNA 16\classification\subset0\1\1_aug\119_26.npy
1,D:\Doctorat\datasets\LUNA 16\classification\subset0\1\1_aug\119_38.npy
1,D:\Doctorat\datasets\LUNA 16\classification\subset0\1\1_aug\119_40.npy
1,D:\Doctorat\datasets\LUNA 16\classification\subset0\1\1_aug\119_8.npy
1,D:\Doctorat\datasets\LUNA 16\classification\subset0\1\1_aug\11_1.npy
1,D:\Doctorat\datasets\LUNA 16\classification\subset0\1\1_aug\11_12.npy
1,D:\Doctorat\datasets\LUNA 16\classification\subset0\1\1_aug\11_14.npy
1,D:\Doctorat\datasets\LUNA 16\classification\subset0\1\1_aug\11_17.npy
1,D:\Doctorat\datasets\LUNA 16\classification\subset0\1\1_aug\11_22.npy
1,D:\Doctorat\datasets\LUNA 16\classification\subset0\1\1_aug\11_24.npy
1,D:\Doctorat\datasets\LUNA 16\classification\subset0\1\1_aug\11_35.npy
1,D:\Doctorat\datasets\LUNA 16\classification\subset0\1\1_aug\11_37.npy
1,D:\Doctorat\datasets\LUNA 16\classification\subset0\1\1_aug\11_38.npy
1,D:\Doctorat\datasets\LUNA 16\classification\subset0\1\1_aug\11_4.npy
1,D:\Doctorat\datasets\LUNA 16\classification\subset0\1\1_aug\11_9.npy
1,D:\Doctorat\datasets\LUNA 16\classification\subset0\1\1_aug\120_15.npy
1,D:\Doctorat\datasets\LUNA 16\classification\subset0\1\1_aug\120_16.npy
1,D:\Doctorat\datasets\LUNA 16\classification\subset0\1\1_aug\120_33.npy
1,D:\Doctorat\datasets\LUNA 16\classification\subset0\1\1_aug\120_37.npy
1,D:\Doctorat\datasets\LUNA 16\classification\subset0\1\1_aug\120_4.npy
1,D:\Doctorat\datasets\LUNA 16\classification\subset0\1\1_aug\120_9.npy
1,D:\Doctorat\datasets\LUNA 16\classification\subset0\1\1_aug\121_11.npy
1,D:\Doctorat\datasets\LUNA 16\classification\subset0\1\1_aug\121_15.npy
1,D:\Doctorat\datasets\LUNA 16\classification\subset0\1\1_aug\121_18.npy
1,D:\Doctorat\datasets\LUNA 16\classification\subset0\1\1_aug\121_20.npy
1,D:\Doctorat\datasets\LUNA 16\classification\subset0\1\1_aug\121_23.npy
1,D:\Doctorat\datasets\LUNA 16\classification\subset0\1\1_aug\121_33.npy
1,D:\Doctorat\datasets\LUNA 16\classification\subset0\1\1_aug\121_36.npy
1,D:\Doctorat\datasets\LUNA 16\classification\subset0\1\1_aug\121_9.npy
1,D:\Doctorat\datasets\LUNA 16\classification\subset0\1\1_aug\122_24.npy
1,D:\Doctorat\datasets\LUNA 16\classification\subset0\1\1_aug\122_34.npy
1,D:\Doctorat\datasets\LUNA 16\classification\subset0\1\1_aug\122_35.npy
1,D:\Doctorat\datasets\LUNA 16\classification\subset0\1\1_aug\122_36.npy
1,D:\Doctorat\datasets\LUNA 16\classification\subset0\1\1_aug\122_40.npy
1,D:\Doctorat\datasets\LUNA 16\classification\subset0\1\1_aug\122_5.npy
1,D:\Doctorat\datasets\LUNA 16\classification\subset0\1\1_aug\122_7.npy
1,D:\Doctorat\datasets\LUNA 16\classification\subset0\1\1_aug\123_11.npy
1,D:\Doctorat\datasets\LUNA 16\classification\subset0\1\1_aug\123_14.npy
1,D:\Doctorat\datasets\LUNA 16\classification\subset0\1\1_aug\123_16.npy
1,D:\Doctorat\datasets\LUNA 16\classification\subset0\1\1_aug\123_19.npy
1,D:\Doctorat\datasets\LUNA 16\classification\subset0\1\1_aug\123_21.npy
1,D:\Doctorat\datasets\LUNA 16\classification\subset0\1\1_aug\123_23.npy
1,D:\Doctorat\datasets\LUNA 16\classification\subset0\1\1_aug\123_25.npy
1,D:\Doctorat\datasets\LUNA 16\classification\subset0\1\1_aug\123_26.npy
1,D:\Doctorat\datasets\LUNA 16\classification\subset0\1\1_aug\123_7.npy
1,D:\Doctorat\datasets\LUNA 16\classification\subset0\1\1_aug\124_1.npy
1,D:\Doctorat\datasets\LUNA 16\classification\subset0\1\1_aug\124_21.npy
1,D:\Doctorat\datasets\LUNA 16\classification\subset0\1\1_aug\124_26.npy
1,D:\Doctorat\datasets\LUNA 16\classification\subset0\1\1_aug\124_31.npy
1,D:\Doctorat\datasets\LUNA 16\classification\subset0\1\1_aug\124_33.npy
1,D:\Doctorat\datasets\LUNA 16\classification\subset0\1\1_aug\124_36.npy
1,D:\Doctorat\datasets\LUNA 16\classification\subset0\1\1_aug\124_5.npy
1,D:\Doctorat\datasets\LUNA 16\classification\subset0\1\1_aug\125_10.npy
1,D:\Doctorat\datasets\LUNA 16\classification\subset0\1\1_aug\125_11.npy
1,D:\Doctorat\datasets\LUNA 16\classification\subset0\1\1_aug\125_15.npy
1,D:\Doctorat\datasets\LUNA 16\classification\subset0\1\1_aug\125_25.npy
1,D:\Doctorat\datasets\LUNA 16\classification\subset0\1\1_aug\125_27.npy
1,D:\Doctorat\datasets\LUNA 16\classification\subset0\1\1_aug\125_28.npy
1,D:\Doctorat\datasets\LUNA 16\classification\subset0\1\1_aug\125_30.npy
1,D:\Doctorat\datasets\LUNA 16\classification\subset0\1\1_aug\125_33.npy
1,D:\Doctorat\datasets\LUNA 16\classification\subset0\1\1_aug\125_34.npy
1,D:\Doctorat\datasets\LUNA 16\classification\subset0\1\1_aug\125_35.npy
1,D:\Doctorat\datasets\LUNA 16\classification\subset0\1\1_aug\125_39.npy
1,D:\Doctorat\datasets\LUNA 16\classification\subset0\1\1_aug\125_7.npy
1,D:\Doctorat\datasets\LUNA 16\classification\subset0\1\1_aug\126_11.npy
1,D:\Doctorat\datasets\LUNA 16\classification\subset0\1\1_aug\126_7.npy
1,D:\Doctorat\datasets\LUNA 16\classification\subset0\1\1_aug\126_8.npy
1,D:\Doctorat\datasets\LUNA 16\classification\subset0\1\1_aug\127_16.npy
1,D:\Doctorat\datasets\LUNA 16\classification\subset0\1\1_aug\127_19.npy
1,D:\Doctorat\datasets\LUNA 16\classification\subset0\1\1_aug\127_20.npy
1,D:\Doctorat\datasets\LUNA 16\classification\subset0\1\1_aug\127_24.npy
1,D:\Doctorat\datasets\LUNA 16\classification\subset0\1\1_aug\127_32.npy
1,D:\Doctorat\datasets\LUNA 16\classification\subset0\1\1_aug\127_33.npy
1,D:\Doctorat\datasets\LUNA 16\classification\subset0\1\1_aug\127_37.npy
1,D:\Doctorat\datasets\LUNA 16\classification\subset0\1\1_aug\127_39.npy
1,D:\Doctorat\datasets\LUNA 16\classification\subset0\1\1_aug\127_5.npy
1,D:\Doctorat\datasets\LUNA 16\classification\subset0\1\1_aug\127_6.npy
1,D:\Doctorat\datasets\LUNA 16\classification\subset0\1\1_aug\127_7.npy
1,D:\Doctorat\datasets\LUNA 16\classification\subset0\1\1_aug\128_16.npy
1,D:\Doctorat\datasets\LUNA 16\classification\subset0\1\1_aug\128_22.npy
1,D:\Doctorat\datasets\LUNA 16\classification\subset0\1\1_aug\128_28.npy
1,D:\Doctorat\datasets\LUNA 16\classification\subset0\1\1_aug\128_32.npy
1,D:\Doctorat\datasets\LUNA 16\classification\subset0\1\1_aug\128_33.npy
1,D:\Doctorat\datasets\LUNA 16\classification\subset0\1\1_aug\128_36.npy
1,D:\Doctorat\datasets\LUNA 16\classification\subset0\1\1_aug\128_40.npy
1,D:\Doctorat\datasets\LUNA 16\classification\subset0\1\1_aug\128_8.npy
1,D:\Doctorat\datasets\LUNA 16\classification\subset0\1\1_aug\128_9.npy
1,D:\Doctorat\datasets\LUNA 16\classification\subset0\1\1_aug\129_1.npy
1,D:\Doctorat\datasets\LUNA 16\classification\subset0\1\1_aug\129_13.npy
1,D:\Doctorat\datasets\LUNA 16\classification\subset0\1\1_aug\129_35.npy
1,D:\Doctorat\datasets\LUNA 16\classification\subset0\1\1_aug\129_8.npy
1,D:\Doctorat\datasets\LUNA 16\classification\subset0\1\1_aug\12_14.npy
1,D:\Doctorat\datasets\LUNA 16\classification\subset0\1\1_aug\12_15.npy
1,D:\Doctorat\datasets\LUNA 16\classification\subset0\1\1_aug\12_19.npy
1,D:\Doctorat\datasets\LUNA 16\classification\subset0\1\1_aug\12_28.npy
1,D:\Doctorat\datasets\LUNA 16\classification\subset0\1\1_aug\12_3.npy
1,D:\Doctorat\datasets\LUNA 16\classification\subset0\1\1_aug\12_31.npy
1,D:\Doctorat\datasets\LUNA 16\classification\subset0\1\1_aug\12_37.npy
1,D:\Doctorat\datasets\LUNA 16\classification\subset0\1\1_aug\12_38.npy
1,D:\Doctorat\datasets\LUNA 16\classification\subset0\1\1_aug\12_6.npy
1,D:\Doctorat\datasets\LUNA 16\classification\subset0\1\1_aug\12_9.npy
1,D:\Doctorat\datasets\LUNA 16\classification\subset0\1\1_aug\130_18.npy
1,D:\Doctorat\datasets\LUNA 16\classification\subset0\1\1_aug\130_34.npy
1,D:\Doctorat\datasets\LUNA 16\classification\subset0\1\1_aug\130_35.npy
1,D:\Doctorat\datasets\LUNA 16\classification\subset0\1\1_aug\130_37.npy
1,D:\Doctorat\datasets\LUNA 16\classification\subset0\1\1_aug\130_39.npy
1,D:\Doctorat\datasets\LUNA 16\classification\subset0\1\1_aug\131_1.npy
1,D:\Doctorat\datasets\LUNA 16\classification\subset0\1\1_aug\131_12.npy
1,D:\Doctorat\datasets\LUNA 16\classification\subset0\1\1_aug\131_18.npy
1,D:\Doctorat\datasets\LUNA 16\classification\subset0\1\1_aug\131_23.npy
1,D:\Doctorat\datasets\LUNA 16\classification\subset0\1\1_aug\131_24.npy
1,D:\Doctorat\datasets\LUNA 16\classification\subset0\1\1_aug\131_31.npy
1,D:\Doctorat\datasets\LUNA 16\classification\subset0\1\1_aug\131_32.npy
1,D:\Doctorat\datasets\LUNA 16\classification\subset0\1\1_aug\131_35.npy
1,D:\Doctorat\datasets\LUNA 16\classification\subset0\1\1_aug\131_36.npy
1,D:\Doctorat\datasets\LUNA 16\classification\subset0\1\1_aug\131_39.npy
1,D:\Doctorat\datasets\LUNA 16\classification\subset0\1\1_aug\131_6.npy
1,D:\Doctorat\datasets\LUNA 16\classification\subset0\1\1_aug\132_1.npy
1,D:\Doctorat\datasets\LUNA 16\classification\subset0\1\1_aug\132_14.npy
1,D:\Doctorat\datasets\LUNA 16\classification\subset0\1\1_aug\132_15.npy
1,D:\Doctorat\datasets\LUNA 16\classification\subset0\1\1_aug\132_16.npy
1,D:\Doctorat\datasets\LUNA 16\classification\subset0\1\1_aug\132_18.npy
1,D:\Doctorat\datasets\LUNA 16\classification\subset0\1\1_aug\132_21.npy
1,D:\Doctorat\datasets\LUNA 16\classification\subset0\1\1_aug\132_27.npy
1,D:\Doctorat\datasets\LUNA 16\classification\subset0\1\1_aug\132_35.npy
1,D:\Doctorat\datasets\LUNA 16\classification\subset0\1\1_aug\132_37.npy
1,D:\Doctorat\datasets\LUNA 16\classification\subset0\1\1_aug\132_39.npy
1,D:\Doctorat\datasets\LUNA 16\classification\subset0\1\1_aug\132_40.npy
1,D:\Doctorat\datasets\LUNA 16\classification\subset0\1\1_aug\132_8.npy
1,D:\Doctorat\datasets\LUNA 16\classification\subset0\1\1_aug\133_13.npy
1,D:\Doctorat\datasets\LUNA 16\classification\subset0\1\1_aug\133_18.npy
1,D:\Doctorat\datasets\LUNA 16\classification\subset0\1\1_aug\133_24.npy
1,D:\Doctorat\datasets\LUNA 16\classification\subset0\1\1_aug\133_26.npy
1,D:\Doctorat\datasets\LUNA 16\classification\subset0\1\1_aug\133_29.npy
1,D:\Doctorat\datasets\LUNA 16\classification\subset0\1\1_aug\133_32.npy
1,D:\Doctorat\datasets\LUNA 16\classification\subset0\1\1_aug\133_34.npy
1,D:\Doctorat\datasets\LUNA 16\classification\subset0\1\1_aug\133_40.npy
1,D:\Doctorat\datasets\LUNA 16\classification\subset0\1\1_aug\133_8.npy
1,D:\Doctorat\datasets\LUNA 16\classification\subset0\1\1_aug\134_12.npy
1,D:\Doctorat\datasets\LUNA 16\classification\subset0\1\1_aug\134_17.npy
1,D:\Doctorat\datasets\LUNA 16\classification\subset0\1\1_aug\134_30.npy
1,D:\Doctorat\datasets\LUNA 16\classification\subset0\1\1_aug\134_31.npy
1,D:\Doctorat\datasets\LUNA 16\classification\subset0\1\1_aug\134_4.npy
1,D:\Doctorat\datasets\LUNA 16\classification\subset0\1\1_aug\134_8.npy
1,D:\Doctorat\datasets\LUNA 16\classification\subset0\1\1_aug\135_15.npy
1,D:\Doctorat\datasets\LUNA 16\classification\subset0\1\1_aug\135_17.npy
1,D:\Doctorat\datasets\LUNA 16\classification\subset0\1\1_aug\135_24.npy
1,D:\Doctorat\datasets\LUNA 16\classification\subset0\1\1_aug\135_26.npy
1,D:\Doctorat\datasets\LUNA 16\classification\subset0\1\1_aug\135_30.npy
1,D:\Doctorat\datasets\LUNA 16\classification\subset0\1\1_aug\135_31.npy
1,D:\Doctorat\datasets\LUNA 16\classification\subset0\1\1_aug\135_37.npy
1,D:\Doctorat\datasets\LUNA 16\classification\subset0\1\1_aug\135_39.npy
1,D:\Doctorat\datasets\LUNA 16\classification\subset0\1\1_aug\135_4.npy
1,D:\Doctorat\datasets\LUNA 16\classification\subset0\1\1_aug\136_20.npy
1,D:\Doctorat\datasets\LUNA 16\classification\subset0\1\1_aug\136_21.npy
1,D:\Doctorat\datasets\LUNA 16\classification\subset0\1\1_aug\136_25.npy
1,D:\Doctorat\datasets\LUNA 16\classification\subset0\1\1_aug\136_32.npy
1,D:\Doctorat\datasets\LUNA 16\classification\subset0\1\1_aug\136_36.npy
1,D:\Doctorat\datasets\LUNA 16\classification\subset0\1\1_aug\137_10.npy
1,D:\Doctorat\datasets\LUNA 16\classification\subset0\1\1_aug\137_16.npy
1,D:\Doctorat\datasets\LUNA 16\classification\subset0\1\1_aug\137_19.npy
1,D:\Doctorat\datasets\LUNA 16\classification\subset0\1\1_aug\137_26.npy
1,D:\Doctorat\datasets\LUNA 16\classification\subset0\1\1_aug\137_29.npy
1,D:\Doctorat\datasets\LUNA 16\classification\subset0\1\1_aug\137_3.npy
1,D:\Doctorat\datasets\LUNA 16\classification\subset0\1\1_aug\137_31.npy
1,D:\Doctorat\datasets\LUNA 16\classification\subset0\1\1_aug\137_36.npy
1,D:\Doctorat\datasets\LUNA 16\classification\subset0\1\1_aug\137_38.npy
1,D:\Doctorat\datasets\LUNA 16\classification\subset0\1\1_aug\137_5.npy
1,D:\Doctorat\datasets\LUNA 16\classification\subset0\1\1_aug\137_7.npy
1,D:\Doctorat\datasets\LUNA 16\classification\subset0\1\1_aug\13_18.npy
1,D:\Doctorat\datasets\LUNA 16\classification\subset0\1\1_aug\13_28.npy
1,D:\Doctorat\datasets\LUNA 16\classification\subset0\1\1_aug\13_37.npy
1,D:\Doctorat\datasets\LUNA 16\classification\subset0\1\1_aug\13_39.npy
1,D:\Doctorat\datasets\LUNA 16\classification\subset0\1\1_aug\14_10.npy
1,D:\Doctorat\datasets\LUNA 16\classification\subset0\1\1_aug\14_14.npy
1,D:\Doctorat\datasets\LUNA 16\classification\subset0\1\1_aug\14_2.npy
1,D:\Doctorat\datasets\LUNA 16\classification\subset0\1\1_aug\14_23.npy
1,D:\Doctorat\datasets\LUNA 16\classification\subset0\1\1_aug\14_26.npy
1,D:\Doctorat\datasets\LUNA 16\classification\subset0\1\1_aug\14_33.npy
1,D:\Doctorat\datasets\LUNA 16\classification\subset0\1\1_aug\14_37.npy
1,D:\Doctorat\datasets\LUNA 16\classification\subset0\1\1_aug\14_39.npy
1,D:\Doctorat\datasets\LUNA 16\classification\subset0\1\1_aug\14_40.npy
1,D:\Doctorat\datasets\LUNA 16\classification\subset0\1\1_aug\14_5.npy
1,D:\Doctorat\datasets\LUNA 16\classification\subset0\1\1_aug\14_8.npy
1,D:\Doctorat\datasets\LUNA 16\classification\subset0\1\1_aug\15_11.npy
1,D:\Doctorat\datasets\LUNA 16\classification\subset0\1\1_aug\15_17.npy
1,D:\Doctorat\datasets\LUNA 16\classification\subset0\1\1_aug\15_18.npy
1,D:\Doctorat\datasets\LUNA 16\classification\subset0\1\1_aug\15_20.npy
1,D:\Doctorat\datasets\LUNA 16\classification\subset0\1\1_aug\15_28.npy
1,D:\Doctorat\datasets\LUNA 16\classification\subset0\1\1_aug\15_29.npy
1,D:\Doctorat\datasets\LUNA 16\classification\subset0\1\1_aug\15_37.npy
1,D:\Doctorat\datasets\LUNA 16\classification\subset0\1\1_aug\15_4.npy
1,D:\Doctorat\datasets\LUNA 16\classification\subset0\1\1_aug\15_40.npy
1,D:\Doctorat\datasets\LUNA 16\classification\subset0\1\1_aug\15_5.npy
1,D:\Doctorat\datasets\LUNA 16\classification\subset0\1\1_aug\15_8.npy
1,D:\Doctorat\datasets\LUNA 16\classification\subset0\1\1_aug\16_1.npy
1,D:\Doctorat\datasets\LUNA 16\classification\subset0\1\1_aug\16_13.npy
1,D:\Doctorat\datasets\LUNA 16\classification\subset0\1\1_aug\16_19.npy
1,D:\Doctorat\datasets\LUNA 16\classification\subset0\1\1_aug\16_2.npy
1,D:\Doctorat\datasets\LUNA 16\classification\subset0\1\1_aug\16_33.npy
1,D:\Doctorat\datasets\LUNA 16\classification\subset0\1\1_aug\17_11.npy
1,D:\Doctorat\datasets\LUNA 16\classification\subset0\1\1_aug\17_14.npy
1,D:\Doctorat\datasets\LUNA 16\classification\subset0\1\1_aug\17_2.npy
1,D:\Doctorat\datasets\LUNA 16\classification\subset0\1\1_aug\17_20.npy
1,D:\Doctorat\datasets\LUNA 16\classification\subset0\1\1_aug\17_22.npy
1,D:\Doctorat\datasets\LUNA 16\classification\subset0\1\1_aug\17_32.npy
1,D:\Doctorat\datasets\LUNA 16\classification\subset0\1\1_aug\17_35.npy
1,D:\Doctorat\datasets\LUNA 16\classification\subset0\1\1_aug\17_5.npy
1,D:\Doctorat\datasets\LUNA 16\classification\subset0\1\1_aug\18_16.npy
1,D:\Doctorat\datasets\LUNA 16\classification\subset0\1\1_aug\18_2.npy
1,D:\Doctorat\datasets\LUNA 16\classification\subset0\1\1_aug\18_36.npy
1,D:\Doctorat\datasets\LUNA 16\classification\subset0\1\1_aug\18_4.npy
1,D:\Doctorat\datasets\LUNA 16\classification\subset0\1\1_aug\18_6.npy
1,D:\Doctorat\datasets\LUNA 16\classification\subset0\1\1_aug\19_15.npy
1,D:\Doctorat\datasets\LUNA 16\classification\subset0\1\1_aug\19_26.npy
1,D:\Doctorat\datasets\LUNA 16\classification\subset0\1\1_aug\19_3.npy
1,D:\Doctorat\datasets\LUNA 16\classification\subset0\1\1_aug\19_30.npy
1,D:\Doctorat\datasets\LUNA 16\classification\subset0\1\1_aug\19_31.npy
1,D:\Doctorat\datasets\LUNA 16\classification\subset0\1\1_aug\19_34.npy
1,D:\Doctorat\datasets\LUNA 16\classification\subset0\1\1_aug\19_7.npy
1,D:\Doctorat\datasets\LUNA 16\classification\subset0\1\1_aug\1_11.npy
1,D:\Doctorat\datasets\LUNA 16\classification\subset0\1\1_aug\1_15.npy
1,D:\Doctorat\datasets\LUNA 16\classification\subset0\1\1_aug\1_17.npy
1,D:\Doctorat\datasets\LUNA 16\classification\subset0\1\1_aug\1_21.npy
1,D:\Doctorat\datasets\LUNA 16\classification\subset0\1\1_aug\1_23.npy
1,D:\Doctorat\datasets\LUNA 16\classification\subset0\1\1_aug\20_1.npy
1,D:\Doctorat\datasets\LUNA 16\classification\subset0\1\1_aug\20_15.npy
1,D:\Doctorat\datasets\LUNA 16\classification\subset0\1\1_aug\20_22.npy
1,D:\Doctorat\datasets\LUNA 16\classification\subset0\1\1_aug\20_27.npy
1,D:\Doctorat\datasets\LUNA 16\classification\subset0\1\1_aug\20_29.npy
1,D:\Doctorat\datasets\LUNA 16\classification\subset0\1\1_aug\20_33.npy
1,D:\Doctorat\datasets\LUNA 16\classification\subset0\1\1_aug\20_5.npy
1,D:\Doctorat\datasets\LUNA 16\classification\subset0\1\1_aug\20_7.npy
1,D:\Doctorat\datasets\LUNA 16\classification\subset0\1\1_aug\20_8.npy
1,D:\Doctorat\datasets\LUNA 16\classification\subset0\1\1_aug\21_10.npy
1,D:\Doctorat\datasets\LUNA 16\classification\subset0\1\1_aug\21_12.npy
1,D:\Doctorat\datasets\LUNA 16\classification\subset0\1\1_aug\21_16.npy
1,D:\Doctorat\datasets\LUNA 16\classification\subset0\1\1_aug\21_17.npy
1,D:\Doctorat\datasets\LUNA 16\classification\subset0\1\1_aug\21_19.npy
1,D:\Doctorat\datasets\LUNA 16\classification\subset0\1\1_aug\21_20.npy
1,D:\Doctorat\datasets\LUNA 16\classification\subset0\1\1_aug\21_26.npy
1,D:\Doctorat\datasets\LUNA 16\classification\subset0\1\1_aug\21_28.npy
1,D:\Doctorat\datasets\LUNA 16\classification\subset0\1\1_aug\21_32.npy
1,D:\Doctorat\datasets\LUNA 16\classification\subset0\1\1_aug\21_5.npy
1,D:\Doctorat\datasets\LUNA 16\classification\subset0\1\1_aug\21_6.npy
1,D:\Doctorat\datasets\LUNA 16\classification\subset0\1\1_aug\22_13.npy
1,D:\Doctorat\datasets\LUNA 16\classification\subset0\1\1_aug\22_14.npy
1,D:\Doctorat\datasets\LUNA 16\classification\subset0\1\1_aug\22_18.npy
1,D:\Doctorat\datasets\LUNA 16\classification\subset0\1\1_aug\22_2.npy
1,D:\Doctorat\datasets\LUNA 16\classification\subset0\1\1_aug\22_23.npy
1,D:\Doctorat\datasets\LUNA 16\classification\subset0\1\1_aug\22_26.npy
1,D:\Doctorat\datasets\LUNA 16\classification\subset0\1\1_aug\22_27.npy
1,D:\Doctorat\datasets\LUNA 16\classification\subset0\1\1_aug\23_11.npy
1,D:\Doctorat\datasets\LUNA 16\classification\subset0\1\1_aug\23_12.npy
1,D:\Doctorat\datasets\LUNA 16\classification\subset0\1\1_aug\23_21.npy
1,D:\Doctorat\datasets\LUNA 16\classification\subset0\1\1_aug\23_24.npy
1,D:\Doctorat\datasets\LUNA 16\classification\subset0\1\1_aug\23_29.npy
1,D:\Doctorat\datasets\LUNA 16\classification\subset0\1\1_aug\23_3.npy
1,D:\Doctorat\datasets\LUNA 16\classification\subset0\1\1_aug\23_32.npy
1,D:\Doctorat\datasets\LUNA 16\classification\subset0\1\1_aug\23_34.npy
1,D:\Doctorat\datasets\LUNA 16\classification\subset0\1\1_aug\23_36.npy
1,D:\Doctorat\datasets\LUNA 16\classification\subset0\1\1_aug\23_4.npy
1,D:\Doctorat\datasets\LUNA 16\classification\subset0\1\1_aug\24_17.npy
1,D:\Doctorat\datasets\LUNA 16\classification\subset0\1\1_aug\24_19.npy
1,D:\Doctorat\datasets\LUNA 16\classification\subset0\1\1_aug\24_24.npy
1,D:\Doctorat\datasets\LUNA 16\classification\subset0\1\1_aug\24_26.npy
1,D:\Doctorat\datasets\LUNA 16\classification\subset0\1\1_aug\24_27.npy
1,D:\Doctorat\datasets\LUNA 16\classification\subset0\1\1_aug\24_28.npy
1,D:\Doctorat\datasets\LUNA 16\classification\subset0\1\1_aug\24_30.npy
1,D:\Doctorat\datasets\LUNA 16\classification\subset0\1\1_aug\24_31.npy
1,D:\Doctorat\datasets\LUNA 16\classification\subset0\1\1_aug\24_7.npy
1,D:\Doctorat\datasets\LUNA 16\classification\subset0\1\1_aug\25_14.npy
1,D:\Doctorat\datasets\LUNA 16\classification\subset0\1\1_aug\25_16.npy
1,D:\Doctorat\datasets\LUNA 16\classification\subset0\1\1_aug\25_17.npy
1,D:\Doctorat\datasets\LUNA 16\classification\subset0\1\1_aug\25_19.npy
1,D:\Doctorat\datasets\LUNA 16\classification\subset0\1\1_aug\25_21.npy
1,D:\Doctorat\datasets\LUNA 16\classification\subset0\1\1_aug\25_22.npy
1,D:\Doctorat\datasets\LUNA 16\classification\subset0\1\1_aug\25_28.npy
1,D:\Doctorat\datasets\LUNA 16\classification\subset0\1\1_aug\25_33.npy
1,D:\Doctorat\datasets\LUNA 16\classification\subset0\1\1_aug\25_36.npy
1,D:\Doctorat\datasets\LUNA 16\classification\subset0\1\1_aug\25_40.npy
1,D:\Doctorat\datasets\LUNA 16\classification\subset0\1\1_aug\25_7.npy
1,D:\Doctorat\datasets\LUNA 16\classification\subset0\1\1_aug\26_1.npy
1,D:\Doctorat\datasets\LUNA 16\classification\subset0\1\1_aug\26_13.npy
1,D:\Doctorat\datasets\LUNA 16\classification\subset0\1\1_aug\26_14.npy
1,D:\Doctorat\datasets\LUNA 16\classification\subset0\1\1_aug\26_17.npy
1,D:\Doctorat\datasets\LUNA 16\classification\subset0\1\1_aug\26_19.npy
1,D:\Doctorat\datasets\LUNA 16\classification\subset0\1\1_aug\26_2.npy
1,D:\Doctorat\datasets\LUNA 16\classification\subset0\1\1_aug\26_35.npy
1,D:\Doctorat\datasets\LUNA 16\classification\subset0\1\1_aug\26_7.npy
1,D:\Doctorat\datasets\LUNA 16\classification\subset0\1\1_aug\26_8.npy
1,D:\Doctorat\datasets\LUNA 16\classification\subset0\1\1_aug\27_12.npy
1,D:\Doctorat\datasets\LUNA 16\classification\subset0\1\1_aug\27_14.npy
1,D:\Doctorat\datasets\LUNA 16\classification\subset0\1\1_aug\27_16.npy
1,D:\Doctorat\datasets\LUNA 16\classification\subset0\1\1_aug\27_17.npy
1,D:\Doctorat\datasets\LUNA 16\classification\subset0\1\1_aug\27_21.npy
1,D:\Doctorat\datasets\LUNA 16\classification\subset0\1\1_aug\27_25.npy
1,D:\Doctorat\datasets\LUNA 16\classification\subset0\1\1_aug\27_27.npy
1,D:\Doctorat\datasets\LUNA 16\classification\subset0\1\1_aug\27_37.npy
1,D:\Doctorat\datasets\LUNA 16\classification\subset0\1\1_aug\27_7.npy
1,D:\Doctorat\datasets\LUNA 16\classification\subset0\1\1_aug\28_12.npy
1,D:\Doctorat\datasets\LUNA 16\classification\subset0\1\1_aug\28_2.npy
1,D:\Doctorat\datasets\LUNA 16\classification\subset0\1\1_aug\28_21.npy
1,D:\Doctorat\datasets\LUNA 16\classification\subset0\1\1_aug\28_27.npy
1,D:\Doctorat\datasets\LUNA 16\classification\subset0\1\1_aug\28_29.npy
1,D:\Doctorat\datasets\LUNA 16\classification\subset0\1\1_aug\28_31.npy
1,D:\Doctorat\datasets\LUNA 16\classification\subset0\1\1_aug\28_39.npy
1,D:\Doctorat\datasets\LUNA 16\classification\subset0\1\1_aug\28_9.npy
1,D:\Doctorat\datasets\LUNA 16\classification\subset0\1\1_aug\29_12.npy
1,D:\Doctorat\datasets\LUNA 16\classification\subset0\1\1_aug\29_14.npy
1,D:\Doctorat\datasets\LUNA 16\classification\subset0\1\1_aug\29_15.npy
1,D:\Doctorat\datasets\LUNA 16\classification\subset0\1\1_aug\29_17.npy
1,D:\Doctorat\datasets\LUNA 16\classification\subset0\1\1_aug\29_18.npy
1,D:\Doctorat\datasets\LUNA 16\classification\subset0\1\1_aug\29_32.npy
1,D:\Doctorat\datasets\LUNA 16\classification\subset0\1\1_aug\29_7.npy
1,D:\Doctorat\datasets\LUNA 16\classification\subset0\1\1_aug\2_11.npy
1,D:\Doctorat\datasets\LUNA 16\classification\subset0\1\1_aug\2_14.npy
1,D:\Doctorat\datasets\LUNA 16\classification\subset0\1\1_aug\2_16.npy
1,D:\Doctorat\datasets\LUNA 16\classification\subset0\1\1_aug\2_18.npy
1,D:\Doctorat\datasets\LUNA 16\classification\subset0\1\1_aug\2_26.npy
1,D:\Doctorat\datasets\LUNA 16\classification\subset0\1\1_aug\2_5.npy
1,D:\Doctorat\datasets\LUNA 16\classification\subset0\1\1_aug\2_6.npy
1,D:\Doctorat\datasets\LUNA 16\classification\subset0\1\1_aug\30_12.npy
1,D:\Doctorat\datasets\LUNA 16\classification\subset0\1\1_aug\30_23.npy
1,D:\Doctorat\datasets\LUNA 16\classification\subset0\1\1_aug\30_24.npy
1,D:\Doctorat\datasets\LUNA 16\classification\subset0\1\1_aug\30_32.npy
1,D:\Doctorat\datasets\LUNA 16\classification\subset0\1\1_aug\30_34.npy
1,D:\Doctorat\datasets\LUNA 16\classification\subset0\1\1_aug\30_6.npy
1,D:\Doctorat\datasets\LUNA 16\classification\subset0\1\1_aug\30_9.npy
1,D:\Doctorat\datasets\LUNA 16\classification\subset0\1\1_aug\31_12.npy
1,D:\Doctorat\datasets\LUNA 16\classification\subset0\1\1_aug\31_20.npy
1,D:\Doctorat\datasets\LUNA 16\classification\subset0\1\1_aug\31_23.npy
1,D:\Doctorat\datasets\LUNA 16\classification\subset0\1\1_aug\31_26.npy
1,D:\Doctorat\datasets\LUNA 16\classification\subset0\1\1_aug\31_33.npy
1,D:\Doctorat\datasets\LUNA 16\classification\subset0\1\1_aug\32_20.npy
1,D:\Doctorat\datasets\LUNA 16\classification\subset0\1\1_aug\32_21.npy
1,D:\Doctorat\datasets\LUNA 16\classification\subset0\1\1_aug\32_22.npy
1,D:\Doctorat\datasets\LUNA 16\classification\subset0\1\1_aug\32_23.npy
1,D:\Doctorat\datasets\LUNA 16\classification\subset0\1\1_aug\32_31.npy
1,D:\Doctorat\datasets\LUNA 16\classification\subset0\1\1_aug\32_35.npy
1,D:\Doctorat\datasets\LUNA 16\classification\subset0\1\1_aug\32_4.npy
1,D:\Doctorat\datasets\LUNA 16\classification\subset0\1\1_aug\32_6.npy
1,D:\Doctorat\datasets\LUNA 16\classification\subset0\1\1_aug\33_10.npy
1,D:\Doctorat\datasets\LUNA 16\classification\subset0\1\1_aug\33_13.npy
1,D:\Doctorat\datasets\LUNA 16\classification\subset0\1\1_aug\33_21.npy
1,D:\Doctorat\datasets\LUNA 16\classification\subset0\1\1_aug\33_22.npy
1,D:\Doctorat\datasets\LUNA 16\classification\subset0\1\1_aug\33_26.npy
1,D:\Doctorat\datasets\LUNA 16\classification\subset0\1\1_aug\33_27.npy
1,D:\Doctorat\datasets\LUNA 16\classification\subset0\1\1_aug\33_29.npy
1,D:\Doctorat\datasets\LUNA 16\classification\subset0\1\1_aug\33_3.npy
1,D:\Doctorat\datasets\LUNA 16\classification\subset0\1\1_aug\33_31.npy
1,D:\Doctorat\datasets\LUNA 16\classification\subset0\1\1_aug\33_32.npy
1,D:\Doctorat\datasets\LUNA 16\classification\subset0\1\1_aug\33_35.npy
1,D:\Doctorat\datasets\LUNA 16\classification\subset0\1\1_aug\33_37.npy
1,D:\Doctorat\datasets\LUNA 16\classification\subset0\1\1_aug\33_9.npy
1,D:\Doctorat\datasets\LUNA 16\classification\subset0\1\1_aug\34_10.npy
1,D:\Doctorat\datasets\LUNA 16\classification\subset0\1\1_aug\34_12.npy
1,D:\Doctorat\datasets\LUNA 16\classification\subset0\1\1_aug\34_20.npy
1,D:\Doctorat\datasets\LUNA 16\classification\subset0\1\1_aug\34_23.npy
1,D:\Doctorat\datasets\LUNA 16\classification\subset0\1\1_aug\34_28.npy
1,D:\Doctorat\datasets\LUNA 16\classification\subset0\1\1_aug\34_35.npy
1,D:\Doctorat\datasets\LUNA 16\classification\subset0\1\1_aug\34_6.npy
1,D:\Doctorat\datasets\LUNA 16\classification\subset0\1\1_aug\34_7.npy
1,D:\Doctorat\datasets\LUNA 16\classification\subset0\1\1_aug\35_10.npy
1,D:\Doctorat\datasets\LUNA 16\classification\subset0\1\1_aug\35_12.npy
1,D:\Doctorat\datasets\LUNA 16\classification\subset0\1\1_aug\35_17.npy
1,D:\Doctorat\datasets\LUNA 16\classification\subset0\1\1_aug\35_19.npy
1,D:\Doctorat\datasets\LUNA 16\classification\subset0\1\1_aug\35_36.npy
1,D:\Doctorat\datasets\LUNA 16\classification\subset0\1\1_aug\35_6.npy
1,D:\Doctorat\datasets\LUNA 16\classification\subset0\1\1_aug\36_11.npy
1,D:\Doctorat\datasets\LUNA 16\classification\subset0\1\1_aug\36_17.npy
1,D:\Doctorat\datasets\LUNA 16\classification\subset0\1\1_aug\36_23.npy
1,D:\Doctorat\datasets\LUNA 16\classification\subset0\1\1_aug\36_26.npy
1,D:\Doctorat\datasets\LUNA 16\classification\subset0\1\1_aug\36_33.npy
1,D:\Doctorat\datasets\LUNA 16\classification\subset0\1\1_aug\36_39.npy
1,D:\Doctorat\datasets\LUNA 16\classification\subset0\1\1_aug\36_7.npy
1,D:\Doctorat\datasets\LUNA 16\classification\subset0\1\1_aug\37_11.npy
1,D:\Doctorat\datasets\LUNA 16\classification\subset0\1\1_aug\37_18.npy
1,D:\Doctorat\datasets\LUNA 16\classification\subset0\1\1_aug\37_22.npy
1,D:\Doctorat\datasets\LUNA 16\classification\subset0\1\1_aug\37_29.npy
1,D:\Doctorat\datasets\LUNA 16\classification\subset0\1\1_aug\37_30.npy
1,D:\Doctorat\datasets\LUNA 16\classification\subset0\1\1_aug\37_34.npy
1,D:\Doctorat\datasets\LUNA 16\classification\subset0\1\1_aug\37_35.npy
1,D:\Doctorat\datasets\LUNA 16\classification\subset0\1\1_aug\37_37.npy
1,D:\Doctorat\datasets\LUNA 16\classification\subset0\1\1_aug\37_40.npy
1,D:\Doctorat\datasets\LUNA 16\classification\subset0\1\1_aug\38_11.npy
1,D:\Doctorat\datasets\LUNA 16\classification\subset0\1\1_aug\38_20.npy
1,D:\Doctorat\datasets\LUNA 16\classification\subset0\1\1_aug\38_25.npy
1,D:\Doctorat\datasets\LUNA 16\classification\subset0\1\1_aug\38_38.npy
1,D:\Doctorat\datasets\LUNA 16\classification\subset0\1\1_aug\38_5.npy
1,D:\Doctorat\datasets\LUNA 16\classification\subset0\1\1_aug\39_10.npy
1,D:\Doctorat\datasets\LUNA 16\classification\subset0\1\1_aug\39_11.npy
1,D:\Doctorat\datasets\LUNA 16\classification\subset0\1\1_aug\39_15.npy
1,D:\Doctorat\datasets\LUNA 16\classification\subset0\1\1_aug\39_29.npy
1,D:\Doctorat\datasets\LUNA 16\classification\subset0\1\1_aug\39_37.npy
1,D:\Doctorat\datasets\LUNA 16\classification\subset0\1\1_aug\39_38.npy
1,D:\Doctorat\datasets\LUNA 16\classification\subset0\1\1_aug\3_21.npy
1,D:\Doctorat\datasets\LUNA 16\classification\subset0\1\1_aug\3_27.npy
1,D:\Doctorat\datasets\LUNA 16\classification\subset0\1\1_aug\3_36.npy
1,D:\Doctorat\datasets\LUNA 16\classification\subset0\1\1_aug\3_40.npy
1,D:\Doctorat\datasets\LUNA 16\classification\subset0\1\1_aug\3_7.npy
1,D:\Doctorat\datasets\LUNA 16\classification\subset0\1\1_aug\3_9.npy
1,D:\Doctorat\datasets\LUNA 16\classification\subset0\1\1_aug\40_18.npy
1,D:\Doctorat\datasets\LUNA 16\classification\subset0\1\1_aug\40_2.npy
1,D:\Doctorat\datasets\LUNA 16\classification\subset0\1\1_aug\40_23.npy
1,D:\Doctorat\datasets\LUNA 16\classification\subset0\1\1_aug\40_25.npy
1,D:\Doctorat\datasets\LUNA 16\classification\subset0\1\1_aug\40_32.npy
1,D:\Doctorat\datasets\LUNA 16\classification\subset0\1\1_aug\40_4.npy
1,D:\Doctorat\datasets\LUNA 16\classification\subset0\1\1_aug\40_7.npy
1,D:\Doctorat\datasets\LUNA 16\classification\subset0\1\1_aug\40_8.npy
1,D:\Doctorat\datasets\LUNA 16\classification\subset0\1\1_aug\41_1.npy
1,D:\Doctorat\datasets\LUNA 16\classification\subset0\1\1_aug\41_10.npy
1,D:\Doctorat\datasets\LUNA 16\classification\subset0\1\1_aug\41_16.npy
1,D:\Doctorat\datasets\LUNA 16\classification\subset0\1\1_aug\41_18.npy
1,D:\Doctorat\datasets\LUNA 16\classification\subset0\1\1_aug\41_26.npy
1,D:\Doctorat\datasets\LUNA 16\classification\subset0\1\1_aug\41_27.npy
1,D:\Doctorat\datasets\LUNA 16\classification\subset0\1\1_aug\41_4.npy
1,D:\Doctorat\datasets\LUNA 16\classification\subset0\1\1_aug\41_5.npy
1,D:\Doctorat\datasets\LUNA 16\classification\subset0\1\1_aug\41_6.npy
1,D:\Doctorat\datasets\LUNA 16\classification\subset0\1\1_aug\41_9.npy
1,D:\Doctorat\datasets\LUNA 16\classification\subset0\1\1_aug\42_11.npy
1,D:\Doctorat\datasets\LUNA 16\classification\subset0\1\1_aug\42_20.npy
1,D:\Doctorat\datasets\LUNA 16\classification\subset0\1\1_aug\42_22.npy
1,D:\Doctorat\datasets\LUNA 16\classification\subset0\1\1_aug\42_23.npy
1,D:\Doctorat\datasets\LUNA 16\classification\subset0\1\1_aug\42_26.npy
1,D:\Doctorat\datasets\LUNA 16\classification\subset0\1\1_aug\42_27.npy
1,D:\Doctorat\datasets\LUNA 16\classification\subset0\1\1_aug\42_30.npy
1,D:\Doctorat\datasets\LUNA 16\classification\subset0\1\1_aug\42_36.npy
1,D:\Doctorat\datasets\LUNA 16\classification\subset0\1\1_aug\42_38.npy
1,D:\Doctorat\datasets\LUNA 16\classification\subset0\1\1_aug\42_7.npy
1,D:\Doctorat\datasets\LUNA 16\classification\subset0\1\1_aug\42_8.npy
1,D:\Doctorat\datasets\LUNA 16\classification\subset0\1\1_aug\43_22.npy
1,D:\Doctorat\datasets\LUNA 16\classification\subset0\1\1_aug\43_24.npy
1,D:\Doctorat\datasets\LUNA 16\classification\subset0\1\1_aug\43_26.npy
1,D:\Doctorat\datasets\LUNA 16\classification\subset0\1\1_aug\43_31.npy
1,D:\Doctorat\datasets\LUNA 16\classification\subset0\1\1_aug\43_36.npy
1,D:\Doctorat\datasets\LUNA 16\classification\subset0\1\1_aug\43_5.npy
1,D:\Doctorat\datasets\LUNA 16\classification\subset0\1\1_aug\43_7.npy
1,D:\Doctorat\datasets\LUNA 16\classification\subset0\1\1_aug\44_11.npy
1,D:\Doctorat\datasets\LUNA 16\classification\subset0\1\1_aug\44_21.npy
1,D:\Doctorat\datasets\LUNA 16\classification\subset0\1\1_aug\44_22.npy
1,D:\Doctorat\datasets\LUNA 16\classification\subset0\1\1_aug\44_24.npy
1,D:\Doctorat\datasets\LUNA 16\classification\subset0\1\1_aug\44_33.npy
1,D:\Doctorat\datasets\LUNA 16\classification\subset0\1\1_aug\44_34.npy
1,D:\Doctorat\datasets\LUNA 16\classification\subset0\1\1_aug\45_10.npy
1,D:\Doctorat\datasets\LUNA 16\classification\subset0\1\1_aug\45_17.npy
1,D:\Doctorat\datasets\LUNA 16\classification\subset0\1\1_aug\45_20.npy
1,D:\Doctorat\datasets\LUNA 16\classification\subset0\1\1_aug\45_21.npy
1,D:\Doctorat\datasets\LUNA 16\classification\subset0\1\1_aug\45_23.npy
1,D:\Doctorat\datasets\LUNA 16\classification\subset0\1\1_aug\45_26.npy
1,D:\Doctorat\datasets\LUNA 16\classification\subset0\1\1_aug\45_36.npy
1,D:\Doctorat\datasets\LUNA 16\classification\subset0\1\1_aug\45_40.npy
1,D:\Doctorat\datasets\LUNA 16\classification\subset0\1\1_aug\46_10.npy
1,D:\Doctorat\datasets\LUNA 16\classification\subset0\1\1_aug\46_11.npy
1,D:\Doctorat\datasets\LUNA 16\classification\subset0\1\1_aug\46_12.npy
1,D:\Doctorat\datasets\LUNA 16\classification\subset0\1\1_aug\46_13.npy
1,D:\Doctorat\datasets\LUNA 16\classification\subset0\1\1_aug\46_18.npy
1,D:\Doctorat\datasets\LUNA 16\classification\subset0\1\1_aug\46_20.npy
1,D:\Doctorat\datasets\LUNA 16\classification\subset0\1\1_aug\46_25.npy
1,D:\Doctorat\datasets\LUNA 16\classification\subset0\1\1_aug\46_26.npy
1,D:\Doctorat\datasets\LUNA 16\classification\subset0\1\1_aug\46_27.npy
1,D:\Doctorat\datasets\LUNA 16\classification\subset0\1\1_aug\46_32.npy
1,D:\Doctorat\datasets\LUNA 16\classification\subset0\1\1_aug\46_33.npy
1,D:\Doctorat\datasets\LUNA 16\classification\subset0\1\1_aug\46_36.npy
1,D:\Doctorat\datasets\LUNA 16\classification\subset0\1\1_aug\46_37.npy
1,D:\Doctorat\datasets\LUNA 16\classification\subset0\1\1_aug\46_5.npy
1,D:\Doctorat\datasets\LUNA 16\classification\subset0\1\1_aug\46_8.npy
1,D:\Doctorat\datasets\LUNA 16\classification\subset0\1\1_aug\47_15.npy
1,D:\Doctorat\datasets\LUNA 16\classification\subset0\1\1_aug\47_21.npy
1,D:\Doctorat\datasets\LUNA 16\classification\subset0\1\1_aug\47_27.npy
1,D:\Doctorat\datasets\LUNA 16\classification\subset0\1\1_aug\47_29.npy
1,D:\Doctorat\datasets\LUNA 16\classification\subset0\1\1_aug\47_35.npy
1,D:\Doctorat\datasets\LUNA 16\classification\subset0\1\1_aug\47_37.npy
1,D:\Doctorat\datasets\LUNA 16\classification\subset0\1\1_aug\47_6.npy
1,D:\Doctorat\datasets\LUNA 16\classification\subset0\1\1_aug\47_7.npy
1,D:\Doctorat\datasets\LUNA 16\classification\subset0\1\1_aug\48_1.npy
1,D:\Doctorat\datasets\LUNA 16\classification\subset0\1\1_aug\48_10.npy
1,D:\Doctorat\datasets\LUNA 16\classification\subset0\1\1_aug\48_15.npy
1,D:\Doctorat\datasets\LUNA 16\classification\subset0\1\1_aug\48_17.npy
1,D:\Doctorat\datasets\LUNA 16\classification\subset0\1\1_aug\48_26.npy
1,D:\Doctorat\datasets\LUNA 16\classification\subset0\1\1_aug\48_28.npy
1,D:\Doctorat\datasets\LUNA 16\classification\subset0\1\1_aug\48_37.npy
1,D:\Doctorat\datasets\LUNA 16\classification\subset0\1\1_aug\48_5.npy
1,D:\Doctorat\datasets\LUNA 16\classification\subset0\1\1_aug\49_10.npy
1,D:\Doctorat\datasets\LUNA 16\classification\subset0\1\1_aug\49_13.npy
1,D:\Doctorat\datasets\LUNA 16\classification\subset0\1\1_aug\49_16.npy
1,D:\Doctorat\datasets\LUNA 16\classification\subset0\1\1_aug\49_17.npy
1,D:\Doctorat\datasets\LUNA 16\classification\subset0\1\1_aug\49_26.npy
1,D:\Doctorat\datasets\LUNA 16\classification\subset0\1\1_aug\49_30.npy
1,D:\Doctorat\datasets\LUNA 16\classification\subset0\1\1_aug\49_32.npy
1,D:\Doctorat\datasets\LUNA 16\classification\subset0\1\1_aug\49_35.npy
1,D:\Doctorat\datasets\LUNA 16\classification\subset0\1\1_aug\49_37.npy
1,D:\Doctorat\datasets\LUNA 16\classification\subset0\1\1_aug\49_39.npy
1,D:\Doctorat\datasets\LUNA 16\classification\subset0\1\1_aug\49_4.npy
1,D:\Doctorat\datasets\LUNA 16\classification\subset0\1\1_aug\49_40.npy
1,D:\Doctorat\datasets\LUNA 16\classification\subset0\1\1_aug\49_5.npy
1,D:\Doctorat\datasets\LUNA 16\classification\subset0\1\1_aug\49_6.npy
1,D:\Doctorat\datasets\LUNA 16\classification\subset0\1\1_aug\49_8.npy
1,D:\Doctorat\datasets\LUNA 16\classification\subset0\1\1_aug\4_11.npy
1,D:\Doctorat\datasets\LUNA 16\classification\subset0\1\1_aug\4_17.npy
1,D:\Doctorat\datasets\LUNA 16\classification\subset0\1\1_aug\4_18.npy
1,D:\Doctorat\datasets\LUNA 16\classification\subset0\1\1_aug\4_23.npy
1,D:\Doctorat\datasets\LUNA 16\classification\subset0\1\1_aug\4_27.npy
1,D:\Doctorat\datasets\LUNA 16\classification\subset0\1\1_aug\4_29.npy
1,D:\Doctorat\datasets\LUNA 16\classification\subset0\1\1_aug\4_31.npy
1,D:\Doctorat\datasets\LUNA 16\classification\subset0\1\1_aug\4_34.npy
1,D:\Doctorat\datasets\LUNA 16\classification\subset0\1\1_aug\4_39.npy
1,D:\Doctorat\datasets\LUNA 16\classification\subset0\1\1_aug\4_7.npy
1,D:\Doctorat\datasets\LUNA 16\classification\subset0\1\1_aug\50_13.npy
1,D:\Doctorat\datasets\LUNA 16\classification\subset0\1\1_aug\50_16.npy
1,D:\Doctorat\datasets\LUNA 16\classification\subset0\1\1_aug\50_19.npy
1,D:\Doctorat\datasets\LUNA 16\classification\subset0\1\1_aug\50_36.npy
1,D:\Doctorat\datasets\LUNA 16\classification\subset0\1\1_aug\50_8.npy
1,D:\Doctorat\datasets\LUNA 16\classification\subset0\1\1_aug\51_1.npy
1,D:\Doctorat\datasets\LUNA 16\classification\subset0\1\1_aug\51_18.npy
1,D:\Doctorat\datasets\LUNA 16\classification\subset0\1\1_aug\51_19.npy
1,D:\Doctorat\datasets\LUNA 16\classification\subset0\1\1_aug\51_21.npy
1,D:\Doctorat\datasets\LUNA 16\classification\subset0\1\1_aug\51_23.npy
1,D:\Doctorat\datasets\LUNA 16\classification\subset0\1\1_aug\51_28.npy
1,D:\Doctorat\datasets\LUNA 16\classification\subset0\1\1_aug\51_30.npy
1,D:\Doctorat\datasets\LUNA 16\classification\subset0\1\1_aug\51_31.npy
1,D:\Doctorat\datasets\LUNA 16\classification\subset0\1\1_aug\51_7.npy
1,D:\Doctorat\datasets\LUNA 16\classification\subset0\1\1_aug\52_13.npy
1,D:\Doctorat\datasets\LUNA 16\classification\subset0\1\1_aug\52_14.npy
1,D:\Doctorat\datasets\LUNA 16\classification\subset0\1\1_aug\52_15.npy
1,D:\Doctorat\datasets\LUNA 16\classification\subset0\1\1_aug\52_19.npy
1,D:\Doctorat\datasets\LUNA 16\classification\subset0\1\1_aug\52_20.npy
1,D:\Doctorat\datasets\LUNA 16\classification\subset0\1\1_aug\52_21.npy
1,D:\Doctorat\datasets\LUNA 16\classification\subset0\1\1_aug\52_3.npy
1,D:\Doctorat\datasets\LUNA 16\classification\subset0\1\1_aug\52_38.npy
1,D:\Doctorat\datasets\LUNA 16\classification\subset0\1\1_aug\52_7.npy
1,D:\Doctorat\datasets\LUNA 16\classification\subset0\1\1_aug\53_15.npy
1,D:\Doctorat\datasets\LUNA 16\classification\subset0\1\1_aug\53_16.npy
1,D:\Doctorat\datasets\LUNA 16\classification\subset0\1\1_aug\53_2.npy
1,D:\Doctorat\datasets\LUNA 16\classification\subset0\1\1_aug\53_20.npy
1,D:\Doctorat\datasets\LUNA 16\classification\subset0\1\1_aug\53_26.npy
1,D:\Doctorat\datasets\LUNA 16\classification\subset0\1\1_aug\53_37.npy
1,D:\Doctorat\datasets\LUNA 16\classification\subset0\1\1_aug\53_39.npy
1,D:\Doctorat\datasets\LUNA 16\classification\subset0\1\1_aug\54_10.npy
1,D:\Doctorat\datasets\LUNA 16\classification\subset0\1\1_aug\54_11.npy
1,D:\Doctorat\datasets\LUNA 16\classification\subset0\1\1_aug\54_12.npy
1,D:\Doctorat\datasets\LUNA 16\classification\subset0\1\1_aug\54_16.npy
1,D:\Doctorat\datasets\LUNA 16\classification\subset0\1\1_aug\54_18.npy
1,D:\Doctorat\datasets\LUNA 16\classification\subset0\1\1_aug\54_23.npy
1,D:\Doctorat\datasets\LUNA 16\classification\subset0\1\1_aug\54_25.npy
1,D:\Doctorat\datasets\LUNA 16\classification\subset0\1\1_aug\54_36.npy
1,D:\Doctorat\datasets\LUNA 16\classification\subset0\1\1_aug\54_37.npy
1,D:\Doctorat\datasets\LUNA 16\classification\subset0\1\1_aug\54_38.npy
1,D:\Doctorat\datasets\LUNA 16\classification\subset0\1\1_aug\54_4.npy
1,D:\Doctorat\datasets\LUNA 16\classification\subset0\1\1_aug\54_40.npy
1,D:\Doctorat\datasets\LUNA 16\classification\subset0\1\1_aug\54_9.npy
1,D:\Doctorat\datasets\LUNA 16\classification\subset0\1\1_aug\55_14.npy
1,D:\Doctorat\datasets\LUNA 16\classification\subset0\1\1_aug\55_17.npy
1,D:\Doctorat\datasets\LUNA 16\classification\subset0\1\1_aug\55_18.npy
1,D:\Doctorat\datasets\LUNA 16\classification\subset0\1\1_aug\55_28.npy
1,D:\Doctorat\datasets\LUNA 16\classification\subset0\1\1_aug\55_3.npy
1,D:\Doctorat\datasets\LUNA 16\classification\subset0\1\1_aug\55_31.npy
1,D:\Doctorat\datasets\LUNA 16\classification\subset0\1\1_aug\55_38.npy
1,D:\Doctorat\datasets\LUNA 16\classification\subset0\1\1_aug\55_8.npy
1,D:\Doctorat\datasets\LUNA 16\classification\subset0\1\1_aug\56_11.npy
1,D:\Doctorat\datasets\LUNA 16\classification\subset0\1\1_aug\56_17.npy
1,D:\Doctorat\datasets\LUNA 16\classification\subset0\1\1_aug\56_19.npy
1,D:\Doctorat\datasets\LUNA 16\classification\subset0\1\1_aug\56_27.npy
1,D:\Doctorat\datasets\LUNA 16\classification\subset0\1\1_aug\56_28.npy
1,D:\Doctorat\datasets\LUNA 16\classification\subset0\1\1_aug\56_29.npy
1,D:\Doctorat\datasets\LUNA 16\classification\subset0\1\1_aug\56_32.npy
1,D:\Doctorat\datasets\LUNA 16\classification\subset0\1\1_aug\56_36.npy
1,D:\Doctorat\datasets\LUNA 16\classification\subset0\1\1_aug\56_39.npy
1,D:\Doctorat\datasets\LUNA 16\classification\subset0\1\1_aug\56_6.npy
1,D:\Doctorat\datasets\LUNA 16\classification\subset0\1\1_aug\56_7.npy
1,D:\Doctorat\datasets\LUNA 16\classification\subset0\1\1_aug\56_8.npy
1,D:\Doctorat\datasets\LUNA 16\classification\subset0\1\1_aug\57_18.npy
1,D:\Doctorat\datasets\LUNA 16\classification\subset0\1\1_aug\57_20.npy
1,D:\Doctorat\datasets\LUNA 16\classification\subset0\1\1_aug\57_21.npy
1,D:\Doctorat\datasets\LUNA 16\classification\subset0\1\1_aug\57_30.npy
1,D:\Doctorat\datasets\LUNA 16\classification\subset0\1\1_aug\57_33.npy
1,D:\Doctorat\datasets\LUNA 16\classification\subset0\1\1_aug\57_39.npy
1,D:\Doctorat\datasets\LUNA 16\classification\subset0\1\1_aug\57_5.npy
1,D:\Doctorat\datasets\LUNA 16\classification\subset0\1\1_aug\58_11.npy
1,D:\Doctorat\datasets\LUNA 16\classification\subset0\1\1_aug\58_22.npy
1,D:\Doctorat\datasets\LUNA 16\classification\subset0\1\1_aug\58_24.npy
1,D:\Doctorat\datasets\LUNA 16\classification\subset0\1\1_aug\58_26.npy
1,D:\Doctorat\datasets\LUNA 16\classification\subset0\1\1_aug\58_3.npy
1,D:\Doctorat\datasets\LUNA 16\classification\subset0\1\1_aug\58_31.npy
1,D:\Doctorat\datasets\LUNA 16\classification\subset0\1\1_aug\58_33.npy
1,D:\Doctorat\datasets\LUNA 16\classification\subset0\1\1_aug\58_34.npy
1,D:\Doctorat\datasets\LUNA 16\classification\subset0\1\1_aug\58_37.npy
1,D:\Doctorat\datasets\LUNA 16\classification\subset0\1\1_aug\58_7.npy
1,D:\Doctorat\datasets\LUNA 16\classification\subset0\1\1_aug\59_15.npy
1,D:\Doctorat\datasets\LUNA 16\classification\subset0\1\1_aug\59_27.npy
1,D:\Doctorat\datasets\LUNA 16\classification\subset0\1\1_aug\59_3.npy
1,D:\Doctorat\datasets\LUNA 16\classification\subset0\1\1_aug\59_37.npy
1,D:\Doctorat\datasets\LUNA 16\classification\subset0\1\1_aug\5_10.npy
1,D:\Doctorat\datasets\LUNA 16\classification\subset0\1\1_aug\5_11.npy
1,D:\Doctorat\datasets\LUNA 16\classification\subset0\1\1_aug\5_20.npy
1,D:\Doctorat\datasets\LUNA 16\classification\subset0\1\1_aug\5_21.npy
1,D:\Doctorat\datasets\LUNA 16\classification\subset0\1\1_aug\5_28.npy
1,D:\Doctorat\datasets\LUNA 16\classification\subset0\1\1_aug\5_33.npy
1,D:\Doctorat\datasets\LUNA 16\classification\subset0\1\1_aug\5_39.npy
1,D:\Doctorat\datasets\LUNA 16\classification\subset0\1\1_aug\5_7.npy
1,D:\Doctorat\datasets\LUNA 16\classification\subset0\1\1_aug\60_1.npy
1,D:\Doctorat\datasets\LUNA 16\classification\subset0\1\1_aug\60_10.npy
1,D:\Doctorat\datasets\LUNA 16\classification\subset0\1\1_aug\60_15.npy
1,D:\Doctorat\datasets\LUNA 16\classification\subset0\1\1_aug\60_16.npy
1,D:\Doctorat\datasets\LUNA 16\classification\subset0\1\1_aug\60_22.npy
1,D:\Doctorat\datasets\LUNA 16\classification\subset0\1\1_aug\60_25.npy
1,D:\Doctorat\datasets\LUNA 16\classification\subset0\1\1_aug\60_26.npy
1,D:\Doctorat\datasets\LUNA 16\classification\subset0\1\1_aug\60_27.npy
1,D:\Doctorat\datasets\LUNA 16\classification\subset0\1\1_aug\60_35.npy
1,D:\Doctorat\datasets\LUNA 16\classification\subset0\1\1_aug\60_37.npy
1,D:\Doctorat\datasets\LUNA 16\classification\subset0\1\1_aug\60_9.npy
1,D:\Doctorat\datasets\LUNA 16\classification\subset0\1\1_aug\61_1.npy
1,D:\Doctorat\datasets\LUNA 16\classification\subset0\1\1_aug\61_12.npy
1,D:\Doctorat\datasets\LUNA 16\classification\subset0\1\1_aug\61_15.npy
1,D:\Doctorat\datasets\LUNA 16\classification\subset0\1\1_aug\61_17.npy
1,D:\Doctorat\datasets\LUNA 16\classification\subset0\1\1_aug\61_19.npy
1,D:\Doctorat\datasets\LUNA 16\classification\subset0\1\1_aug\61_22.npy
1,D:\Doctorat\datasets\LUNA 16\classification\subset0\1\1_aug\61_24.npy
1,D:\Doctorat\datasets\LUNA 16\classification\subset0\1\1_aug\61_5.npy
1,D:\Doctorat\datasets\LUNA 16\classification\subset0\1\1_aug\62_12.npy
1,D:\Doctorat\datasets\LUNA 16\classification\subset0\1\1_aug\62_17.npy
1,D:\Doctorat\datasets\LUNA 16\classification\subset0\1\1_aug\62_24.npy
1,D:\Doctorat\datasets\LUNA 16\classification\subset0\1\1_aug\62_26.npy
1,D:\Doctorat\datasets\LUNA 16\classification\subset0\1\1_aug\62_29.npy
1,D:\Doctorat\datasets\LUNA 16\classification\subset0\1\1_aug\62_3.npy
1,D:\Doctorat\datasets\LUNA 16\classification\subset0\1\1_aug\62_33.npy
1,D:\Doctorat\datasets\LUNA 16\classification\subset0\1\1_aug\62_37.npy
1,D:\Doctorat\datasets\LUNA 16\classification\subset0\1\1_aug\62_38.npy
1,D:\Doctorat\datasets\LUNA 16\classification\subset0\1\1_aug\63_10.npy
1,D:\Doctorat\datasets\LUNA 16\classification\subset0\1\1_aug\63_14.npy
1,D:\Doctorat\datasets\LUNA 16\classification\subset0\1\1_aug\63_16.npy
1,D:\Doctorat\datasets\LUNA 16\classification\subset0\1\1_aug\63_19.npy
1,D:\Doctorat\datasets\LUNA 16\classification\subset0\1\1_aug\63_27.npy
1,D:\Doctorat\datasets\LUNA 16\classification\subset0\1\1_aug\63_3.npy
1,D:\Doctorat\datasets\LUNA 16\classification\subset0\1\1_aug\63_30.npy
1,D:\Doctorat\datasets\LUNA 16\classification\subset0\1\1_aug\63_33.npy
1,D:\Doctorat\datasets\LUNA 16\classification\subset0\1\1_aug\63_4.npy
1,D:\Doctorat\datasets\LUNA 16\classification\subset0\1\1_aug\63_6.npy
1,D:\Doctorat\datasets\LUNA 16\classification\subset0\1\1_aug\64_10.npy
1,D:\Doctorat\datasets\LUNA 16\classification\subset0\1\1_aug\64_23.npy
1,D:\Doctorat\datasets\LUNA 16\classification\subset0\1\1_aug\64_26.npy
1,D:\Doctorat\datasets\LUNA 16\classification\subset0\1\1_aug\64_32.npy
1,D:\Doctorat\datasets\LUNA 16\classification\subset0\1\1_aug\64_33.npy
1,D:\Doctorat\datasets\LUNA 16\classification\subset0\1\1_aug\64_37.npy
1,D:\Doctorat\datasets\LUNA 16\classification\subset0\1\1_aug\64_5.npy
1,D:\Doctorat\datasets\LUNA 16\classification\subset0\1\1_aug\64_6.npy
1,D:\Doctorat\datasets\LUNA 16\classification\subset0\1\1_aug\64_9.npy
1,D:\Doctorat\datasets\LUNA 16\classification\subset0\1\1_aug\65_18.npy
1,D:\Doctorat\datasets\LUNA 16\classification\subset0\1\1_aug\65_2.npy
1,D:\Doctorat\datasets\LUNA 16\classification\subset0\1\1_aug\65_21.npy
1,D:\Doctorat\datasets\LUNA 16\classification\subset0\1\1_aug\65_30.npy
1,D:\Doctorat\datasets\LUNA 16\classification\subset0\1\1_aug\65_32.npy
1,D:\Doctorat\datasets\LUNA 16\classification\subset0\1\1_aug\65_36.npy
1,D:\Doctorat\datasets\LUNA 16\classification\subset0\1\1_aug\65_39.npy
1,D:\Doctorat\datasets\LUNA 16\classification\subset0\1\1_aug\65_8.npy
1,D:\Doctorat\datasets\LUNA 16\classification\subset0\1\1_aug\66_23.npy
1,D:\Doctorat\datasets\LUNA 16\classification\subset0\1\1_aug\66_24.npy
1,D:\Doctorat\datasets\LUNA 16\classification\subset0\1\1_aug\66_29.npy
1,D:\Doctorat\datasets\LUNA 16\classification\subset0\1\1_aug\66_31.npy
1,D:\Doctorat\datasets\LUNA 16\classification\subset0\1\1_aug\66_35.npy
1,D:\Doctorat\datasets\LUNA 16\classification\subset0\1\1_aug\66_5.npy
1,D:\Doctorat\datasets\LUNA 16\classification\subset0\1\1_aug\66_6.npy
1,D:\Doctorat\datasets\LUNA 16\classification\subset0\1\1_aug\67_13.npy
1,D:\Doctorat\datasets\LUNA 16\classification\subset0\1\1_aug\67_22.npy
1,D:\Doctorat\datasets\LUNA 16\classification\subset0\1\1_aug\67_27.npy
1,D:\Doctorat\datasets\LUNA 16\classification\subset0\1\1_aug\67_29.npy
1,D:\Doctorat\datasets\LUNA 16\classification\subset0\1\1_aug\67_34.npy
1,D:\Doctorat\datasets\LUNA 16\classification\subset0\1\1_aug\67_4.npy
1,D:\Doctorat\datasets\LUNA 16\classification\subset0\1\1_aug\67_40.npy
1,D:\Doctorat\datasets\LUNA 16\classification\subset0\1\1_aug\67_6.npy
1,D:\Doctorat\datasets\LUNA 16\classification\subset0\1\1_aug\68_15.npy
1,D:\Doctorat\datasets\LUNA 16\classification\subset0\1\1_aug\68_18.npy
1,D:\Doctorat\datasets\LUNA 16\classification\subset0\1\1_aug\68_20.npy
1,D:\Doctorat\datasets\LUNA 16\classification\subset0\1\1_aug\68_21.npy
1,D:\Doctorat\datasets\LUNA 16\classification\subset0\1\1_aug\68_23.npy
1,D:\Doctorat\datasets\LUNA 16\classification\subset0\1\1_aug\68_37.npy
1,D:\Doctorat\datasets\LUNA 16\classification\subset0\1\1_aug\68_5.npy
1,D:\Doctorat\datasets\LUNA 16\classification\subset0\1\1_aug\68_6.npy
1,D:\Doctorat\datasets\LUNA 16\classification\subset0\1\1_aug\68_9.npy
1,D:\Doctorat\datasets\LUNA 16\classification\subset0\1\1_aug\69_16.npy
1,D:\Doctorat\datasets\LUNA 16\classification\subset0\1\1_aug\69_22.npy
1,D:\Doctorat\datasets\LUNA 16\classification\subset0\1\1_aug\69_23.npy
1,D:\Doctorat\datasets\LUNA 16\classification\subset0\1\1_aug\69_30.npy
1,D:\Doctorat\datasets\LUNA 16\classification\subset0\1\1_aug\69_34.npy
1,D:\Doctorat\datasets\LUNA 16\classification\subset0\1\1_aug\69_37.npy
1,D:\Doctorat\datasets\LUNA 16\classification\subset0\1\1_aug\69_40.npy
1,D:\Doctorat\datasets\LUNA 16\classification\subset0\1\1_aug\69_8.npy
1,D:\Doctorat\datasets\LUNA 16\classification\subset0\1\1_aug\6_15.npy
1,D:\Doctorat\datasets\LUNA 16\classification\subset0\1\1_aug\6_16.npy
1,D:\Doctorat\datasets\LUNA 16\classification\subset0\1\1_aug\6_2.npy
1,D:\Doctorat\datasets\LUNA 16\classification\subset0\1\1_aug\6_20.npy
1,D:\Doctorat\datasets\LUNA 16\classification\subset0\1\1_aug\6_37.npy
1,D:\Doctorat\datasets\LUNA 16\classification\subset0\1\1_aug\6_6.npy
1,D:\Doctorat\datasets\LUNA 16\classification\subset0\1\1_aug\70_18.npy
1,D:\Doctorat\datasets\LUNA 16\classification\subset0\1\1_aug\70_26.npy
1,D:\Doctorat\datasets\LUNA 16\classification\subset0\1\1_aug\70_29.npy
1,D:\Doctorat\datasets\LUNA 16\classification\subset0\1\1_aug\70_3.npy
1,D:\Doctorat\datasets\LUNA 16\classification\subset0\1\1_aug\70_34.npy
1,D:\Doctorat\datasets\LUNA 16\classification\subset0\1\1_aug\70_5.npy
1,D:\Doctorat\datasets\LUNA 16\classification\subset0\1\1_aug\70_9.npy
1,D:\Doctorat\datasets\LUNA 16\classification\subset0\1\1_aug\71_11.npy
1,D:\Doctorat\datasets\LUNA 16\classification\subset0\1\1_aug\71_20.npy
1,D:\Doctorat\datasets\LUNA 16\classification\subset0\1\1_aug\71_21.npy
1,D:\Doctorat\datasets\LUNA 16\classification\subset0\1\1_aug\71_23.npy
1,D:\Doctorat\datasets\LUNA 16\classification\subset0\1\1_aug\71_25.npy
1,D:\Doctorat\datasets\LUNA 16\classification\subset0\1\1_aug\71_29.npy
1,D:\Doctorat\datasets\LUNA 16\classification\subset0\1\1_aug\71_30.npy
1,D:\Doctorat\datasets\LUNA 16\classification\subset0\1\1_aug\71_40.npy
1,D:\Doctorat\datasets\LUNA 16\classification\subset0\1\1_aug\71_6.npy
1,D:\Doctorat\datasets\LUNA 16\classification\subset0\1\1_aug\72_11.npy
1,D:\Doctorat\datasets\LUNA 16\classification\subset0\1\1_aug\72_12.npy
1,D:\Doctorat\datasets\LUNA 16\classification\subset0\1\1_aug\72_18.npy
1,D:\Doctorat\datasets\LUNA 16\classification\subset0\1\1_aug\72_30.npy
1,D:\Doctorat\datasets\LUNA 16\classification\subset0\1\1_aug\72_38.npy
1,D:\Doctorat\datasets\LUNA 16\classification\subset0\1\1_aug\73_12.npy
1,D:\Doctorat\datasets\LUNA 16\classification\subset0\1\1_aug\73_20.npy
1,D:\Doctorat\datasets\LUNA 16\classification\subset0\1\1_aug\73_25.npy
1,D:\Doctorat\datasets\LUNA 16\classification\subset0\1\1_aug\73_38.npy
1,D:\Doctorat\datasets\LUNA 16\classification\subset0\1\1_aug\73_4.npy
1,D:\Doctorat\datasets\LUNA 16\classification\subset0\1\1_aug\73_5.npy
1,D:\Doctorat\datasets\LUNA 16\classification\subset0\1\1_aug\73_7.npy
1,D:\Doctorat\datasets\LUNA 16\classification\subset0\1\1_aug\74_14.npy
1,D:\Doctorat\datasets\LUNA 16\classification\subset0\1\1_aug\74_15.npy
1,D:\Doctorat\datasets\LUNA 16\classification\subset0\1\1_aug\74_22.npy
1,D:\Doctorat\datasets\LUNA 16\classification\subset0\1\1_aug\74_28.npy
1,D:\Doctorat\datasets\LUNA 16\classification\subset0\1\1_aug\74_31.npy
1,D:\Doctorat\datasets\LUNA 16\classification\subset0\1\1_aug\74_32.npy
1,D:\Doctorat\datasets\LUNA 16\classification\subset0\1\1_aug\74_34.npy
1,D:\Doctorat\datasets\LUNA 16\classification\subset0\1\1_aug\74_38.npy
1,D:\Doctorat\datasets\LUNA 16\classification\subset0\1\1_aug\74_39.npy
1,D:\Doctorat\datasets\LUNA 16\classification\subset0\1\1_aug\75_11.npy
1,D:\Doctorat\datasets\LUNA 16\classification\subset0\1\1_aug\75_12.npy
1,D:\Doctorat\datasets\LUNA 16\classification\subset0\1\1_aug\75_13.npy
1,D:\Doctorat\datasets\LUNA 16\classification\subset0\1\1_aug\75_14.npy
1,D:\Doctorat\datasets\LUNA 16\classification\subset0\1\1_aug\75_22.npy
1,D:\Doctorat\datasets\LUNA 16\classification\subset0\1\1_aug\75_27.npy
1,D:\Doctorat\datasets\LUNA 16\classification\subset0\1\1_aug\75_29.npy
1,D:\Doctorat\datasets\LUNA 16\classification\subset0\1\1_aug\75_8.npy
1,D:\Doctorat\datasets\LUNA 16\classification\subset0\1\1_aug\76_15.npy
1,D:\Doctorat\datasets\LUNA 16\classification\subset0\1\1_aug\76_17.npy
1,D:\Doctorat\datasets\LUNA 16\classification\subset0\1\1_aug\76_20.npy
1,D:\Doctorat\datasets\LUNA 16\classification\subset0\1\1_aug\76_21.npy
1,D:\Doctorat\datasets\LUNA 16\classification\subset0\1\1_aug\76_25.npy
1,D:\Doctorat\datasets\LUNA 16\classification\subset0\1\1_aug\76_33.npy
1,D:\Doctorat\datasets\LUNA 16\classification\subset0\1\1_aug\76_35.npy
1,D:\Doctorat\datasets\LUNA 16\classification\subset0\1\1_aug\76_37.npy
1,D:\Doctorat\datasets\LUNA 16\classification\subset0\1\1_aug\76_40.npy
1,D:\Doctorat\datasets\LUNA 16\classification\subset0\1\1_aug\77_13.npy
1,D:\Doctorat\datasets\LUNA 16\classification\subset0\1\1_aug\77_22.npy
1,D:\Doctorat\datasets\LUNA 16\classification\subset0\1\1_aug\77_25.npy
1,D:\Doctorat\datasets\LUNA 16\classification\subset0\1\1_aug\77_28.npy
1,D:\Doctorat\datasets\LUNA 16\classification\subset0\1\1_aug\77_29.npy
1,D:\Doctorat\datasets\LUNA 16\classification\subset0\1\1_aug\77_33.npy
1,D:\Doctorat\datasets\LUNA 16\classification\subset0\1\1_aug\77_35.npy
1,D:\Doctorat\datasets\LUNA 16\classification\subset0\1\1_aug\77_7.npy
1,D:\Doctorat\datasets\LUNA 16\classification\subset0\1\1_aug\77_8.npy
1,D:\Doctorat\datasets\LUNA 16\classification\subset0\1\1_aug\78_14.npy
1,D:\Doctorat\datasets\LUNA 16\classification\subset0\1\1_aug\78_16.npy
1,D:\Doctorat\datasets\LUNA 16\classification\subset0\1\1_aug\78_25.npy
1,D:\Doctorat\datasets\LUNA 16\classification\subset0\1\1_aug\78_28.npy
1,D:\Doctorat\datasets\LUNA 16\classification\subset0\1\1_aug\78_30.npy
1,D:\Doctorat\datasets\LUNA 16\classification\subset0\1\1_aug\78_31.npy
1,D:\Doctorat\datasets\LUNA 16\classification\subset0\1\1_aug\78_4.npy
1,D:\Doctorat\datasets\LUNA 16\classification\subset0\1\1_aug\78_6.npy
1,D:\Doctorat\datasets\LUNA 16\classification\subset0\1\1_aug\78_7.npy
1,D:\Doctorat\datasets\LUNA 16\classification\subset0\1\1_aug\78_9.npy
1,D:\Doctorat\datasets\LUNA 16\classification\subset0\1\1_aug\79_1.npy
1,D:\Doctorat\datasets\LUNA 16\classification\subset0\1\1_aug\79_18.npy
1,D:\Doctorat\datasets\LUNA 16\classification\subset0\1\1_aug\79_23.npy
1,D:\Doctorat\datasets\LUNA 16\classification\subset0\1\1_aug\79_25.npy
1,D:\Doctorat\datasets\LUNA 16\classification\subset0\1\1_aug\79_27.npy
1,D:\Doctorat\datasets\LUNA 16\classification\subset0\1\1_aug\79_32.npy
1,D:\Doctorat\datasets\LUNA 16\classification\subset0\1\1_aug\79_5.npy
1,D:\Doctorat\datasets\LUNA 16\classification\subset0\1\1_aug\79_8.npy
1,D:\Doctorat\datasets\LUNA 16\classification\subset0\1\1_aug\7_18.npy
1,D:\Doctorat\datasets\LUNA 16\classification\subset0\1\1_aug\7_19.npy
1,D:\Doctorat\datasets\LUNA 16\classification\subset0\1\1_aug\7_35.npy
1,D:\Doctorat\datasets\LUNA 16\classification\subset0\1\1_aug\7_37.npy
1,D:\Doctorat\datasets\LUNA 16\classification\subset0\1\1_aug\7_40.npy
1,D:\Doctorat\datasets\LUNA 16\classification\subset0\1\1_aug\80_14.npy
1,D:\Doctorat\datasets\LUNA 16\classification\subset0\1\1_aug\80_2.npy
1,D:\Doctorat\datasets\LUNA 16\classification\subset0\1\1_aug\80_30.npy
1,D:\Doctorat\datasets\LUNA 16\classification\subset0\1\1_aug\80_32.npy
1,D:\Doctorat\datasets\LUNA 16\classification\subset0\1\1_aug\80_35.npy
1,D:\Doctorat\datasets\LUNA 16\classification\subset0\1\1_aug\80_38.npy
1,D:\Doctorat\datasets\LUNA 16\classification\subset0\1\1_aug\80_4.npy
1,D:\Doctorat\datasets\LUNA 16\classification\subset0\1\1_aug\80_6.npy
1,D:\Doctorat\datasets\LUNA 16\classification\subset0\1\1_aug\80_9.npy
1,D:\Doctorat\datasets\LUNA 16\classification\subset0\1\1_aug\81_17.npy
1,D:\Doctorat\datasets\LUNA 16\classification\subset0\1\1_aug\81_27.npy
1,D:\Doctorat\datasets\LUNA 16\classification\subset0\1\1_aug\81_29.npy
1,D:\Doctorat\datasets\LUNA 16\classification\subset0\1\1_aug\81_31.npy
1,D:\Doctorat\datasets\LUNA 16\classification\subset0\1\1_aug\81_7.npy
1,D:\Doctorat\datasets\LUNA 16\classification\subset0\1\1_aug\82_13.npy
1,D:\Doctorat\datasets\LUNA 16\classification\subset0\1\1_aug\82_14.npy
1,D:\Doctorat\datasets\LUNA 16\classification\subset0\1\1_aug\82_2.npy
1,D:\Doctorat\datasets\LUNA 16\classification\subset0\1\1_aug\82_25.npy
1,D:\Doctorat\datasets\LUNA 16\classification\subset0\1\1_aug\82_3.npy
1,D:\Doctorat\datasets\LUNA 16\classification\subset0\1\1_aug\82_37.npy
1,D:\Doctorat\datasets\LUNA 16\classification\subset0\1\1_aug\82_38.npy
1,D:\Doctorat\datasets\LUNA 16\classification\subset0\1\1_aug\82_39.npy
1,D:\Doctorat\datasets\LUNA 16\classification\subset0\1\1_aug\82_6.npy
1,D:\Doctorat\datasets\LUNA 16\classification\subset0\1\1_aug\82_8.npy
1,D:\Doctorat\datasets\LUNA 16\classification\subset0\1\1_aug\83_19.npy
1,D:\Doctorat\datasets\LUNA 16\classification\subset0\1\1_aug\83_21.npy
1,D:\Doctorat\datasets\LUNA 16\classification\subset0\1\1_aug\83_24.npy
1,D:\Doctorat\datasets\LUNA 16\classification\subset0\1\1_aug\83_25.npy
1,D:\Doctorat\datasets\LUNA 16\classification\subset0\1\1_aug\83_3.npy
1,D:\Doctorat\datasets\LUNA 16\classification\subset0\1\1_aug\83_34.npy
1,D:\Doctorat\datasets\LUNA 16\classification\subset0\1\1_aug\83_36.npy
1,D:\Doctorat\datasets\LUNA 16\classification\subset0\1\1_aug\83_38.npy
1,D:\Doctorat\datasets\LUNA 16\classification\subset0\1\1_aug\83_5.npy
1,D:\Doctorat\datasets\LUNA 16\classification\subset0\1\1_aug\83_6.npy
1,D:\Doctorat\datasets\LUNA 16\classification\subset0\1\1_aug\84_11.npy
1,D:\Doctorat\datasets\LUNA 16\classification\subset0\1\1_aug\84_12.npy
1,D:\Doctorat\datasets\LUNA 16\classification\subset0\1\1_aug\84_19.npy
1,D:\Doctorat\datasets\LUNA 16\classification\subset0\1\1_aug\84_20.npy
1,D:\Doctorat\datasets\LUNA 16\classification\subset0\1\1_aug\84_26.npy
1,D:\Doctorat\datasets\LUNA 16\classification\subset0\1\1_aug\84_29.npy
1,D:\Doctorat\datasets\LUNA 16\classification\subset0\1\1_aug\84_34.npy
1,D:\Doctorat\datasets\LUNA 16\classification\subset0\1\1_aug\84_6.npy
1,D:\Doctorat\datasets\LUNA 16\classification\subset0\1\1_aug\85_12.npy
1,D:\Doctorat\datasets\LUNA 16\classification\subset0\1\1_aug\85_15.npy
1,D:\Doctorat\datasets\LUNA 16\classification\subset0\1\1_aug\85_16.npy
1,D:\Doctorat\datasets\LUNA 16\classification\subset0\1\1_aug\85_25.npy
1,D:\Doctorat\datasets\LUNA 16\classification\subset0\1\1_aug\85_32.npy
1,D:\Doctorat\datasets\LUNA 16\classification\subset0\1\1_aug\85_33.npy
1,D:\Doctorat\datasets\LUNA 16\classification\subset0\1\1_aug\85_36.npy
1,D:\Doctorat\datasets\LUNA 16\classification\subset0\1\1_aug\86_1.npy
1,D:\Doctorat\datasets\LUNA 16\classification\subset0\1\1_aug\86_12.npy
1,D:\Doctorat\datasets\LUNA 16\classification\subset0\1\1_aug\86_18.npy
1,D:\Doctorat\datasets\LUNA 16\classification\subset0\1\1_aug\86_19.npy
1,D:\Doctorat\datasets\LUNA 16\classification\subset0\1\1_aug\86_23.npy
1,D:\Doctorat\datasets\LUNA 16\classification\subset0\1\1_aug\86_25.npy
1,D:\Doctorat\datasets\LUNA 16\classification\subset0\1\1_aug\86_26.npy
1,D:\Doctorat\datasets\LUNA 16\classification\subset0\1\1_aug\86_29.npy
1,D:\Doctorat\datasets\LUNA 16\classification\subset0\1\1_aug\86_37.npy
1,D:\Doctorat\datasets\LUNA 16\classification\subset0\1\1_aug\86_38.npy
1,D:\Doctorat\datasets\LUNA 16\classification\subset0\1\1_aug\86_4.npy
1,D:\Doctorat\datasets\LUNA 16\classification\subset0\1\1_aug\86_7.npy
1,D:\Doctorat\datasets\LUNA 16\classification\subset0\1\1_aug\86_8.npy
1,D:\Doctorat\datasets\LUNA 16\classification\subset0\1\1_aug\86_9.npy
1,D:\Doctorat\datasets\LUNA 16\classification\subset0\1\1_aug\87_13.npy
1,D:\Doctorat\datasets\LUNA 16\classification\subset0\1\1_aug\87_18.npy
1,D:\Doctorat\datasets\LUNA 16\classification\subset0\1\1_aug\87_24.npy
1,D:\Doctorat\datasets\LUNA 16\classification\subset0\1\1_aug\87_27.npy
1,D:\Doctorat\datasets\LUNA 16\classification\subset0\1\1_aug\87_3.npy
1,D:\Doctorat\datasets\LUNA 16\classification\subset0\1\1_aug\87_34.npy
1,D:\Doctorat\datasets\LUNA 16\classification\subset0\1\1_aug\87_38.npy
1,D:\Doctorat\datasets\LUNA 16\classification\subset0\1\1_aug\88_12.npy
1,D:\Doctorat\datasets\LUNA 16\classification\subset0\1\1_aug\88_13.npy
1,D:\Doctorat\datasets\LUNA 16\classification\subset0\1\1_aug\88_2.npy
1,D:\Doctorat\datasets\LUNA 16\classification\subset0\1\1_aug\88_35.npy
1,D:\Doctorat\datasets\LUNA 16\classification\subset0\1\1_aug\88_36.npy
1,D:\Doctorat\datasets\LUNA 16\classification\subset0\1\1_aug\88_39.npy
1,D:\Doctorat\datasets\LUNA 16\classification\subset0\1\1_aug\89_18.npy
1,D:\Doctorat\datasets\LUNA 16\classification\subset0\1\1_aug\89_21.npy
1,D:\Doctorat\datasets\LUNA 16\classification\subset0\1\1_aug\89_31.npy
1,D:\Doctorat\datasets\LUNA 16\classification\subset0\1\1_aug\89_32.npy
1,D:\Doctorat\datasets\LUNA 16\classification\subset0\1\1_aug\89_39.npy
1,D:\Doctorat\datasets\LUNA 16\classification\subset0\1\1_aug\8_13.npy
1,D:\Doctorat\datasets\LUNA 16\classification\subset0\1\1_aug\8_23.npy
1,D:\Doctorat\datasets\LUNA 16\classification\subset0\1\1_aug\8_26.npy
1,D:\Doctorat\datasets\LUNA 16\classification\subset0\1\1_aug\8_28.npy
1,D:\Doctorat\datasets\LUNA 16\classification\subset0\1\1_aug\8_3.npy
1,D:\Doctorat\datasets\LUNA 16\classification\subset0\1\1_aug\8_34.npy
1,D:\Doctorat\datasets\LUNA 16\classification\subset0\1\1_aug\90_12.npy
1,D:\Doctorat\datasets\LUNA 16\classification\subset0\1\1_aug\90_13.npy
1,D:\Doctorat\datasets\LUNA 16\classification\subset0\1\1_aug\90_15.npy
1,D:\Doctorat\datasets\LUNA 16\classification\subset0\1\1_aug\90_16.npy
1,D:\Doctorat\datasets\LUNA 16\classification\subset0\1\1_aug\90_17.npy
1,D:\Doctorat\datasets\LUNA 16\classification\subset0\1\1_aug\90_18.npy
1,D:\Doctorat\datasets\LUNA 16\classification\subset0\1\1_aug\90_19.npy
1,D:\Doctorat\datasets\LUNA 16\classification\subset0\1\1_aug\90_20.npy
1,D:\Doctorat\datasets\LUNA 16\classification\subset0\1\1_aug\90_23.npy
1,D:\Doctorat\datasets\LUNA 16\classification\subset0\1\1_aug\90_27.npy
1,D:\Doctorat\datasets\LUNA 16\classification\subset0\1\1_aug\90_5.npy
1,D:\Doctorat\datasets\LUNA 16\classification\subset0\1\1_aug\91_10.npy
1,D:\Doctorat\datasets\LUNA 16\classification\subset0\1\1_aug\91_13.npy
1,D:\Doctorat\datasets\LUNA 16\classification\subset0\1\1_aug\91_15.npy
1,D:\Doctorat\datasets\LUNA 16\classification\subset0\1\1_aug\91_18.npy
1,D:\Doctorat\datasets\LUNA 16\classification\subset0\1\1_aug\91_22.npy
1,D:\Doctorat\datasets\LUNA 16\classification\subset0\1\1_aug\91_28.npy
1,D:\Doctorat\datasets\LUNA 16\classification\subset0\1\1_aug\91_3.npy
1,D:\Doctorat\datasets\LUNA 16\classification\subset0\1\1_aug\91_32.npy
1,D:\Doctorat\datasets\LUNA 16\classification\subset0\1\1_aug\91_35.npy
1,D:\Doctorat\datasets\LUNA 16\classification\subset0\1\1_aug\91_4.npy
1,D:\Doctorat\datasets\LUNA 16\classification\subset0\1\1_aug\91_40.npy
1,D:\Doctorat\datasets\LUNA 16\classification\subset0\1\1_aug\91_5.npy
1,D:\Doctorat\datasets\LUNA 16\classification\subset0\1\1_aug\91_7.npy
1,D:\Doctorat\datasets\LUNA 16\classification\subset0\1\1_aug\92_10.npy
1,D:\Doctorat\datasets\LUNA 16\classification\subset0\1\1_aug\92_20.npy
1,D:\Doctorat\datasets\LUNA 16\classification\subset0\1\1_aug\92_27.npy
1,D:\Doctorat\datasets\LUNA 16\classification\subset0\1\1_aug\92_35.npy
1,D:\Doctorat\datasets\LUNA 16\classification\subset0\1\1_aug\92_39.npy
1,D:\Doctorat\datasets\LUNA 16\classification\subset0\1\1_aug\93_12.npy
1,D:\Doctorat\datasets\LUNA 16\classification\subset0\1\1_aug\93_18.npy
1,D:\Doctorat\datasets\LUNA 16\classification\subset0\1\1_aug\93_19.npy
1,D:\Doctorat\datasets\LUNA 16\classification\subset0\1\1_aug\93_26.npy
1,D:\Doctorat\datasets\LUNA 16\classification\subset0\1\1_aug\93_3.npy
1,D:\Doctorat\datasets\LUNA 16\classification\subset0\1\1_aug\93_37.npy
1,D:\Doctorat\datasets\LUNA 16\classification\subset0\1\1_aug\93_38.npy
1,D:\Doctorat\datasets\LUNA 16\classification\subset0\1\1_aug\93_8.npy
1,D:\Doctorat\datasets\LUNA 16\classification\subset0\1\1_aug\94_12.npy
1,D:\Doctorat\datasets\LUNA 16\classification\subset0\1\1_aug\94_19.npy
1,D:\Doctorat\datasets\LUNA 16\classification\subset0\1\1_aug\94_23.npy
1,D:\Doctorat\datasets\LUNA 16\classification\subset0\1\1_aug\94_24.npy
1,D:\Doctorat\datasets\LUNA 16\classification\subset0\1\1_aug\94_32.npy
1,D:\Doctorat\datasets\LUNA 16\classification\subset0\1\1_aug\95_14.npy
1,D:\Doctorat\datasets\LUNA 16\classification\subset0\1\1_aug\95_18.npy
1,D:\Doctorat\datasets\LUNA 16\classification\subset0\1\1_aug\95_2.npy
1,D:\Doctorat\datasets\LUNA 16\classification\subset0\1\1_aug\95_20.npy
1,D:\Doctorat\datasets\LUNA 16\classification\subset0\1\1_aug\95_21.npy
1,D:\Doctorat\datasets\LUNA 16\classification\subset0\1\1_aug\95_28.npy
1,D:\Doctorat\datasets\LUNA 16\classification\subset0\1\1_aug\95_29.npy
1,D:\Doctorat\datasets\LUNA 16\classification\subset0\1\1_aug\95_31.npy
1,D:\Doctorat\datasets\LUNA 16\classification\subset0\1\1_aug\95_34.npy
1,D:\Doctorat\datasets\LUNA 16\classification\subset0\1\1_aug\95_38.npy
1,D:\Doctorat\datasets\LUNA 16\classification\subset0\1\1_aug\95_4.npy
1,D:\Doctorat\datasets\LUNA 16\classification\subset0\1\1_aug\95_40.npy
1,D:\Doctorat\datasets\LUNA 16\classification\subset0\1\1_aug\95_8.npy
1,D:\Doctorat\datasets\LUNA 16\classification\subset0\1\1_aug\96_1.npy
1,D:\Doctorat\datasets\LUNA 16\classification\subset0\1\1_aug\96_13.npy
1,D:\Doctorat\datasets\LUNA 16\classification\subset0\1\1_aug\96_25.npy
1,D:\Doctorat\datasets\LUNA 16\classification\subset0\1\1_aug\96_28.npy
1,D:\Doctorat\datasets\LUNA 16\classification\subset0\1\1_aug\96_30.npy
1,D:\Doctorat\datasets\LUNA 16\classification\subset0\1\1_aug\96_34.npy
1,D:\Doctorat\datasets\LUNA 16\classification\subset0\1\1_aug\96_38.npy
1,D:\Doctorat\datasets\LUNA 16\classification\subset0\1\1_aug\96_5.npy
1,D:\Doctorat\datasets\LUNA 16\classification\subset0\1\1_aug\96_7.npy
1,D:\Doctorat\datasets\LUNA 16\classification\subset0\1\1_aug\96_9.npy
1,D:\Doctorat\datasets\LUNA 16\classification\subset0\1\1_aug\97_16.npy
1,D:\Doctorat\datasets\LUNA 16\classification\subset0\1\1_aug\97_20.npy
1,D:\Doctorat\datasets\LUNA 16\classification\subset0\1\1_aug\97_25.npy
1,D:\Doctorat\datasets\LUNA 16\classification\subset0\1\1_aug\97_26.npy
1,D:\Doctorat\datasets\LUNA 16\classification\subset0\1\1_aug\97_28.npy
1,D:\Doctorat\datasets\LUNA 16\classification\subset0\1\1_aug\97_36.npy
1,D:\Doctorat\datasets\LUNA 16\classification\subset0\1\1_aug\97_40.npy
1,D:\Doctorat\datasets\LUNA 16\classification\subset0\1\1_aug\98_13.npy
1,D:\Doctorat\datasets\LUNA 16\classification\subset0\1\1_aug\98_16.npy
1,D:\Doctorat\datasets\LUNA 16\classification\subset0\1\1_aug\98_19.npy
1,D:\Doctorat\datasets\LUNA 16\classification\subset0\1\1_aug\98_20.npy
1,D:\Doctorat\datasets\LUNA 16\classification\subset0\1\1_aug\98_22.npy
1,D:\Doctorat\datasets\LUNA 16\classification\subset0\1\1_aug\98_36.npy
1,D:\Doctorat\datasets\LUNA 16\classification\subset0\1\1_aug\98_6.npy
1,D:\Doctorat\datasets\LUNA 16\classification\subset0\1\1_aug\99_18.npy
1,D:\Doctorat\datasets\LUNA 16\classification\subset0\1\1_aug\99_31.npy
1,D:\Doctorat\datasets\LUNA 16\classification\subset0\1\1_aug\99_35.npy
1,D:\Doctorat\datasets\LUNA 16\classification\subset0\1\1_aug\9_10.npy
1,D:\Doctorat\datasets\LUNA 16\classification\subset0\1\1_aug\9_18.npy
1,D:\Doctorat\datasets\LUNA 16\classification\subset0\1\1_aug\9_21.npy
1,D:\Doctorat\datasets\LUNA 16\classification\subset0\1\1_aug\9_23.npy
1,D:\Doctorat\datasets\LUNA 16\classification\subset0\1\1_aug\9_29.npy
1,D:\Doctorat\datasets\LUNA 16\classification\subset0\1\1_aug\9_33.npy
1,D:\Doctorat\datasets\LUNA 16\classification\subset0\1\1_aug\9_35.npy
1,D:\Doctorat\datasets\LUNA 16\classification\subset0\1\1_aug\9_4.npy
1,D:\Doctorat\datasets\LUNA 16\classification\subset0\1\1_aug\9_5.npy
1,D:\Doctorat\datasets\LUNA 16\classification\subset0\1\1_aug\9_6.npy
1,D:\Doctorat\datasets\LUNA 16\classification\subset0\1\1_aug\9_8.npy
1,D:\Doctorat\datasets\LUNA 16\classification\subset0\1\1_aug\9_9.npy
1,D:\Doctorat\datasets\LUNA 16\classification\subset1\1\1_aug\0_28.npy
1,D:\Doctorat\datasets\LUNA 16\classification\subset1\1\1_aug\0_29.npy
1,D:\Doctorat\datasets\LUNA 16\classification\subset1\1\1_aug\0_31.npy
1,D:\Doctorat\datasets\LUNA 16\classification\subset1\1\1_aug\0_34.npy
1,D:\Doctorat\datasets\LUNA 16\classification\subset1\1\1_aug\0_4.npy
1,D:\Doctorat\datasets\LUNA 16\classification\subset1\1\1_aug\100_13.npy
1,D:\Doctorat\datasets\LUNA 16\classification\subset1\1\1_aug\100_15.npy
1,D:\Doctorat\datasets\LUNA 16\classification\subset1\1\1_aug\100_2.npy
1,D:\Doctorat\datasets\LUNA 16\classification\subset1\1\1_aug\100_25.npy
1,D:\Doctorat\datasets\LUNA 16\classification\subset1\1\1_aug\100_32.npy
1,D:\Doctorat\datasets\LUNA 16\classification\subset1\1\1_aug\100_34.npy
1,D:\Doctorat\datasets\LUNA 16\classification\subset1\1\1_aug\100_37.npy
1,D:\Doctorat\datasets\LUNA 16\classification\subset1\1\1_aug\100_4.npy
1,D:\Doctorat\datasets\LUNA 16\classification\subset1\1\1_aug\100_40.npy
1,D:\Doctorat\datasets\LUNA 16\classification\subset1\1\1_aug\100_7.npy
1,D:\Doctorat\datasets\LUNA 16\classification\subset1\1\1_aug\101_17.npy
1,D:\Doctorat\datasets\LUNA 16\classification\subset1\1\1_aug\101_29.npy
1,D:\Doctorat\datasets\LUNA 16\classification\subset1\1\1_aug\101_34.npy
1,D:\Doctorat\datasets\LUNA 16\classification\subset1\1\1_aug\101_37.npy
1,D:\Doctorat\datasets\LUNA 16\classification\subset1\1\1_aug\101_40.npy
1,D:\Doctorat\datasets\LUNA 16\classification\subset1\1\1_aug\101_6.npy
1,D:\Doctorat\datasets\LUNA 16\classification\subset1\1\1_aug\101_7.npy
1,D:\Doctorat\datasets\LUNA 16\classification\subset1\1\1_aug\101_8.npy
1,D:\Doctorat\datasets\LUNA 16\classification\subset1\1\1_aug\102_11.npy
1,D:\Doctorat\datasets\LUNA 16\classification\subset1\1\1_aug\102_16.npy
1,D:\Doctorat\datasets\LUNA 16\classification\subset1\1\1_aug\102_22.npy
1,D:\Doctorat\datasets\LUNA 16\classification\subset1\1\1_aug\102_27.npy
1,D:\Doctorat\datasets\LUNA 16\classification\subset1\1\1_aug\102_29.npy
1,D:\Doctorat\datasets\LUNA 16\classification\subset1\1\1_aug\102_38.npy
1,D:\Doctorat\datasets\LUNA 16\classification\subset1\1\1_aug\102_9.npy
1,D:\Doctorat\datasets\LUNA 16\classification\subset1\1\1_aug\103_13.npy
1,D:\Doctorat\datasets\LUNA 16\classification\subset1\1\1_aug\103_15.npy
1,D:\Doctorat\datasets\LUNA 16\classification\subset1\1\1_aug\103_16.npy
1,D:\Doctorat\datasets\LUNA 16\classification\subset1\1\1_aug\103_23.npy
1,D:\Doctorat\datasets\LUNA 16\classification\subset1\1\1_aug\103_26.npy
1,D:\Doctorat\datasets\LUNA 16\classification\subset1\1\1_aug\103_27.npy
1,D:\Doctorat\datasets\LUNA 16\classification\subset1\1\1_aug\103_29.npy
1,D:\Doctorat\datasets\LUNA 16\classification\subset1\1\1_aug\103_30.npy
1,D:\Doctorat\datasets\LUNA 16\classification\subset1\1\1_aug\103_39.npy
1,D:\Doctorat\datasets\LUNA 16\classification\subset1\1\1_aug\103_9.npy
1,D:\Doctorat\datasets\LUNA 16\classification\subset1\1\1_aug\104_12.npy
1,D:\Doctorat\datasets\LUNA 16\classification\subset1\1\1_aug\104_3.npy
1,D:\Doctorat\datasets\LUNA 16\classification\subset1\1\1_aug\104_31.npy
1,D:\Doctorat\datasets\LUNA 16\classification\subset1\1\1_aug\104_37.npy
1,D:\Doctorat\datasets\LUNA 16\classification\subset1\1\1_aug\104_6.npy
1,D:\Doctorat\datasets\LUNA 16\classification\subset1\1\1_aug\104_7.npy
1,D:\Doctorat\datasets\LUNA 16\classification\subset1\1\1_aug\104_8.npy
1,D:\Doctorat\datasets\LUNA 16\classification\subset1\1\1_aug\105_10.npy
1,D:\Doctorat\datasets\LUNA 16\classification\subset1\1\1_aug\105_11.npy
1,D:\Doctorat\datasets\LUNA 16\classification\subset1\1\1_aug\105_20.npy
1,D:\Doctorat\datasets\LUNA 16\classification\subset1\1\1_aug\105_23.npy
1,D:\Doctorat\datasets\LUNA 16\classification\subset1\1\1_aug\105_27.npy
1,D:\Doctorat\datasets\LUNA 16\classification\subset1\1\1_aug\105_30.npy
1,D:\Doctorat\datasets\LUNA 16\classification\subset1\1\1_aug\105_31.npy
1,D:\Doctorat\datasets\LUNA 16\classification\subset1\1\1_aug\105_32.npy
1,D:\Doctorat\datasets\LUNA 16\classification\subset1\1\1_aug\106_13.npy
1,D:\Doctorat\datasets\LUNA 16\classification\subset1\1\1_aug\106_20.npy
1,D:\Doctorat\datasets\LUNA 16\classification\subset1\1\1_aug\106_27.npy
1,D:\Doctorat\datasets\LUNA 16\classification\subset1\1\1_aug\106_31.npy
1,D:\Doctorat\datasets\LUNA 16\classification\subset1\1\1_aug\106_38.npy
1,D:\Doctorat\datasets\LUNA 16\classification\subset1\1\1_aug\106_7.npy
1,D:\Doctorat\datasets\LUNA 16\classification\subset1\1\1_aug\106_9.npy
1,D:\Doctorat\datasets\LUNA 16\classification\subset1\1\1_aug\107_10.npy
1,D:\Doctorat\datasets\LUNA 16\classification\subset1\1\1_aug\107_15.npy
1,D:\Doctorat\datasets\LUNA 16\classification\subset1\1\1_aug\107_17.npy
1,D:\Doctorat\datasets\LUNA 16\classification\subset1\1\1_aug\107_18.npy
1,D:\Doctorat\datasets\LUNA 16\classification\subset1\1\1_aug\107_20.npy
1,D:\Doctorat\datasets\LUNA 16\classification\subset1\1\1_aug\107_31.npy
1,D:\Doctorat\datasets\LUNA 16\classification\subset1\1\1_aug\107_38.npy
1,D:\Doctorat\datasets\LUNA 16\classification\subset1\1\1_aug\107_39.npy
1,D:\Doctorat\datasets\LUNA 16\classification\subset1\1\1_aug\107_5.npy
1,D:\Doctorat\datasets\LUNA 16\classification\subset1\1\1_aug\107_8.npy
1,D:\Doctorat\datasets\LUNA 16\classification\subset1\1\1_aug\108_10.npy
1,D:\Doctorat\datasets\LUNA 16\classification\subset1\1\1_aug\108_11.npy
1,D:\Doctorat\datasets\LUNA 16\classification\subset1\1\1_aug\108_17.npy
1,D:\Doctorat\datasets\LUNA 16\classification\subset1\1\1_aug\108_19.npy
1,D:\Doctorat\datasets\LUNA 16\classification\subset1\1\1_aug\108_31.npy
1,D:\Doctorat\datasets\LUNA 16\classification\subset1\1\1_aug\108_34.npy
1,D:\Doctorat\datasets\LUNA 16\classification\subset1\1\1_aug\108_6.npy
1,D:\Doctorat\datasets\LUNA 16\classification\subset1\1\1_aug\109_10.npy
1,D:\Doctorat\datasets\LUNA 16\classification\subset1\1\1_aug\109_12.npy
1,D:\Doctorat\datasets\LUNA 16\classification\subset1\1\1_aug\109_20.npy
1,D:\Doctorat\datasets\LUNA 16\classification\subset1\1\1_aug\109_23.npy
1,D:\Doctorat\datasets\LUNA 16\classification\subset1\1\1_aug\109_25.npy
1,D:\Doctorat\datasets\LUNA 16\classification\subset1\1\1_aug\109_3.npy
1,D:\Doctorat\datasets\LUNA 16\classification\subset1\1\1_aug\109_30.npy
1,D:\Doctorat\datasets\LUNA 16\classification\subset1\1\1_aug\109_40.npy
1,D:\Doctorat\datasets\LUNA 16\classification\subset1\1\1_aug\109_8.npy
1,D:\Doctorat\datasets\LUNA 16\classification\subset1\1\1_aug\109_9.npy
1,D:\Doctorat\datasets\LUNA 16\classification\subset1\1\1_aug\10_14.npy
1,D:\Doctorat\datasets\LUNA 16\classification\subset1\1\1_aug\10_19.npy
1,D:\Doctorat\datasets\LUNA 16\classification\subset1\1\1_aug\10_22.npy
1,D:\Doctorat\datasets\LUNA 16\classification\subset1\1\1_aug\10_36.npy
1,D:\Doctorat\datasets\LUNA 16\classification\subset1\1\1_aug\10_37.npy
1,D:\Doctorat\datasets\LUNA 16\classification\subset1\1\1_aug\110_17.npy
1,D:\Doctorat\datasets\LUNA 16\classification\subset1\1\1_aug\110_34.npy
1,D:\Doctorat\datasets\LUNA 16\classification\subset1\1\1_aug\110_39.npy
1,D:\Doctorat\datasets\LUNA 16\classification\subset1\1\1_aug\110_40.npy
1,D:\Doctorat\datasets\LUNA 16\classification\subset1\1\1_aug\111_11.npy
1,D:\Doctorat\datasets\LUNA 16\classification\subset1\1\1_aug\111_24.npy
1,D:\Doctorat\datasets\LUNA 16\classification\subset1\1\1_aug\111_27.npy
1,D:\Doctorat\datasets\LUNA 16\classification\subset1\1\1_aug\111_37.npy
1,D:\Doctorat\datasets\LUNA 16\classification\subset1\1\1_aug\111_38.npy
1,D:\Doctorat\datasets\LUNA 16\classification\subset1\1\1_aug\111_4.npy
1,D:\Doctorat\datasets\LUNA 16\classification\subset1\1\1_aug\112_15.npy
1,D:\Doctorat\datasets\LUNA 16\classification\subset1\1\1_aug\112_20.npy
1,D:\Doctorat\datasets\LUNA 16\classification\subset1\1\1_aug\112_23.npy
1,D:\Doctorat\datasets\LUNA 16\classification\subset1\1\1_aug\112_3.npy
1,D:\Doctorat\datasets\LUNA 16\classification\subset1\1\1_aug\112_36.npy
1,D:\Doctorat\datasets\LUNA 16\classification\subset1\1\1_aug\112_38.npy
1,D:\Doctorat\datasets\LUNA 16\classification\subset1\1\1_aug\112_7.npy
1,D:\Doctorat\datasets\LUNA 16\classification\subset1\1\1_aug\112_8.npy
1,D:\Doctorat\datasets\LUNA 16\classification\subset1\1\1_aug\112_9.npy
1,D:\Doctorat\datasets\LUNA 16\classification\subset1\1\1_aug\113_1.npy
1,D:\Doctorat\datasets\LUNA 16\classification\subset1\1\1_aug\113_11.npy
1,D:\Doctorat\datasets\LUNA 16\classification\subset1\1\1_aug\113_25.npy
1,D:\Doctorat\datasets\LUNA 16\classification\subset1\1\1_aug\113_31.npy
1,D:\Doctorat\datasets\LUNA 16\classification\subset1\1\1_aug\113_34.npy
1,D:\Doctorat\datasets\LUNA 16\classification\subset1\1\1_aug\113_7.npy
1,D:\Doctorat\datasets\LUNA 16\classification\subset1\1\1_aug\114_13.npy
1,D:\Doctorat\datasets\LUNA 16\classification\subset1\1\1_aug\114_16.npy
1,D:\Doctorat\datasets\LUNA 16\classification\subset1\1\1_aug\114_17.npy
1,D:\Doctorat\datasets\LUNA 16\classification\subset1\1\1_aug\114_20.npy
1,D:\Doctorat\datasets\LUNA 16\classification\subset1\1\1_aug\114_27.npy
1,D:\Doctorat\datasets\LUNA 16\classification\subset1\1\1_aug\114_3.npy
1,D:\Doctorat\datasets\LUNA 16\classification\subset1\1\1_aug\114_30.npy
1,D:\Doctorat\datasets\LUNA 16\classification\subset1\1\1_aug\114_6.npy
1,D:\Doctorat\datasets\LUNA 16\classification\subset1\1\1_aug\114_7.npy
1,D:\Doctorat\datasets\LUNA 16\classification\subset1\1\1_aug\115_10.npy
1,D:\Doctorat\datasets\LUNA 16\classification\subset1\1\1_aug\115_17.npy
1,D:\Doctorat\datasets\LUNA 16\classification\subset1\1\1_aug\115_26.npy
1,D:\Doctorat\datasets\LUNA 16\classification\subset1\1\1_aug\115_3.npy
1,D:\Doctorat\datasets\LUNA 16\classification\subset1\1\1_aug\115_31.npy
1,D:\Doctorat\datasets\LUNA 16\classification\subset1\1\1_aug\115_40.npy
1,D:\Doctorat\datasets\LUNA 16\classification\subset1\1\1_aug\115_6.npy
1,D:\Doctorat\datasets\LUNA 16\classification\subset1\1\1_aug\116_1.npy
1,D:\Doctorat\datasets\LUNA 16\classification\subset1\1\1_aug\116_12.npy
1,D:\Doctorat\datasets\LUNA 16\classification\subset1\1\1_aug\116_15.npy
1,D:\Doctorat\datasets\LUNA 16\classification\subset1\1\1_aug\116_18.npy
1,D:\Doctorat\datasets\LUNA 16\classification\subset1\1\1_aug\116_24.npy
1,D:\Doctorat\datasets\LUNA 16\classification\subset1\1\1_aug\116_25.npy
1,D:\Doctorat\datasets\LUNA 16\classification\subset1\1\1_aug\116_27.npy
1,D:\Doctorat\datasets\LUNA 16\classification\subset1\1\1_aug\116_30.npy
1,D:\Doctorat\datasets\LUNA 16\classification\subset1\1\1_aug\116_34.npy
1,D:\Doctorat\datasets\LUNA 16\classification\subset1\1\1_aug\117_12.npy
1,D:\Doctorat\datasets\LUNA 16\classification\subset1\1\1_aug\117_13.npy
1,D:\Doctorat\datasets\LUNA 16\classification\subset1\1\1_aug\117_24.npy
1,D:\Doctorat\datasets\LUNA 16\classification\subset1\1\1_aug\117_29.npy
1,D:\Doctorat\datasets\LUNA 16\classification\subset1\1\1_aug\117_31.npy
1,D:\Doctorat\datasets\LUNA 16\classification\subset1\1\1_aug\117_9.npy
1,D:\Doctorat\datasets\LUNA 16\classification\subset1\1\1_aug\118_13.npy
1,D:\Doctorat\datasets\LUNA 16\classification\subset1\1\1_aug\118_21.npy
1,D:\Doctorat\datasets\LUNA 16\classification\subset1\1\1_aug\118_28.npy
1,D:\Doctorat\datasets\LUNA 16\classification\subset1\1\1_aug\118_37.npy
1,D:\Doctorat\datasets\LUNA 16\classification\subset1\1\1_aug\118_38.npy
1,D:\Doctorat\datasets\LUNA 16\classification\subset1\1\1_aug\119_13.npy
1,D:\Doctorat\datasets\LUNA 16\classification\subset1\1\1_aug\119_25.npy
1,D:\Doctorat\datasets\LUNA 16\classification\subset1\1\1_aug\119_28.npy
1,D:\Doctorat\datasets\LUNA 16\classification\subset1\1\1_aug\119_29.npy
1,D:\Doctorat\datasets\LUNA 16\classification\subset1\1\1_aug\119_31.npy
1,D:\Doctorat\datasets\LUNA 16\classification\subset1\1\1_aug\119_32.npy
1,D:\Doctorat\datasets\LUNA 16\classification\subset1\1\1_aug\119_36.npy
1,D:\Doctorat\datasets\LUNA 16\classification\subset1\1\1_aug\119_37.npy
1,D:\Doctorat\datasets\LUNA 16\classification\subset1\1\1_aug\11_17.npy
1,D:\Doctorat\datasets\LUNA 16\classification\subset1\1\1_aug\11_24.npy
1,D:\Doctorat\datasets\LUNA 16\classification\subset1\1\1_aug\11_25.npy
1,D:\Doctorat\datasets\LUNA 16\classification\subset1\1\1_aug\11_33.npy
1,D:\Doctorat\datasets\LUNA 16\classification\subset1\1\1_aug\11_35.npy
1,D:\Doctorat\datasets\LUNA 16\classification\subset1\1\1_aug\11_36.npy
1,D:\Doctorat\datasets\LUNA 16\classification\subset1\1\1_aug\11_4.npy
1,D:\Doctorat\datasets\LUNA 16\classification\subset1\1\1_aug\11_6.npy
1,D:\Doctorat\datasets\LUNA 16\classification\subset1\1\1_aug\120_2.npy
1,D:\Doctorat\datasets\LUNA 16\classification\subset1\1\1_aug\120_21.npy
1,D:\Doctorat\datasets\LUNA 16\classification\subset1\1\1_aug\120_26.npy
1,D:\Doctorat\datasets\LUNA 16\classification\subset1\1\1_aug\120_27.npy
1,D:\Doctorat\datasets\LUNA 16\classification\subset1\1\1_aug\120_28.npy
1,D:\Doctorat\datasets\LUNA 16\classification\subset1\1\1_aug\120_30.npy
1,D:\Doctorat\datasets\LUNA 16\classification\subset1\1\1_aug\120_5.npy
1,D:\Doctorat\datasets\LUNA 16\classification\subset1\1\1_aug\121_16.npy
1,D:\Doctorat\datasets\LUNA 16\classification\subset1\1\1_aug\121_20.npy
1,D:\Doctorat\datasets\LUNA 16\classification\subset1\1\1_aug\121_21.npy
1,D:\Doctorat\datasets\LUNA 16\classification\subset1\1\1_aug\121_23.npy
1,D:\Doctorat\datasets\LUNA 16\classification\subset1\1\1_aug\121_27.npy
1,D:\Doctorat\datasets\LUNA 16\classification\subset1\1\1_aug\121_30.npy
1,D:\Doctorat\datasets\LUNA 16\classification\subset1\1\1_aug\121_35.npy
1,D:\Doctorat\datasets\LUNA 16\classification\subset1\1\1_aug\121_7.npy
1,D:\Doctorat\datasets\LUNA 16\classification\subset1\1\1_aug\122_16.npy
1,D:\Doctorat\datasets\LUNA 16\classification\subset1\1\1_aug\122_26.npy
1,D:\Doctorat\datasets\LUNA 16\classification\subset1\1\1_aug\122_27.npy
1,D:\Doctorat\datasets\LUNA 16\classification\subset1\1\1_aug\122_38.npy
1,D:\Doctorat\datasets\LUNA 16\classification\subset1\1\1_aug\122_39.npy
1,D:\Doctorat\datasets\LUNA 16\classification\subset1\1\1_aug\122_4.npy
1,D:\Doctorat\datasets\LUNA 16\classification\subset1\1\1_aug\123_13.npy
1,D:\Doctorat\datasets\LUNA 16\classification\subset1\1\1_aug\123_15.npy
1,D:\Doctorat\datasets\LUNA 16\classification\subset1\1\1_aug\123_28.npy
1,D:\Doctorat\datasets\LUNA 16\classification\subset1\1\1_aug\123_30.npy
1,D:\Doctorat\datasets\LUNA 16\classification\subset1\1\1_aug\123_8.npy
1,D:\Doctorat\datasets\LUNA 16\classification\subset1\1\1_aug\123_9.npy
1,D:\Doctorat\datasets\LUNA 16\classification\subset1\1\1_aug\124_12.npy
1,D:\Doctorat\datasets\LUNA 16\classification\subset1\1\1_aug\124_14.npy
1,D:\Doctorat\datasets\LUNA 16\classification\subset1\1\1_aug\124_15.npy
1,D:\Doctorat\datasets\LUNA 16\classification\subset1\1\1_aug\124_19.npy
1,D:\Doctorat\datasets\LUNA 16\classification\subset1\1\1_aug\124_23.npy
1,D:\Doctorat\datasets\LUNA 16\classification\subset1\1\1_aug\124_26.npy
1,D:\Doctorat\datasets\LUNA 16\classification\subset1\1\1_aug\124_31.npy
1,D:\Doctorat\datasets\LUNA 16\classification\subset1\1\1_aug\124_39.npy
1,D:\Doctorat\datasets\LUNA 16\classification\subset1\1\1_aug\125_1.npy
1,D:\Doctorat\datasets\LUNA 16\classification\subset1\1\1_aug\125_12.npy
1,D:\Doctorat\datasets\LUNA 16\classification\subset1\1\1_aug\125_13.npy
1,D:\Doctorat\datasets\LUNA 16\classification\subset1\1\1_aug\125_14.npy
1,D:\Doctorat\datasets\LUNA 16\classification\subset1\1\1_aug\125_18.npy
1,D:\Doctorat\datasets\LUNA 16\classification\subset1\1\1_aug\125_19.npy
1,D:\Doctorat\datasets\LUNA 16\classification\subset1\1\1_aug\125_2.npy
1,D:\Doctorat\datasets\LUNA 16\classification\subset1\1\1_aug\125_23.npy
1,D:\Doctorat\datasets\LUNA 16\classification\subset1\1\1_aug\125_26.npy
1,D:\Doctorat\datasets\LUNA 16\classification\subset1\1\1_aug\125_27.npy
1,D:\Doctorat\datasets\LUNA 16\classification\subset1\1\1_aug\125_28.npy
1,D:\Doctorat\datasets\LUNA 16\classification\subset1\1\1_aug\125_33.npy
1,D:\Doctorat\datasets\LUNA 16\classification\subset1\1\1_aug\125_38.npy
1,D:\Doctorat\datasets\LUNA 16\classification\subset1\1\1_aug\125_40.npy
1,D:\Doctorat\datasets\LUNA 16\classification\subset1\1\1_aug\125_7.npy
1,D:\Doctorat\datasets\LUNA 16\classification\subset1\1\1_aug\125_9.npy
1,D:\Doctorat\datasets\LUNA 16\classification\subset1\1\1_aug\126_16.npy
1,D:\Doctorat\datasets\LUNA 16\classification\subset1\1\1_aug\126_21.npy
1,D:\Doctorat\datasets\LUNA 16\classification\subset1\1\1_aug\126_30.npy
1,D:\Doctorat\datasets\LUNA 16\classification\subset1\1\1_aug\126_32.npy
1,D:\Doctorat\datasets\LUNA 16\classification\subset1\1\1_aug\126_35.npy
1,D:\Doctorat\datasets\LUNA 16\classification\subset1\1\1_aug\126_39.npy
1,D:\Doctorat\datasets\LUNA 16\classification\subset1\1\1_aug\127_22.npy
1,D:\Doctorat\datasets\LUNA 16\classification\subset1\1\1_aug\127_39.npy
1,D:\Doctorat\datasets\LUNA 16\classification\subset1\1\1_aug\127_8.npy
1,D:\Doctorat\datasets\LUNA 16\classification\subset1\1\1_aug\128_12.npy
1,D:\Doctorat\datasets\LUNA 16\classification\subset1\1\1_aug\128_24.npy
1,D:\Doctorat\datasets\LUNA 16\classification\subset1\1\1_aug\128_25.npy
1,D:\Doctorat\datasets\LUNA 16\classification\subset1\1\1_aug\128_3.npy
1,D:\Doctorat\datasets\LUNA 16\classification\subset1\1\1_aug\128_4.npy
1,D:\Doctorat\datasets\LUNA 16\classification\subset1\1\1_aug\128_6.npy
1,D:\Doctorat\datasets\LUNA 16\classification\subset1\1\1_aug\128_7.npy
1,D:\Doctorat\datasets\LUNA 16\classification\subset1\1\1_aug\129_15.npy
1,D:\Doctorat\datasets\LUNA 16\classification\subset1\1\1_aug\129_17.npy
1,D:\Doctorat\datasets\LUNA 16\classification\subset1\1\1_aug\129_19.npy
1,D:\Doctorat\datasets\LUNA 16\classification\subset1\1\1_aug\129_26.npy
1,D:\Doctorat\datasets\LUNA 16\classification\subset1\1\1_aug\129_32.npy
1,D:\Doctorat\datasets\LUNA 16\classification\subset1\1\1_aug\129_9.npy
1,D:\Doctorat\datasets\LUNA 16\classification\subset1\1\1_aug\12_13.npy
1,D:\Doctorat\datasets\LUNA 16\classification\subset1\1\1_aug\12_16.npy
1,D:\Doctorat\datasets\LUNA 16\classification\subset1\1\1_aug\12_33.npy
1,D:\Doctorat\datasets\LUNA 16\classification\subset1\1\1_aug\12_37.npy
1,D:\Doctorat\datasets\LUNA 16\classification\subset1\1\1_aug\12_38.npy
1,D:\Doctorat\datasets\LUNA 16\classification\subset1\1\1_aug\130_1.npy
1,D:\Doctorat\datasets\LUNA 16\classification\subset1\1\1_aug\130_17.npy
1,D:\Doctorat\datasets\LUNA 16\classification\subset1\1\1_aug\130_25.npy
1,D:\Doctorat\datasets\LUNA 16\classification\subset1\1\1_aug\130_29.npy
1,D:\Doctorat\datasets\LUNA 16\classification\subset1\1\1_aug\130_31.npy
1,D:\Doctorat\datasets\LUNA 16\classification\subset1\1\1_aug\130_4.npy
1,D:\Doctorat\datasets\LUNA 16\classification\subset1\1\1_aug\130_6.npy
1,D:\Doctorat\datasets\LUNA 16\classification\subset1\1\1_aug\130_8.npy
1,D:\Doctorat\datasets\LUNA 16\classification\subset1\1\1_aug\131_12.npy
1,D:\Doctorat\datasets\LUNA 16\classification\subset1\1\1_aug\131_17.npy
1,D:\Doctorat\datasets\LUNA 16\classification\subset1\1\1_aug\131_25.npy
1,D:\Doctorat\datasets\LUNA 16\classification\subset1\1\1_aug\131_28.npy
1,D:\Doctorat\datasets\LUNA 16\classification\subset1\1\1_aug\131_37.npy
1,D:\Doctorat\datasets\LUNA 16\classification\subset1\1\1_aug\131_39.npy
1,D:\Doctorat\datasets\LUNA 16\classification\subset1\1\1_aug\131_7.npy
1,D:\Doctorat\datasets\LUNA 16\classification\subset1\1\1_aug\131_8.npy
1,D:\Doctorat\datasets\LUNA 16\classification\subset1\1\1_aug\132_11.npy
1,D:\Doctorat\datasets\LUNA 16\classification\subset1\1\1_aug\132_18.npy
1,D:\Doctorat\datasets\LUNA 16\classification\subset1\1\1_aug\132_28.npy
1,D:\Doctorat\datasets\LUNA 16\classification\subset1\1\1_aug\132_30.npy
1,D:\Doctorat\datasets\LUNA 16\classification\subset1\1\1_aug\132_31.npy
1,D:\Doctorat\datasets\LUNA 16\classification\subset1\1\1_aug\132_36.npy
1,D:\Doctorat\datasets\LUNA 16\classification\subset1\1\1_aug\132_4.npy
1,D:\Doctorat\datasets\LUNA 16\classification\subset1\1\1_aug\132_8.npy
1,D:\Doctorat\datasets\LUNA 16\classification\subset1\1\1_aug\133_13.npy
1,D:\Doctorat\datasets\LUNA 16\classification\subset1\1\1_aug\133_14.npy
1,D:\Doctorat\datasets\LUNA 16\classification\subset1\1\1_aug\133_17.npy
1,D:\Doctorat\datasets\LUNA 16\classification\subset1\1\1_aug\133_2.npy
1,D:\Doctorat\datasets\LUNA 16\classification\subset1\1\1_aug\133_3.npy
1,D:\Doctorat\datasets\LUNA 16\classification\subset1\1\1_aug\133_31.npy
1,D:\Doctorat\datasets\LUNA 16\classification\subset1\1\1_aug\133_5.npy
1,D:\Doctorat\datasets\LUNA 16\classification\subset1\1\1_aug\133_6.npy
1,D:\Doctorat\datasets\LUNA 16\classification\subset1\1\1_aug\134_18.npy
1,D:\Doctorat\datasets\LUNA 16\classification\subset1\1\1_aug\134_28.npy
1,D:\Doctorat\datasets\LUNA 16\classification\subset1\1\1_aug\134_30.npy
1,D:\Doctorat\datasets\LUNA 16\classification\subset1\1\1_aug\134_36.npy
1,D:\Doctorat\datasets\LUNA 16\classification\subset1\1\1_aug\134_39.npy
1,D:\Doctorat\datasets\LUNA 16\classification\subset1\1\1_aug\134_4.npy
1,D:\Doctorat\datasets\LUNA 16\classification\subset1\1\1_aug\134_5.npy
1,D:\Doctorat\datasets\LUNA 16\classification\subset1\1\1_aug\135_1.npy
1,D:\Doctorat\datasets\LUNA 16\classification\subset1\1\1_aug\135_10.npy
1,D:\Doctorat\datasets\LUNA 16\classification\subset1\1\1_aug\135_11.npy
1,D:\Doctorat\datasets\LUNA 16\classification\subset1\1\1_aug\135_12.npy
1,D:\Doctorat\datasets\LUNA 16\classification\subset1\1\1_aug\135_2.npy
1,D:\Doctorat\datasets\LUNA 16\classification\subset1\1\1_aug\135_28.npy
1,D:\Doctorat\datasets\LUNA 16\classification\subset1\1\1_aug\135_33.npy
1,D:\Doctorat\datasets\LUNA 16\classification\subset1\1\1_aug\135_37.npy
1,D:\Doctorat\datasets\LUNA 16\classification\subset1\1\1_aug\135_39.npy
1,D:\Doctorat\datasets\LUNA 16\classification\subset1\1\1_aug\135_7.npy
1,D:\Doctorat\datasets\LUNA 16\classification\subset1\1\1_aug\136_11.npy
1,D:\Doctorat\datasets\LUNA 16\classification\subset1\1\1_aug\136_12.npy
1,D:\Doctorat\datasets\LUNA 16\classification\subset1\1\1_aug\136_13.npy
1,D:\Doctorat\datasets\LUNA 16\classification\subset1\1\1_aug\136_16.npy
1,D:\Doctorat\datasets\LUNA 16\classification\subset1\1\1_aug\136_17.npy
1,D:\Doctorat\datasets\LUNA 16\classification\subset1\1\1_aug\136_18.npy
1,D:\Doctorat\datasets\LUNA 16\classification\subset1\1\1_aug\136_25.npy
1,D:\Doctorat\datasets\LUNA 16\classification\subset1\1\1_aug\136_27.npy
1,D:\Doctorat\datasets\LUNA 16\classification\subset1\1\1_aug\137_12.npy
1,D:\Doctorat\datasets\LUNA 16\classification\subset1\1\1_aug\137_13.npy
1,D:\Doctorat\datasets\LUNA 16\classification\subset1\1\1_aug\137_17.npy
1,D:\Doctorat\datasets\LUNA 16\classification\subset1\1\1_aug\137_18.npy
1,D:\Doctorat\datasets\LUNA 16\classification\subset1\1\1_aug\137_25.npy
1,D:\Doctorat\datasets\LUNA 16\classification\subset1\1\1_aug\137_4.npy
1,D:\Doctorat\datasets\LUNA 16\classification\subset1\1\1_aug\137_40.npy
1,D:\Doctorat\datasets\LUNA 16\classification\subset1\1\1_aug\137_5.npy
1,D:\Doctorat\datasets\LUNA 16\classification\subset1\1\1_aug\137_7.npy
1,D:\Doctorat\datasets\LUNA 16\classification\subset1\1\1_aug\137_8.npy
1,D:\Doctorat\datasets\LUNA 16\classification\subset1\1\1_aug\138_1.npy
1,D:\Doctorat\datasets\LUNA 16\classification\subset1\1\1_aug\138_20.npy
1,D:\Doctorat\datasets\LUNA 16\classification\subset1\1\1_aug\138_37.npy
1,D:\Doctorat\datasets\LUNA 16\classification\subset1\1\1_aug\138_38.npy
1,D:\Doctorat\datasets\LUNA 16\classification\subset1\1\1_aug\139_16.npy
1,D:\Doctorat\datasets\LUNA 16\classification\subset1\1\1_aug\139_17.npy
1,D:\Doctorat\datasets\LUNA 16\classification\subset1\1\1_aug\139_33.npy
1,D:\Doctorat\datasets\LUNA 16\classification\subset1\1\1_aug\139_36.npy
1,D:\Doctorat\datasets\LUNA 16\classification\subset1\1\1_aug\13_1.npy
1,D:\Doctorat\datasets\LUNA 16\classification\subset1\1\1_aug\13_18.npy
1,D:\Doctorat\datasets\LUNA 16\classification\subset1\1\1_aug\13_19.npy
1,D:\Doctorat\datasets\LUNA 16\classification\subset1\1\1_aug\13_2.npy
1,D:\Doctorat\datasets\LUNA 16\classification\subset1\1\1_aug\13_20.npy
1,D:\Doctorat\datasets\LUNA 16\classification\subset1\1\1_aug\13_39.npy
1,D:\Doctorat\datasets\LUNA 16\classification\subset1\1\1_aug\13_6.npy
1,D:\Doctorat\datasets\LUNA 16\classification\subset1\1\1_aug\13_9.npy
1,D:\Doctorat\datasets\LUNA 16\classification\subset1\1\1_aug\140_22.npy
1,D:\Doctorat\datasets\LUNA 16\classification\subset1\1\1_aug\140_28.npy
1,D:\Doctorat\datasets\LUNA 16\classification\subset1\1\1_aug\140_3.npy
1,D:\Doctorat\datasets\LUNA 16\classification\subset1\1\1_aug\140_30.npy
1,D:\Doctorat\datasets\LUNA 16\classification\subset1\1\1_aug\140_35.npy
1,D:\Doctorat\datasets\LUNA 16\classification\subset1\1\1_aug\140_8.npy
1,D:\Doctorat\datasets\LUNA 16\classification\subset1\1\1_aug\140_9.npy
1,D:\Doctorat\datasets\LUNA 16\classification\subset1\1\1_aug\141_10.npy
1,D:\Doctorat\datasets\LUNA 16\classification\subset1\1\1_aug\141_12.npy
1,D:\Doctorat\datasets\LUNA 16\classification\subset1\1\1_aug\141_13.npy
1,D:\Doctorat\datasets\LUNA 16\classification\subset1\1\1_aug\141_15.npy
1,D:\Doctorat\datasets\LUNA 16\classification\subset1\1\1_aug\141_24.npy
1,D:\Doctorat\datasets\LUNA 16\classification\subset1\1\1_aug\141_32.npy
1,D:\Doctorat\datasets\LUNA 16\classification\subset1\1\1_aug\141_37.npy
1,D:\Doctorat\datasets\LUNA 16\classification\subset1\1\1_aug\142_14.npy
1,D:\Doctorat\datasets\LUNA 16\classification\subset1\1\1_aug\142_21.npy
1,D:\Doctorat\datasets\LUNA 16\classification\subset1\1\1_aug\142_23.npy
1,D:\Doctorat\datasets\LUNA 16\classification\subset1\1\1_aug\142_28.npy
1,D:\Doctorat\datasets\LUNA 16\classification\subset1\1\1_aug\142_34.npy
1,D:\Doctorat\datasets\LUNA 16\classification\subset1\1\1_aug\142_40.npy
1,D:\Doctorat\datasets\LUNA 16\classification\subset1\1\1_aug\142_8.npy
1,D:\Doctorat\datasets\LUNA 16\classification\subset1\1\1_aug\143_13.npy
1,D:\Doctorat\datasets\LUNA 16\classification\subset1\1\1_aug\143_15.npy
1,D:\Doctorat\datasets\LUNA 16\classification\subset1\1\1_aug\143_20.npy
1,D:\Doctorat\datasets\LUNA 16\classification\subset1\1\1_aug\143_40.npy
1,D:\Doctorat\datasets\LUNA 16\classification\subset1\1\1_aug\143_5.npy
1,D:\Doctorat\datasets\LUNA 16\classification\subset1\1\1_aug\143_7.npy
1,D:\Doctorat\datasets\LUNA 16\classification\subset1\1\1_aug\144_1.npy
1,D:\Doctorat\datasets\LUNA 16\classification\subset1\1\1_aug\144_10.npy
1,D:\Doctorat\datasets\LUNA 16\classification\subset1\1\1_aug\144_24.npy
1,D:\Doctorat\datasets\LUNA 16\classification\subset1\1\1_aug\144_27.npy
1,D:\Doctorat\datasets\LUNA 16\classification\subset1\1\1_aug\144_28.npy
1,D:\Doctorat\datasets\LUNA 16\classification\subset1\1\1_aug\144_32.npy
1,D:\Doctorat\datasets\LUNA 16\classification\subset1\1\1_aug\144_35.npy
1,D:\Doctorat\datasets\LUNA 16\classification\subset1\1\1_aug\144_36.npy
1,D:\Doctorat\datasets\LUNA 16\classification\subset1\1\1_aug\144_39.npy
1,D:\Doctorat\datasets\LUNA 16\classification\subset1\1\1_aug\144_40.npy
1,D:\Doctorat\datasets\LUNA 16\classification\subset1\1\1_aug\144_5.npy
1,D:\Doctorat\datasets\LUNA 16\classification\subset1\1\1_aug\144_7.npy
1,D:\Doctorat\datasets\LUNA 16\classification\subset1\1\1_aug\145_1.npy
1,D:\Doctorat\datasets\LUNA 16\classification\subset1\1\1_aug\145_18.npy
1,D:\Doctorat\datasets\LUNA 16\classification\subset1\1\1_aug\145_21.npy
1,D:\Doctorat\datasets\LUNA 16\classification\subset1\1\1_aug\145_23.npy
1,D:\Doctorat\datasets\LUNA 16\classification\subset1\1\1_aug\145_25.npy
1,D:\Doctorat\datasets\LUNA 16\classification\subset1\1\1_aug\145_27.npy
1,D:\Doctorat\datasets\LUNA 16\classification\subset1\1\1_aug\146_11.npy
1,D:\Doctorat\datasets\LUNA 16\classification\subset1\1\1_aug\146_12.npy
1,D:\Doctorat\datasets\LUNA 16\classification\subset1\1\1_aug\146_15.npy
1,D:\Doctorat\datasets\LUNA 16\classification\subset1\1\1_aug\146_19.npy
1,D:\Doctorat\datasets\LUNA 16\classification\subset1\1\1_aug\146_33.npy
1,D:\Doctorat\datasets\LUNA 16\classification\subset1\1\1_aug\146_35.npy
1,D:\Doctorat\datasets\LUNA 16\classification\subset1\1\1_aug\146_36.npy
1,D:\Doctorat\datasets\LUNA 16\classification\subset1\1\1_aug\146_8.npy
1,D:\Doctorat\datasets\LUNA 16\classification\subset1\1\1_aug\147_1.npy
1,D:\Doctorat\datasets\LUNA 16\classification\subset1\1\1_aug\147_24.npy
1,D:\Doctorat\datasets\LUNA 16\classification\subset1\1\1_aug\147_29.npy
1,D:\Doctorat\datasets\LUNA 16\classification\subset1\1\1_aug\147_31.npy
1,D:\Doctorat\datasets\LUNA 16\classification\subset1\1\1_aug\147_36.npy
1,D:\Doctorat\datasets\LUNA 16\classification\subset1\1\1_aug\147_37.npy
1,D:\Doctorat\datasets\LUNA 16\classification\subset1\1\1_aug\147_38.npy
1,D:\Doctorat\datasets\LUNA 16\classification\subset1\1\1_aug\148_11.npy
1,D:\Doctorat\datasets\LUNA 16\classification\subset1\1\1_aug\148_13.npy
1,D:\Doctorat\datasets\LUNA 16\classification\subset1\1\1_aug\148_22.npy
1,D:\Doctorat\datasets\LUNA 16\classification\subset1\1\1_aug\148_26.npy
1,D:\Doctorat\datasets\LUNA 16\classification\subset1\1\1_aug\148_3.npy
1,D:\Doctorat\datasets\LUNA 16\classification\subset1\1\1_aug\148_30.npy
1,D:\Doctorat\datasets\LUNA 16\classification\subset1\1\1_aug\148_31.npy
1,D:\Doctorat\datasets\LUNA 16\classification\subset1\1\1_aug\148_39.npy
1,D:\Doctorat\datasets\LUNA 16\classification\subset1\1\1_aug\149_17.npy
1,D:\Doctorat\datasets\LUNA 16\classification\subset1\1\1_aug\149_22.npy
1,D:\Doctorat\datasets\LUNA 16\classification\subset1\1\1_aug\149_24.npy
1,D:\Doctorat\datasets\LUNA 16\classification\subset1\1\1_aug\149_25.npy
1,D:\Doctorat\datasets\LUNA 16\classification\subset1\1\1_aug\149_30.npy
1,D:\Doctorat\datasets\LUNA 16\classification\subset1\1\1_aug\149_31.npy
1,D:\Doctorat\datasets\LUNA 16\classification\subset1\1\1_aug\14_1.npy
1,D:\Doctorat\datasets\LUNA 16\classification\subset1\1\1_aug\14_13.npy
1,D:\Doctorat\datasets\LUNA 16\classification\subset1\1\1_aug\14_14.npy
1,D:\Doctorat\datasets\LUNA 16\classification\subset1\1\1_aug\14_2.npy
1,D:\Doctorat\datasets\LUNA 16\classification\subset1\1\1_aug\14_21.npy
1,D:\Doctorat\datasets\LUNA 16\classification\subset1\1\1_aug\14_26.npy
1,D:\Doctorat\datasets\LUNA 16\classification\subset1\1\1_aug\14_29.npy
1,D:\Doctorat\datasets\LUNA 16\classification\subset1\1\1_aug\14_35.npy
1,D:\Doctorat\datasets\LUNA 16\classification\subset1\1\1_aug\14_36.npy
1,D:\Doctorat\datasets\LUNA 16\classification\subset1\1\1_aug\14_37.npy
1,D:\Doctorat\datasets\LUNA 16\classification\subset1\1\1_aug\14_40.npy
1,D:\Doctorat\datasets\LUNA 16\classification\subset1\1\1_aug\14_7.npy
1,D:\Doctorat\datasets\LUNA 16\classification\subset1\1\1_aug\150_14.npy
1,D:\Doctorat\datasets\LUNA 16\classification\subset1\1\1_aug\150_2.npy
1,D:\Doctorat\datasets\LUNA 16\classification\subset1\1\1_aug\150_23.npy
1,D:\Doctorat\datasets\LUNA 16\classification\subset1\1\1_aug\150_32.npy
1,D:\Doctorat\datasets\LUNA 16\classification\subset1\1\1_aug\150_37.npy
1,D:\Doctorat\datasets\LUNA 16\classification\subset1\1\1_aug\150_4.npy
1,D:\Doctorat\datasets\LUNA 16\classification\subset1\1\1_aug\151_1.npy
1,D:\Doctorat\datasets\LUNA 16\classification\subset1\1\1_aug\151_10.npy
1,D:\Doctorat\datasets\LUNA 16\classification\subset1\1\1_aug\151_15.npy
1,D:\Doctorat\datasets\LUNA 16\classification\subset1\1\1_aug\151_20.npy
1,D:\Doctorat\datasets\LUNA 16\classification\subset1\1\1_aug\151_29.npy
1,D:\Doctorat\datasets\LUNA 16\classification\subset1\1\1_aug\151_39.npy
1,D:\Doctorat\datasets\LUNA 16\classification\subset1\1\1_aug\151_4.npy
1,D:\Doctorat\datasets\LUNA 16\classification\subset1\1\1_aug\151_40.npy
1,D:\Doctorat\datasets\LUNA 16\classification\subset1\1\1_aug\152_10.npy
1,D:\Doctorat\datasets\LUNA 16\classification\subset1\1\1_aug\152_19.npy
1,D:\Doctorat\datasets\LUNA 16\classification\subset1\1\1_aug\152_2.npy
1,D:\Doctorat\datasets\LUNA 16\classification\subset1\1\1_aug\152_22.npy
1,D:\Doctorat\datasets\LUNA 16\classification\subset1\1\1_aug\152_23.npy
1,D:\Doctorat\datasets\LUNA 16\classification\subset1\1\1_aug\152_26.npy
1,D:\Doctorat\datasets\LUNA 16\classification\subset1\1\1_aug\152_36.npy
1,D:\Doctorat\datasets\LUNA 16\classification\subset1\1\1_aug\152_40.npy
1,D:\Doctorat\datasets\LUNA 16\classification\subset1\1\1_aug\153_14.npy
1,D:\Doctorat\datasets\LUNA 16\classification\subset1\1\1_aug\153_20.npy
1,D:\Doctorat\datasets\LUNA 16\classification\subset1\1\1_aug\153_21.npy
1,D:\Doctorat\datasets\LUNA 16\classification\subset1\1\1_aug\153_22.npy
1,D:\Doctorat\datasets\LUNA 16\classification\subset1\1\1_aug\153_24.npy
1,D:\Doctorat\datasets\LUNA 16\classification\subset1\1\1_aug\153_26.npy
1,D:\Doctorat\datasets\LUNA 16\classification\subset1\1\1_aug\153_29.npy
1,D:\Doctorat\datasets\LUNA 16\classification\subset1\1\1_aug\153_33.npy
1,D:\Doctorat\datasets\LUNA 16\classification\subset1\1\1_aug\153_36.npy
1,D:\Doctorat\datasets\LUNA 16\classification\subset1\1\1_aug\153_39.npy
1,D:\Doctorat\datasets\LUNA 16\classification\subset1\1\1_aug\153_7.npy
1,D:\Doctorat\datasets\LUNA 16\classification\subset1\1\1_aug\154_15.npy
1,D:\Doctorat\datasets\LUNA 16\classification\subset1\1\1_aug\154_16.npy
1,D:\Doctorat\datasets\LUNA 16\classification\subset1\1\1_aug\154_19.npy
1,D:\Doctorat\datasets\LUNA 16\classification\subset1\1\1_aug\154_24.npy
1,D:\Doctorat\datasets\LUNA 16\classification\subset1\1\1_aug\154_27.npy
1,D:\Doctorat\datasets\LUNA 16\classification\subset1\1\1_aug\154_28.npy
1,D:\Doctorat\datasets\LUNA 16\classification\subset1\1\1_aug\154_37.npy
1,D:\Doctorat\datasets\LUNA 16\classification\subset1\1\1_aug\154_39.npy
1,D:\Doctorat\datasets\LUNA 16\classification\subset1\1\1_aug\154_40.npy
1,D:\Doctorat\datasets\LUNA 16\classification\subset1\1\1_aug\154_7.npy
1,D:\Doctorat\datasets\LUNA 16\classification\subset1\1\1_aug\155_14.npy
1,D:\Doctorat\datasets\LUNA 16\classification\subset1\1\1_aug\155_28.npy
1,D:\Doctorat\datasets\LUNA 16\classification\subset1\1\1_aug\155_33.npy
1,D:\Doctorat\datasets\LUNA 16\classification\subset1\1\1_aug\155_36.npy
1,D:\Doctorat\datasets\LUNA 16\classification\subset1\1\1_aug\155_7.npy
1,D:\Doctorat\datasets\LUNA 16\classification\subset1\1\1_aug\156_10.npy
1,D:\Doctorat\datasets\LUNA 16\classification\subset1\1\1_aug\156_13.npy
1,D:\Doctorat\datasets\LUNA 16\classification\subset1\1\1_aug\156_14.npy
1,D:\Doctorat\datasets\LUNA 16\classification\subset1\1\1_aug\156_20.npy
1,D:\Doctorat\datasets\LUNA 16\classification\subset1\1\1_aug\156_23.npy
1,D:\Doctorat\datasets\LUNA 16\classification\subset1\1\1_aug\156_32.npy
1,D:\Doctorat\datasets\LUNA 16\classification\subset1\1\1_aug\156_35.npy
1,D:\Doctorat\datasets\LUNA 16\classification\subset1\1\1_aug\156_37.npy
1,D:\Doctorat\datasets\LUNA 16\classification\subset1\1\1_aug\157_24.npy
1,D:\Doctorat\datasets\LUNA 16\classification\subset1\1\1_aug\157_26.npy
1,D:\Doctorat\datasets\LUNA 16\classification\subset1\1\1_aug\157_28.npy
1,D:\Doctorat\datasets\LUNA 16\classification\subset1\1\1_aug\157_37.npy
1,D:\Doctorat\datasets\LUNA 16\classification\subset1\1\1_aug\157_7.npy
1,D:\Doctorat\datasets\LUNA 16\classification\subset1\1\1_aug\157_8.npy
1,D:\Doctorat\datasets\LUNA 16\classification\subset1\1\1_aug\158_21.npy
1,D:\Doctorat\datasets\LUNA 16\classification\subset1\1\1_aug\158_23.npy
1,D:\Doctorat\datasets\LUNA 16\classification\subset1\1\1_aug\158_31.npy
1,D:\Doctorat\datasets\LUNA 16\classification\subset1\1\1_aug\158_32.npy
1,D:\Doctorat\datasets\LUNA 16\classification\subset1\1\1_aug\158_5.npy
1,D:\Doctorat\datasets\LUNA 16\classification\subset1\1\1_aug\159_15.npy
1,D:\Doctorat\datasets\LUNA 16\classification\subset1\1\1_aug\159_16.npy
1,D:\Doctorat\datasets\LUNA 16\classification\subset1\1\1_aug\159_24.npy
1,D:\Doctorat\datasets\LUNA 16\classification\subset1\1\1_aug\159_26.npy
1,D:\Doctorat\datasets\LUNA 16\classification\subset1\1\1_aug\159_6.npy
1,D:\Doctorat\datasets\LUNA 16\classification\subset1\1\1_aug\15_10.npy
1,D:\Doctorat\datasets\LUNA 16\classification\subset1\1\1_aug\15_11.npy
1,D:\Doctorat\datasets\LUNA 16\classification\subset1\1\1_aug\15_25.npy
1,D:\Doctorat\datasets\LUNA 16\classification\subset1\1\1_aug\15_29.npy
1,D:\Doctorat\datasets\LUNA 16\classification\subset1\1\1_aug\15_36.npy
1,D:\Doctorat\datasets\LUNA 16\classification\subset1\1\1_aug\15_40.npy
1,D:\Doctorat\datasets\LUNA 16\classification\subset1\1\1_aug\160_12.npy
1,D:\Doctorat\datasets\LUNA 16\classification\subset1\1\1_aug\160_13.npy
1,D:\Doctorat\datasets\LUNA 16\classification\subset1\1\1_aug\160_15.npy
1,D:\Doctorat\datasets\LUNA 16\classification\subset1\1\1_aug\160_29.npy
1,D:\Doctorat\datasets\LUNA 16\classification\subset1\1\1_aug\160_3.npy
1,D:\Doctorat\datasets\LUNA 16\classification\subset1\1\1_aug\160_37.npy
1,D:\Doctorat\datasets\LUNA 16\classification\subset1\1\1_aug\160_39.npy
1,D:\Doctorat\datasets\LUNA 16\classification\subset1\1\1_aug\160_7.npy
1,D:\Doctorat\datasets\LUNA 16\classification\subset1\1\1_aug\161_12.npy
1,D:\Doctorat\datasets\LUNA 16\classification\subset1\1\1_aug\161_37.npy
1,D:\Doctorat\datasets\LUNA 16\classification\subset1\1\1_aug\161_39.npy
1,D:\Doctorat\datasets\LUNA 16\classification\subset1\1\1_aug\162_11.npy
1,D:\Doctorat\datasets\LUNA 16\classification\subset1\1\1_aug\162_2.npy
1,D:\Doctorat\datasets\LUNA 16\classification\subset1\1\1_aug\162_26.npy
1,D:\Doctorat\datasets\LUNA 16\classification\subset1\1\1_aug\162_35.npy
1,D:\Doctorat\datasets\LUNA 16\classification\subset1\1\1_aug\162_4.npy
1,D:\Doctorat\datasets\LUNA 16\classification\subset1\1\1_aug\163_11.npy
1,D:\Doctorat\datasets\LUNA 16\classification\subset1\1\1_aug\163_14.npy
1,D:\Doctorat\datasets\LUNA 16\classification\subset1\1\1_aug\163_16.npy
1,D:\Doctorat\datasets\LUNA 16\classification\subset1\1\1_aug\163_17.npy
1,D:\Doctorat\datasets\LUNA 16\classification\subset1\1\1_aug\163_26.npy
1,D:\Doctorat\datasets\LUNA 16\classification\subset1\1\1_aug\163_28.npy
1,D:\Doctorat\datasets\LUNA 16\classification\subset1\1\1_aug\163_32.npy
1,D:\Doctorat\datasets\LUNA 16\classification\subset1\1\1_aug\163_7.npy
1,D:\Doctorat\datasets\LUNA 16\classification\subset1\1\1_aug\163_9.npy
1,D:\Doctorat\datasets\LUNA 16\classification\subset1\1\1_aug\164_17.npy
1,D:\Doctorat\datasets\LUNA 16\classification\subset1\1\1_aug\164_18.npy
1,D:\Doctorat\datasets\LUNA 16\classification\subset1\1\1_aug\164_24.npy
1,D:\Doctorat\datasets\LUNA 16\classification\subset1\1\1_aug\164_3.npy
1,D:\Doctorat\datasets\LUNA 16\classification\subset1\1\1_aug\164_36.npy
1,D:\Doctorat\datasets\LUNA 16\classification\subset1\1\1_aug\164_9.npy
1,D:\Doctorat\datasets\LUNA 16\classification\subset1\1\1_aug\165_1.npy
1,D:\Doctorat\datasets\LUNA 16\classification\subset1\1\1_aug\165_10.npy
1,D:\Doctorat\datasets\LUNA 16\classification\subset1\1\1_aug\165_14.npy
1,D:\Doctorat\datasets\LUNA 16\classification\subset1\1\1_aug\165_16.npy
1,D:\Doctorat\datasets\LUNA 16\classification\subset1\1\1_aug\165_18.npy
1,D:\Doctorat\datasets\LUNA 16\classification\subset1\1\1_aug\165_2.npy
1,D:\Doctorat\datasets\LUNA 16\classification\subset1\1\1_aug\165_22.npy
1,D:\Doctorat\datasets\LUNA 16\classification\subset1\1\1_aug\165_31.npy
1,D:\Doctorat\datasets\LUNA 16\classification\subset1\1\1_aug\165_37.npy
1,D:\Doctorat\datasets\LUNA 16\classification\subset1\1\1_aug\165_39.npy
1,D:\Doctorat\datasets\LUNA 16\classification\subset1\1\1_aug\165_9.npy
1,D:\Doctorat\datasets\LUNA 16\classification\subset1\1\1_aug\166_13.npy
1,D:\Doctorat\datasets\LUNA 16\classification\subset1\1\1_aug\166_17.npy
1,D:\Doctorat\datasets\LUNA 16\classification\subset1\1\1_aug\166_22.npy
1,D:\Doctorat\datasets\LUNA 16\classification\subset1\1\1_aug\166_39.npy
1,D:\Doctorat\datasets\LUNA 16\classification\subset1\1\1_aug\166_5.npy
1,D:\Doctorat\datasets\LUNA 16\classification\subset1\1\1_aug\166_6.npy
1,D:\Doctorat\datasets\LUNA 16\classification\subset1\1\1_aug\167_14.npy
1,D:\Doctorat\datasets\LUNA 16\classification\subset1\1\1_aug\167_25.npy
1,D:\Doctorat\datasets\LUNA 16\classification\subset1\1\1_aug\167_27.npy
1,D:\Doctorat\datasets\LUNA 16\classification\subset1\1\1_aug\167_28.npy
1,D:\Doctorat\datasets\LUNA 16\classification\subset1\1\1_aug\167_5.npy
1,D:\Doctorat\datasets\LUNA 16\classification\subset1\1\1_aug\167_7.npy
1,D:\Doctorat\datasets\LUNA 16\classification\subset1\1\1_aug\168_13.npy
1,D:\Doctorat\datasets\LUNA 16\classification\subset1\1\1_aug\168_16.npy
1,D:\Doctorat\datasets\LUNA 16\classification\subset1\1\1_aug\168_23.npy
1,D:\Doctorat\datasets\LUNA 16\classification\subset1\1\1_aug\168_24.npy
1,D:\Doctorat\datasets\LUNA 16\classification\subset1\1\1_aug\168_36.npy
1,D:\Doctorat\datasets\LUNA 16\classification\subset1\1\1_aug\168_39.npy
1,D:\Doctorat\datasets\LUNA 16\classification\subset1\1\1_aug\168_4.npy
1,D:\Doctorat\datasets\LUNA 16\classification\subset1\1\1_aug\169_17.npy
1,D:\Doctorat\datasets\LUNA 16\classification\subset1\1\1_aug\169_19.npy
1,D:\Doctorat\datasets\LUNA 16\classification\subset1\1\1_aug\169_5.npy
1,D:\Doctorat\datasets\LUNA 16\classification\subset1\1\1_aug\16_1.npy
1,D:\Doctorat\datasets\LUNA 16\classification\subset1\1\1_aug\16_24.npy
1,D:\Doctorat\datasets\LUNA 16\classification\subset1\1\1_aug\16_27.npy
1,D:\Doctorat\datasets\LUNA 16\classification\subset1\1\1_aug\16_30.npy
1,D:\Doctorat\datasets\LUNA 16\classification\subset1\1\1_aug\16_37.npy
1,D:\Doctorat\datasets\LUNA 16\classification\subset1\1\1_aug\16_4.npy
1,D:\Doctorat\datasets\LUNA 16\classification\subset1\1\1_aug\16_7.npy
1,D:\Doctorat\datasets\LUNA 16\classification\subset1\1\1_aug\17_15.npy
1,D:\Doctorat\datasets\LUNA 16\classification\subset1\1\1_aug\17_7.npy
1,D:\Doctorat\datasets\LUNA 16\classification\subset1\1\1_aug\18_11.npy
1,D:\Doctorat\datasets\LUNA 16\classification\subset1\1\1_aug\18_13.npy
1,D:\Doctorat\datasets\LUNA 16\classification\subset1\1\1_aug\18_15.npy
1,D:\Doctorat\datasets\LUNA 16\classification\subset1\1\1_aug\18_38.npy
1,D:\Doctorat\datasets\LUNA 16\classification\subset1\1\1_aug\18_5.npy
1,D:\Doctorat\datasets\LUNA 16\classification\subset1\1\1_aug\18_9.npy
1,D:\Doctorat\datasets\LUNA 16\classification\subset1\1\1_aug\19_1.npy
1,D:\Doctorat\datasets\LUNA 16\classification\subset1\1\1_aug\19_11.npy
1,D:\Doctorat\datasets\LUNA 16\classification\subset1\1\1_aug\19_13.npy
1,D:\Doctorat\datasets\LUNA 16\classification\subset1\1\1_aug\19_15.npy
1,D:\Doctorat\datasets\LUNA 16\classification\subset1\1\1_aug\19_16.npy
1,D:\Doctorat\datasets\LUNA 16\classification\subset1\1\1_aug\19_28.npy
1,D:\Doctorat\datasets\LUNA 16\classification\subset1\1\1_aug\19_32.npy
1,D:\Doctorat\datasets\LUNA 16\classification\subset1\1\1_aug\19_33.npy
1,D:\Doctorat\datasets\LUNA 16\classification\subset1\1\1_aug\19_4.npy
1,D:\Doctorat\datasets\LUNA 16\classification\subset1\1\1_aug\19_40.npy
1,D:\Doctorat\datasets\LUNA 16\classification\subset1\1\1_aug\19_6.npy
1,D:\Doctorat\datasets\LUNA 16\classification\subset1\1\1_aug\19_9.npy
1,D:\Doctorat\datasets\LUNA 16\classification\subset1\1\1_aug\1_12.npy
1,D:\Doctorat\datasets\LUNA 16\classification\subset1\1\1_aug\1_15.npy
1,D:\Doctorat\datasets\LUNA 16\classification\subset1\1\1_aug\1_16.npy
1,D:\Doctorat\datasets\LUNA 16\classification\subset1\1\1_aug\1_24.npy
1,D:\Doctorat\datasets\LUNA 16\classification\subset1\1\1_aug\1_25.npy
1,D:\Doctorat\datasets\LUNA 16\classification\subset1\1\1_aug\1_29.npy
1,D:\Doctorat\datasets\LUNA 16\classification\subset1\1\1_aug\1_38.npy
1,D:\Doctorat\datasets\LUNA 16\classification\subset1\1\1_aug\20_11.npy
1,D:\Doctorat\datasets\LUNA 16\classification\subset1\1\1_aug\20_14.npy
1,D:\Doctorat\datasets\LUNA 16\classification\subset1\1\1_aug\20_19.npy
1,D:\Doctorat\datasets\LUNA 16\classification\subset1\1\1_aug\20_26.npy
1,D:\Doctorat\datasets\LUNA 16\classification\subset1\1\1_aug\20_27.npy
1,D:\Doctorat\datasets\LUNA 16\classification\subset1\1\1_aug\20_30.npy
1,D:\Doctorat\datasets\LUNA 16\classification\subset1\1\1_aug\20_33.npy
1,D:\Doctorat\datasets\LUNA 16\classification\subset1\1\1_aug\20_35.npy
1,D:\Doctorat\datasets\LUNA 16\classification\subset1\1\1_aug\20_4.npy
1,D:\Doctorat\datasets\LUNA 16\classification\subset1\1\1_aug\21_10.npy
1,D:\Doctorat\datasets\LUNA 16\classification\subset1\1\1_aug\21_12.npy
1,D:\Doctorat\datasets\LUNA 16\classification\subset1\1\1_aug\21_13.npy
1,D:\Doctorat\datasets\LUNA 16\classification\subset1\1\1_aug\21_15.npy
1,D:\Doctorat\datasets\LUNA 16\classification\subset1\1\1_aug\21_18.npy
1,D:\Doctorat\datasets\LUNA 16\classification\subset1\1\1_aug\21_22.npy
1,D:\Doctorat\datasets\LUNA 16\classification\subset1\1\1_aug\21_27.npy
1,D:\Doctorat\datasets\LUNA 16\classification\subset1\1\1_aug\21_29.npy
1,D:\Doctorat\datasets\LUNA 16\classification\subset1\1\1_aug\21_40.npy
1,D:\Doctorat\datasets\LUNA 16\classification\subset1\1\1_aug\22_13.npy
1,D:\Doctorat\datasets\LUNA 16\classification\subset1\1\1_aug\22_20.npy
1,D:\Doctorat\datasets\LUNA 16\classification\subset1\1\1_aug\22_28.npy
1,D:\Doctorat\datasets\LUNA 16\classification\subset1\1\1_aug\22_35.npy
1,D:\Doctorat\datasets\LUNA 16\classification\subset1\1\1_aug\22_40.npy
1,D:\Doctorat\datasets\LUNA 16\classification\subset1\1\1_aug\23_12.npy
1,D:\Doctorat\datasets\LUNA 16\classification\subset1\1\1_aug\23_2.npy
1,D:\Doctorat\datasets\LUNA 16\classification\subset1\1\1_aug\23_22.npy
1,D:\Doctorat\datasets\LUNA 16\classification\subset1\1\1_aug\23_25.npy
1,D:\Doctorat\datasets\LUNA 16\classification\subset1\1\1_aug\23_31.npy
1,D:\Doctorat\datasets\LUNA 16\classification\subset1\1\1_aug\23_33.npy
1,D:\Doctorat\datasets\LUNA 16\classification\subset1\1\1_aug\23_39.npy
1,D:\Doctorat\datasets\LUNA 16\classification\subset1\1\1_aug\23_5.npy
1,D:\Doctorat\datasets\LUNA 16\classification\subset1\1\1_aug\24_1.npy
1,D:\Doctorat\datasets\LUNA 16\classification\subset1\1\1_aug\24_14.npy
1,D:\Doctorat\datasets\LUNA 16\classification\subset1\1\1_aug\24_17.npy
1,D:\Doctorat\datasets\LUNA 16\classification\subset1\1\1_aug\24_20.npy
1,D:\Doctorat\datasets\LUNA 16\classification\subset1\1\1_aug\24_27.npy
1,D:\Doctorat\datasets\LUNA 16\classification\subset1\1\1_aug\24_40.npy
1,D:\Doctorat\datasets\LUNA 16\classification\subset1\1\1_aug\25_10.npy
1,D:\Doctorat\datasets\LUNA 16\classification\subset1\1\1_aug\25_22.npy
1,D:\Doctorat\datasets\LUNA 16\classification\subset1\1\1_aug\25_30.npy
1,D:\Doctorat\datasets\LUNA 16\classification\subset1\1\1_aug\25_33.npy
1,D:\Doctorat\datasets\LUNA 16\classification\subset1\1\1_aug\25_40.npy
1,D:\Doctorat\datasets\LUNA 16\classification\subset1\1\1_aug\25_7.npy
1,D:\Doctorat\datasets\LUNA 16\classification\subset1\1\1_aug\26_22.npy
1,D:\Doctorat\datasets\LUNA 16\classification\subset1\1\1_aug\26_25.npy
1,D:\Doctorat\datasets\LUNA 16\classification\subset1\1\1_aug\26_26.npy
1,D:\Doctorat\datasets\LUNA 16\classification\subset1\1\1_aug\26_27.npy
1,D:\Doctorat\datasets\LUNA 16\classification\subset1\1\1_aug\26_28.npy
1,D:\Doctorat\datasets\LUNA 16\classification\subset1\1\1_aug\26_30.npy
1,D:\Doctorat\datasets\LUNA 16\classification\subset1\1\1_aug\26_8.npy
1,D:\Doctorat\datasets\LUNA 16\classification\subset1\1\1_aug\27_10.npy
1,D:\Doctorat\datasets\LUNA 16\classification\subset1\1\1_aug\27_21.npy
1,D:\Doctorat\datasets\LUNA 16\classification\subset1\1\1_aug\27_23.npy
1,D:\Doctorat\datasets\LUNA 16\classification\subset1\1\1_aug\27_33.npy
1,D:\Doctorat\datasets\LUNA 16\classification\subset1\1\1_aug\27_37.npy
1,D:\Doctorat\datasets\LUNA 16\classification\subset1\1\1_aug\27_6.npy
1,D:\Doctorat\datasets\LUNA 16\classification\subset1\1\1_aug\28_15.npy
1,D:\Doctorat\datasets\LUNA 16\classification\subset1\1\1_aug\28_17.npy
1,D:\Doctorat\datasets\LUNA 16\classification\subset1\1\1_aug\28_19.npy
1,D:\Doctorat\datasets\LUNA 16\classification\subset1\1\1_aug\28_21.npy
1,D:\Doctorat\datasets\LUNA 16\classification\subset1\1\1_aug\28_29.npy
1,D:\Doctorat\datasets\LUNA 16\classification\subset1\1\1_aug\28_35.npy
1,D:\Doctorat\datasets\LUNA 16\classification\subset1\1\1_aug\28_4.npy
1,D:\Doctorat\datasets\LUNA 16\classification\subset1\1\1_aug\28_7.npy
1,D:\Doctorat\datasets\LUNA 16\classification\subset1\1\1_aug\29_11.npy
1,D:\Doctorat\datasets\LUNA 16\classification\subset1\1\1_aug\29_17.npy
1,D:\Doctorat\datasets\LUNA 16\classification\subset1\1\1_aug\29_20.npy
1,D:\Doctorat\datasets\LUNA 16\classification\subset1\1\1_aug\29_21.npy
1,D:\Doctorat\datasets\LUNA 16\classification\subset1\1\1_aug\29_22.npy
1,D:\Doctorat\datasets\LUNA 16\classification\subset1\1\1_aug\29_27.npy
1,D:\Doctorat\datasets\LUNA 16\classification\subset1\1\1_aug\29_28.npy
1,D:\Doctorat\datasets\LUNA 16\classification\subset1\1\1_aug\29_31.npy
1,D:\Doctorat\datasets\LUNA 16\classification\subset1\1\1_aug\29_32.npy
1,D:\Doctorat\datasets\LUNA 16\classification\subset1\1\1_aug\2_2.npy
1,D:\Doctorat\datasets\LUNA 16\classification\subset1\1\1_aug\2_21.npy
1,D:\Doctorat\datasets\LUNA 16\classification\subset1\1\1_aug\2_24.npy
1,D:\Doctorat\datasets\LUNA 16\classification\subset1\1\1_aug\2_25.npy
1,D:\Doctorat\datasets\LUNA 16\classification\subset1\1\1_aug\2_3.npy
1,D:\Doctorat\datasets\LUNA 16\classification\subset1\1\1_aug\2_32.npy
1,D:\Doctorat\datasets\LUNA 16\classification\subset1\1\1_aug\2_37.npy
1,D:\Doctorat\datasets\LUNA 16\classification\subset1\1\1_aug\30_1.npy
1,D:\Doctorat\datasets\LUNA 16\classification\subset1\1\1_aug\30_11.npy
1,D:\Doctorat\datasets\LUNA 16\classification\subset1\1\1_aug\30_14.npy
1,D:\Doctorat\datasets\LUNA 16\classification\subset1\1\1_aug\30_24.npy
1,D:\Doctorat\datasets\LUNA 16\classification\subset1\1\1_aug\30_29.npy
1,D:\Doctorat\datasets\LUNA 16\classification\subset1\1\1_aug\30_38.npy
1,D:\Doctorat\datasets\LUNA 16\classification\subset1\1\1_aug\30_7.npy
1,D:\Doctorat\datasets\LUNA 16\classification\subset1\1\1_aug\30_9.npy
1,D:\Doctorat\datasets\LUNA 16\classification\subset1\1\1_aug\31_10.npy
1,D:\Doctorat\datasets\LUNA 16\classification\subset1\1\1_aug\31_22.npy
1,D:\Doctorat\datasets\LUNA 16\classification\subset1\1\1_aug\31_24.npy
1,D:\Doctorat\datasets\LUNA 16\classification\subset1\1\1_aug\31_26.npy
1,D:\Doctorat\datasets\LUNA 16\classification\subset1\1\1_aug\31_29.npy
1,D:\Doctorat\datasets\LUNA 16\classification\subset1\1\1_aug\31_3.npy
1,D:\Doctorat\datasets\LUNA 16\classification\subset1\1\1_aug\31_35.npy
1,D:\Doctorat\datasets\LUNA 16\classification\subset1\1\1_aug\31_38.npy
1,D:\Doctorat\datasets\LUNA 16\classification\subset1\1\1_aug\31_39.npy
1,D:\Doctorat\datasets\LUNA 16\classification\subset1\1\1_aug\32_19.npy
1,D:\Doctorat\datasets\LUNA 16\classification\subset1\1\1_aug\32_2.npy
1,D:\Doctorat\datasets\LUNA 16\classification\subset1\1\1_aug\32_21.npy
1,D:\Doctorat\datasets\LUNA 16\classification\subset1\1\1_aug\32_25.npy
1,D:\Doctorat\datasets\LUNA 16\classification\subset1\1\1_aug\32_31.npy
1,D:\Doctorat\datasets\LUNA 16\classification\subset1\1\1_aug\32_32.npy
1,D:\Doctorat\datasets\LUNA 16\classification\subset1\1\1_aug\32_35.npy
1,D:\Doctorat\datasets\LUNA 16\classification\subset1\1\1_aug\32_40.npy
1,D:\Doctorat\datasets\LUNA 16\classification\subset1\1\1_aug\32_8.npy
1,D:\Doctorat\datasets\LUNA 16\classification\subset1\1\1_aug\32_9.npy
1,D:\Doctorat\datasets\LUNA 16\classification\subset1\1\1_aug\33_13.npy
1,D:\Doctorat\datasets\LUNA 16\classification\subset1\1\1_aug\33_17.npy
1,D:\Doctorat\datasets\LUNA 16\classification\subset1\1\1_aug\33_23.npy
1,D:\Doctorat\datasets\LUNA 16\classification\subset1\1\1_aug\33_27.npy
1,D:\Doctorat\datasets\LUNA 16\classification\subset1\1\1_aug\33_33.npy
1,D:\Doctorat\datasets\LUNA 16\classification\subset1\1\1_aug\33_34.npy
1,D:\Doctorat\datasets\LUNA 16\classification\subset1\1\1_aug\33_37.npy
1,D:\Doctorat\datasets\LUNA 16\classification\subset1\1\1_aug\33_4.npy
1,D:\Doctorat\datasets\LUNA 16\classification\subset1\1\1_aug\34_11.npy
1,D:\Doctorat\datasets\LUNA 16\classification\subset1\1\1_aug\34_18.npy
1,D:\Doctorat\datasets\LUNA 16\classification\subset1\1\1_aug\34_2.npy
1,D:\Doctorat\datasets\LUNA 16\classification\subset1\1\1_aug\34_20.npy
1,D:\Doctorat\datasets\LUNA 16\classification\subset1\1\1_aug\34_21.npy
1,D:\Doctorat\datasets\LUNA 16\classification\subset1\1\1_aug\34_22.npy
1,D:\Doctorat\datasets\LUNA 16\classification\subset1\1\1_aug\34_23.npy
1,D:\Doctorat\datasets\LUNA 16\classification\subset1\1\1_aug\34_25.npy
1,D:\Doctorat\datasets\LUNA 16\classification\subset1\1\1_aug\34_26.npy
1,D:\Doctorat\datasets\LUNA 16\classification\subset1\1\1_aug\34_30.npy
1,D:\Doctorat\datasets\LUNA 16\classification\subset1\1\1_aug\34_34.npy
1,D:\Doctorat\datasets\LUNA 16\classification\subset1\1\1_aug\35_17.npy
1,D:\Doctorat\datasets\LUNA 16\classification\subset1\1\1_aug\35_28.npy
1,D:\Doctorat\datasets\LUNA 16\classification\subset1\1\1_aug\35_31.npy
1,D:\Doctorat\datasets\LUNA 16\classification\subset1\1\1_aug\35_39.npy
1,D:\Doctorat\datasets\LUNA 16\classification\subset1\1\1_aug\36_1.npy
1,D:\Doctorat\datasets\LUNA 16\classification\subset1\1\1_aug\36_26.npy
1,D:\Doctorat\datasets\LUNA 16\classification\subset1\1\1_aug\36_32.npy
1,D:\Doctorat\datasets\LUNA 16\classification\subset1\1\1_aug\36_39.npy
1,D:\Doctorat\datasets\LUNA 16\classification\subset1\1\1_aug\36_40.npy
1,D:\Doctorat\datasets\LUNA 16\classification\subset1\1\1_aug\37_12.npy
1,D:\Doctorat\datasets\LUNA 16\classification\subset1\1\1_aug\37_24.npy
1,D:\Doctorat\datasets\LUNA 16\classification\subset1\1\1_aug\37_32.npy
1,D:\Doctorat\datasets\LUNA 16\classification\subset1\1\1_aug\37_33.npy
1,D:\Doctorat\datasets\LUNA 16\classification\subset1\1\1_aug\37_38.npy
1,D:\Doctorat\datasets\LUNA 16\classification\subset1\1\1_aug\38_16.npy
1,D:\Doctorat\datasets\LUNA 16\classification\subset1\1\1_aug\38_19.npy
1,D:\Doctorat\datasets\LUNA 16\classification\subset1\1\1_aug\38_2.npy
1,D:\Doctorat\datasets\LUNA 16\classification\subset1\1\1_aug\38_22.npy
1,D:\Doctorat\datasets\LUNA 16\classification\subset1\1\1_aug\38_23.npy
1,D:\Doctorat\datasets\LUNA 16\classification\subset1\1\1_aug\38_27.npy
1,D:\Doctorat\datasets\LUNA 16\classification\subset1\1\1_aug\38_3.npy
1,D:\Doctorat\datasets\LUNA 16\classification\subset1\1\1_aug\38_37.npy
1,D:\Doctorat\datasets\LUNA 16\classification\subset1\1\1_aug\38_38.npy
1,D:\Doctorat\datasets\LUNA 16\classification\subset1\1\1_aug\38_39.npy
1,D:\Doctorat\datasets\LUNA 16\classification\subset1\1\1_aug\38_6.npy
1,D:\Doctorat\datasets\LUNA 16\classification\subset1\1\1_aug\38_8.npy
1,D:\Doctorat\datasets\LUNA 16\classification\subset1\1\1_aug\39_13.npy
1,D:\Doctorat\datasets\LUNA 16\classification\subset1\1\1_aug\39_27.npy
1,D:\Doctorat\datasets\LUNA 16\classification\subset1\1\1_aug\39_33.npy
1,D:\Doctorat\datasets\LUNA 16\classification\subset1\1\1_aug\39_36.npy
1,D:\Doctorat\datasets\LUNA 16\classification\subset1\1\1_aug\39_38.npy
1,D:\Doctorat\datasets\LUNA 16\classification\subset1\1\1_aug\39_6.npy
1,D:\Doctorat\datasets\LUNA 16\classification\subset1\1\1_aug\39_7.npy
1,D:\Doctorat\datasets\LUNA 16\classification\subset1\1\1_aug\3_11.npy
1,D:\Doctorat\datasets\LUNA 16\classification\subset1\1\1_aug\3_12.npy
1,D:\Doctorat\datasets\LUNA 16\classification\subset1\1\1_aug\3_17.npy
1,D:\Doctorat\datasets\LUNA 16\classification\subset1\1\1_aug\3_19.npy
1,D:\Doctorat\datasets\LUNA 16\classification\subset1\1\1_aug\3_2.npy
1,D:\Doctorat\datasets\LUNA 16\classification\subset1\1\1_aug\3_22.npy
1,D:\Doctorat\datasets\LUNA 16\classification\subset1\1\1_aug\3_23.npy
1,D:\Doctorat\datasets\LUNA 16\classification\subset1\1\1_aug\3_30.npy
1,D:\Doctorat\datasets\LUNA 16\classification\subset1\1\1_aug\3_36.npy
1,D:\Doctorat\datasets\LUNA 16\classification\subset1\1\1_aug\3_6.npy
1,D:\Doctorat\datasets\LUNA 16\classification\subset1\1\1_aug\40_1.npy
1,D:\Doctorat\datasets\LUNA 16\classification\subset1\1\1_aug\40_10.npy
1,D:\Doctorat\datasets\LUNA 16\classification\subset1\1\1_aug\40_13.npy
1,D:\Doctorat\datasets\LUNA 16\classification\subset1\1\1_aug\40_19.npy
1,D:\Doctorat\datasets\LUNA 16\classification\subset1\1\1_aug\40_24.npy
1,D:\Doctorat\datasets\LUNA 16\classification\subset1\1\1_aug\40_26.npy
1,D:\Doctorat\datasets\LUNA 16\classification\subset1\1\1_aug\40_27.npy
1,D:\Doctorat\datasets\LUNA 16\classification\subset1\1\1_aug\40_3.npy
1,D:\Doctorat\datasets\LUNA 16\classification\subset1\1\1_aug\40_30.npy
1,D:\Doctorat\datasets\LUNA 16\classification\subset1\1\1_aug\40_35.npy
1,D:\Doctorat\datasets\LUNA 16\classification\subset1\1\1_aug\40_38.npy
1,D:\Doctorat\datasets\LUNA 16\classification\subset1\1\1_aug\41_1.npy
1,D:\Doctorat\datasets\LUNA 16\classification\subset1\1\1_aug\41_10.npy
1,D:\Doctorat\datasets\LUNA 16\classification\subset1\1\1_aug\41_14.npy
1,D:\Doctorat\datasets\LUNA 16\classification\subset1\1\1_aug\41_15.npy
1,D:\Doctorat\datasets\LUNA 16\classification\subset1\1\1_aug\41_32.npy
1,D:\Doctorat\datasets\LUNA 16\classification\subset1\1\1_aug\41_6.npy
1,D:\Doctorat\datasets\LUNA 16\classification\subset1\1\1_aug\42_12.npy
1,D:\Doctorat\datasets\LUNA 16\classification\subset1\1\1_aug\42_20.npy
1,D:\Doctorat\datasets\LUNA 16\classification\subset1\1\1_aug\42_27.npy
1,D:\Doctorat\datasets\LUNA 16\classification\subset1\1\1_aug\42_30.npy
1,D:\Doctorat\datasets\LUNA 16\classification\subset1\1\1_aug\42_31.npy
1,D:\Doctorat\datasets\LUNA 16\classification\subset1\1\1_aug\43_12.npy
1,D:\Doctorat\datasets\LUNA 16\classification\subset1\1\1_aug\43_15.npy
1,D:\Doctorat\datasets\LUNA 16\classification\subset1\1\1_aug\43_21.npy
1,D:\Doctorat\datasets\LUNA 16\classification\subset1\1\1_aug\43_28.npy
1,D:\Doctorat\datasets\LUNA 16\classification\subset1\1\1_aug\43_33.npy
1,D:\Doctorat\datasets\LUNA 16\classification\subset1\1\1_aug\43_4.npy
1,D:\Doctorat\datasets\LUNA 16\classification\subset1\1\1_aug\43_40.npy
1,D:\Doctorat\datasets\LUNA 16\classification\subset1\1\1_aug\43_7.npy
1,D:\Doctorat\datasets\LUNA 16\classification\subset1\1\1_aug\44_13.npy
1,D:\Doctorat\datasets\LUNA 16\classification\subset1\1\1_aug\44_20.npy
1,D:\Doctorat\datasets\LUNA 16\classification\subset1\1\1_aug\44_22.npy
1,D:\Doctorat\datasets\LUNA 16\classification\subset1\1\1_aug\44_25.npy
1,D:\Doctorat\datasets\LUNA 16\classification\subset1\1\1_aug\44_27.npy
1,D:\Doctorat\datasets\LUNA 16\classification\subset1\1\1_aug\44_29.npy
1,D:\Doctorat\datasets\LUNA 16\classification\subset1\1\1_aug\44_32.npy
1,D:\Doctorat\datasets\LUNA 16\classification\subset1\1\1_aug\44_33.npy
1,D:\Doctorat\datasets\LUNA 16\classification\subset1\1\1_aug\45_11.npy
1,D:\Doctorat\datasets\LUNA 16\classification\subset1\1\1_aug\45_19.npy
1,D:\Doctorat\datasets\LUNA 16\classification\subset1\1\1_aug\45_29.npy
1,D:\Doctorat\datasets\LUNA 16\classification\subset1\1\1_aug\45_30.npy
1,D:\Doctorat\datasets\LUNA 16\classification\subset1\1\1_aug\45_33.npy
1,D:\Doctorat\datasets\LUNA 16\classification\subset1\1\1_aug\45_37.npy
1,D:\Doctorat\datasets\LUNA 16\classification\subset1\1\1_aug\45_39.npy
1,D:\Doctorat\datasets\LUNA 16\classification\subset1\1\1_aug\45_7.npy
1,D:\Doctorat\datasets\LUNA 16\classification\subset1\1\1_aug\46_17.npy
1,D:\Doctorat\datasets\LUNA 16\classification\subset1\1\1_aug\46_2.npy
1,D:\Doctorat\datasets\LUNA 16\classification\subset1\1\1_aug\46_20.npy
1,D:\Doctorat\datasets\LUNA 16\classification\subset1\1\1_aug\46_26.npy
1,D:\Doctorat\datasets\LUNA 16\classification\subset1\1\1_aug\46_3.npy
1,D:\Doctorat\datasets\LUNA 16\classification\subset1\1\1_aug\46_38.npy
1,D:\Doctorat\datasets\LUNA 16\classification\subset1\1\1_aug\46_7.npy
1,D:\Doctorat\datasets\LUNA 16\classification\subset1\1\1_aug\47_1.npy
1,D:\Doctorat\datasets\LUNA 16\classification\subset1\1\1_aug\47_15.npy
1,D:\Doctorat\datasets\LUNA 16\classification\subset1\1\1_aug\47_17.npy
1,D:\Doctorat\datasets\LUNA 16\classification\subset1\1\1_aug\47_19.npy
1,D:\Doctorat\datasets\LUNA 16\classification\subset1\1\1_aug\47_2.npy
1,D:\Doctorat\datasets\LUNA 16\classification\subset1\1\1_aug\47_24.npy
1,D:\Doctorat\datasets\LUNA 16\classification\subset1\1\1_aug\47_28.npy
1,D:\Doctorat\datasets\LUNA 16\classification\subset1\1\1_aug\47_29.npy
1,D:\Doctorat\datasets\LUNA 16\classification\subset1\1\1_aug\47_35.npy
1,D:\Doctorat\datasets\LUNA 16\classification\subset1\1\1_aug\47_37.npy
1,D:\Doctorat\datasets\LUNA 16\classification\subset1\1\1_aug\48_13.npy
1,D:\Doctorat\datasets\LUNA 16\classification\subset1\1\1_aug\48_18.npy
1,D:\Doctorat\datasets\LUNA 16\classification\subset1\1\1_aug\48_35.npy
1,D:\Doctorat\datasets\LUNA 16\classification\subset1\1\1_aug\48_40.npy
1,D:\Doctorat\datasets\LUNA 16\classification\subset1\1\1_aug\48_7.npy
1,D:\Doctorat\datasets\LUNA 16\classification\subset1\1\1_aug\49_12.npy
1,D:\Doctorat\datasets\LUNA 16\classification\subset1\1\1_aug\49_3.npy
1,D:\Doctorat\datasets\LUNA 16\classification\subset1\1\1_aug\49_34.npy
1,D:\Doctorat\datasets\LUNA 16\classification\subset1\1\1_aug\49_35.npy
1,D:\Doctorat\datasets\LUNA 16\classification\subset1\1\1_aug\49_36.npy
1,D:\Doctorat\datasets\LUNA 16\classification\subset1\1\1_aug\49_5.npy
1,D:\Doctorat\datasets\LUNA 16\classification\subset1\1\1_aug\4_12.npy
1,D:\Doctorat\datasets\LUNA 16\classification\subset1\1\1_aug\4_2.npy
1,D:\Doctorat\datasets\LUNA 16\classification\subset1\1\1_aug\4_22.npy
1,D:\Doctorat\datasets\LUNA 16\classification\subset1\1\1_aug\4_3.npy
1,D:\Doctorat\datasets\LUNA 16\classification\subset1\1\1_aug\4_30.npy
1,D:\Doctorat\datasets\LUNA 16\classification\subset1\1\1_aug\4_31.npy
1,D:\Doctorat\datasets\LUNA 16\classification\subset1\1\1_aug\4_32.npy
1,D:\Doctorat\datasets\LUNA 16\classification\subset1\1\1_aug\4_33.npy
1,D:\Doctorat\datasets\LUNA 16\classification\subset1\1\1_aug\4_34.npy
1,D:\Doctorat\datasets\LUNA 16\classification\subset1\1\1_aug\4_35.npy
1,D:\Doctorat\datasets\LUNA 16\classification\subset1\1\1_aug\4_36.npy
1,D:\Doctorat\datasets\LUNA 16\classification\subset1\1\1_aug\4_37.npy
1,D:\Doctorat\datasets\LUNA 16\classification\subset1\1\1_aug\4_5.npy
1,D:\Doctorat\datasets\LUNA 16\classification\subset1\1\1_aug\4_8.npy
1,D:\Doctorat\datasets\LUNA 16\classification\subset1\1\1_aug\50_10.npy
1,D:\Doctorat\datasets\LUNA 16\classification\subset1\1\1_aug\50_13.npy
1,D:\Doctorat\datasets\LUNA 16\classification\subset1\1\1_aug\50_15.npy
1,D:\Doctorat\datasets\LUNA 16\classification\subset1\1\1_aug\50_2.npy
1,D:\Doctorat\datasets\LUNA 16\classification\subset1\1\1_aug\50_3.npy
1,D:\Doctorat\datasets\LUNA 16\classification\subset1\1\1_aug\50_33.npy
1,D:\Doctorat\datasets\LUNA 16\classification\subset1\1\1_aug\50_36.npy
1,D:\Doctorat\datasets\LUNA 16\classification\subset1\1\1_aug\51_10.npy
1,D:\Doctorat\datasets\LUNA 16\classification\subset1\1\1_aug\51_18.npy
1,D:\Doctorat\datasets\LUNA 16\classification\subset1\1\1_aug\51_23.npy
1,D:\Doctorat\datasets\LUNA 16\classification\subset1\1\1_aug\51_24.npy
1,D:\Doctorat\datasets\LUNA 16\classification\subset1\1\1_aug\51_29.npy
1,D:\Doctorat\datasets\LUNA 16\classification\subset1\1\1_aug\51_31.npy
1,D:\Doctorat\datasets\LUNA 16\classification\subset1\1\1_aug\51_35.npy
1,D:\Doctorat\datasets\LUNA 16\classification\subset1\1\1_aug\51_38.npy
1,D:\Doctorat\datasets\LUNA 16\classification\subset1\1\1_aug\51_5.npy
1,D:\Doctorat\datasets\LUNA 16\classification\subset1\1\1_aug\52_14.npy
1,D:\Doctorat\datasets\LUNA 16\classification\subset1\1\1_aug\52_16.npy
1,D:\Doctorat\datasets\LUNA 16\classification\subset1\1\1_aug\52_21.npy
1,D:\Doctorat\datasets\LUNA 16\classification\subset1\1\1_aug\52_3.npy
1,D:\Doctorat\datasets\LUNA 16\classification\subset1\1\1_aug\52_37.npy
1,D:\Doctorat\datasets\LUNA 16\classification\subset1\1\1_aug\53_10.npy
1,D:\Doctorat\datasets\LUNA 16\classification\subset1\1\1_aug\53_12.npy
1,D:\Doctorat\datasets\LUNA 16\classification\subset1\1\1_aug\53_19.npy
1,D:\Doctorat\datasets\LUNA 16\classification\subset1\1\1_aug\53_25.npy
1,D:\Doctorat\datasets\LUNA 16\classification\subset1\1\1_aug\53_29.npy
1,D:\Doctorat\datasets\LUNA 16\classification\subset1\1\1_aug\53_3.npy
1,D:\Doctorat\datasets\LUNA 16\classification\subset1\1\1_aug\53_36.npy
1,D:\Doctorat\datasets\LUNA 16\classification\subset1\1\1_aug\54_12.npy
1,D:\Doctorat\datasets\LUNA 16\classification\subset1\1\1_aug\54_15.npy
1,D:\Doctorat\datasets\LUNA 16\classification\subset1\1\1_aug\54_19.npy
1,D:\Doctorat\datasets\LUNA 16\classification\subset1\1\1_aug\54_28.npy
1,D:\Doctorat\datasets\LUNA 16\classification\subset1\1\1_aug\54_29.npy
1,D:\Doctorat\datasets\LUNA 16\classification\subset1\1\1_aug\54_37.npy
1,D:\Doctorat\datasets\LUNA 16\classification\subset1\1\1_aug\54_6.npy
1,D:\Doctorat\datasets\LUNA 16\classification\subset1\1\1_aug\54_8.npy
1,D:\Doctorat\datasets\LUNA 16\classification\subset1\1\1_aug\55_10.npy
1,D:\Doctorat\datasets\LUNA 16\classification\subset1\1\1_aug\55_14.npy
1,D:\Doctorat\datasets\LUNA 16\classification\subset1\1\1_aug\55_15.npy
1,D:\Doctorat\datasets\LUNA 16\classification\subset1\1\1_aug\55_16.npy
1,D:\Doctorat\datasets\LUNA 16\classification\subset1\1\1_aug\55_21.npy
1,D:\Doctorat\datasets\LUNA 16\classification\subset1\1\1_aug\55_27.npy
1,D:\Doctorat\datasets\LUNA 16\classification\subset1\1\1_aug\55_33.npy
1,D:\Doctorat\datasets\LUNA 16\classification\subset1\1\1_aug\55_40.npy
1,D:\Doctorat\datasets\LUNA 16\classification\subset1\1\1_aug\55_5.npy
1,D:\Doctorat\datasets\LUNA 16\classification\subset1\1\1_aug\55_9.npy
1,D:\Doctorat\datasets\LUNA 16\classification\subset1\1\1_aug\56_11.npy
1,D:\Doctorat\datasets\LUNA 16\classification\subset1\1\1_aug\56_14.npy
1,D:\Doctorat\datasets\LUNA 16\classification\subset1\1\1_aug\56_17.npy
1,D:\Doctorat\datasets\LUNA 16\classification\subset1\1\1_aug\56_19.npy
1,D:\Doctorat\datasets\LUNA 16\classification\subset1\1\1_aug\56_21.npy
1,D:\Doctorat\datasets\LUNA 16\classification\subset1\1\1_aug\56_3.npy
1,D:\Doctorat\datasets\LUNA 16\classification\subset1\1\1_aug\56_34.npy
1,D:\Doctorat\datasets\LUNA 16\classification\subset1\1\1_aug\56_35.npy
1,D:\Doctorat\datasets\LUNA 16\classification\subset1\1\1_aug\56_36.npy
1,D:\Doctorat\datasets\LUNA 16\classification\subset1\1\1_aug\57_17.npy
1,D:\Doctorat\datasets\LUNA 16\classification\subset1\1\1_aug\57_19.npy
1,D:\Doctorat\datasets\LUNA 16\classification\subset1\1\1_aug\57_22.npy
1,D:\Doctorat\datasets\LUNA 16\classification\subset1\1\1_aug\57_23.npy
1,D:\Doctorat\datasets\LUNA 16\classification\subset1\1\1_aug\57_29.npy
1,D:\Doctorat\datasets\LUNA 16\classification\subset1\1\1_aug\57_37.npy
1,D:\Doctorat\datasets\LUNA 16\classification\subset1\1\1_aug\57_9.npy
1,D:\Doctorat\datasets\LUNA 16\classification\subset1\1\1_aug\58_14.npy
1,D:\Doctorat\datasets\LUNA 16\classification\subset1\1\1_aug\58_16.npy
1,D:\Doctorat\datasets\LUNA 16\classification\subset1\1\1_aug\58_25.npy
1,D:\Doctorat\datasets\LUNA 16\classification\subset1\1\1_aug\58_26.npy
1,D:\Doctorat\datasets\LUNA 16\classification\subset1\1\1_aug\58_29.npy
1,D:\Doctorat\datasets\LUNA 16\classification\subset1\1\1_aug\58_32.npy
1,D:\Doctorat\datasets\LUNA 16\classification\subset1\1\1_aug\58_34.npy
1,D:\Doctorat\datasets\LUNA 16\classification\subset1\1\1_aug\58_40.npy
1,D:\Doctorat\datasets\LUNA 16\classification\subset1\1\1_aug\59_1.npy
1,D:\Doctorat\datasets\LUNA 16\classification\subset1\1\1_aug\59_14.npy
1,D:\Doctorat\datasets\LUNA 16\classification\subset1\1\1_aug\59_21.npy
1,D:\Doctorat\datasets\LUNA 16\classification\subset1\1\1_aug\59_27.npy
1,D:\Doctorat\datasets\LUNA 16\classification\subset1\1\1_aug\59_29.npy
1,D:\Doctorat\datasets\LUNA 16\classification\subset1\1\1_aug\59_31.npy
1,D:\Doctorat\datasets\LUNA 16\classification\subset1\1\1_aug\59_32.npy
1,D:\Doctorat\datasets\LUNA 16\classification\subset1\1\1_aug\59_35.npy
1,D:\Doctorat\datasets\LUNA 16\classification\subset1\1\1_aug\59_37.npy
1,D:\Doctorat\datasets\LUNA 16\classification\subset1\1\1_aug\5_1.npy
1,D:\Doctorat\datasets\LUNA 16\classification\subset1\1\1_aug\5_10.npy
1,D:\Doctorat\datasets\LUNA 16\classification\subset1\1\1_aug\5_22.npy
1,D:\Doctorat\datasets\LUNA 16\classification\subset1\1\1_aug\5_25.npy
1,D:\Doctorat\datasets\LUNA 16\classification\subset1\1\1_aug\5_27.npy
1,D:\Doctorat\datasets\LUNA 16\classification\subset1\1\1_aug\5_28.npy
1,D:\Doctorat\datasets\LUNA 16\classification\subset1\1\1_aug\5_3.npy
1,D:\Doctorat\datasets\LUNA 16\classification\subset1\1\1_aug\5_33.npy
1,D:\Doctorat\datasets\LUNA 16\classification\subset1\1\1_aug\5_35.npy
1,D:\Doctorat\datasets\LUNA 16\classification\subset1\1\1_aug\5_38.npy
1,D:\Doctorat\datasets\LUNA 16\classification\subset1\1\1_aug\5_5.npy
1,D:\Doctorat\datasets\LUNA 16\classification\subset1\1\1_aug\5_8.npy
1,D:\Doctorat\datasets\LUNA 16\classification\subset1\1\1_aug\60_10.npy
1,D:\Doctorat\datasets\LUNA 16\classification\subset1\1\1_aug\60_19.npy
1,D:\Doctorat\datasets\LUNA 16\classification\subset1\1\1_aug\60_22.npy
1,D:\Doctorat\datasets\LUNA 16\classification\subset1\1\1_aug\60_25.npy
1,D:\Doctorat\datasets\LUNA 16\classification\subset1\1\1_aug\60_29.npy
1,D:\Doctorat\datasets\LUNA 16\classification\subset1\1\1_aug\60_35.npy
1,D:\Doctorat\datasets\LUNA 16\classification\subset1\1\1_aug\60_38.npy
1,D:\Doctorat\datasets\LUNA 16\classification\subset1\1\1_aug\60_6.npy
1,D:\Doctorat\datasets\LUNA 16\classification\subset1\1\1_aug\60_9.npy
1,D:\Doctorat\datasets\LUNA 16\classification\subset1\1\1_aug\61_12.npy
1,D:\Doctorat\datasets\LUNA 16\classification\subset1\1\1_aug\61_2.npy
1,D:\Doctorat\datasets\LUNA 16\classification\subset1\1\1_aug\61_26.npy
1,D:\Doctorat\datasets\LUNA 16\classification\subset1\1\1_aug\61_29.npy
1,D:\Doctorat\datasets\LUNA 16\classification\subset1\1\1_aug\61_30.npy
1,D:\Doctorat\datasets\LUNA 16\classification\subset1\1\1_aug\61_36.npy
1,D:\Doctorat\datasets\LUNA 16\classification\subset1\1\1_aug\62_11.npy
1,D:\Doctorat\datasets\LUNA 16\classification\subset1\1\1_aug\62_14.npy
1,D:\Doctorat\datasets\LUNA 16\classification\subset1\1\1_aug\62_16.npy
1,D:\Doctorat\datasets\LUNA 16\classification\subset1\1\1_aug\62_17.npy
1,D:\Doctorat\datasets\LUNA 16\classification\subset1\1\1_aug\62_2.npy
1,D:\Doctorat\datasets\LUNA 16\classification\subset1\1\1_aug\62_20.npy
1,D:\Doctorat\datasets\LUNA 16\classification\subset1\1\1_aug\62_21.npy
1,D:\Doctorat\datasets\LUNA 16\classification\subset1\1\1_aug\62_23.npy
1,D:\Doctorat\datasets\LUNA 16\classification\subset1\1\1_aug\62_28.npy
1,D:\Doctorat\datasets\LUNA 16\classification\subset1\1\1_aug\62_33.npy
1,D:\Doctorat\datasets\LUNA 16\classification\subset1\1\1_aug\63_12.npy
1,D:\Doctorat\datasets\LUNA 16\classification\subset1\1\1_aug\63_13.npy
1,D:\Doctorat\datasets\LUNA 16\classification\subset1\1\1_aug\64_10.npy
1,D:\Doctorat\datasets\LUNA 16\classification\subset1\1\1_aug\64_11.npy
1,D:\Doctorat\datasets\LUNA 16\classification\subset1\1\1_aug\64_16.npy
1,D:\Doctorat\datasets\LUNA 16\classification\subset1\1\1_aug\64_19.npy
1,D:\Doctorat\datasets\LUNA 16\classification\subset1\1\1_aug\64_20.npy
1,D:\Doctorat\datasets\LUNA 16\classification\subset1\1\1_aug\64_21.npy
1,D:\Doctorat\datasets\LUNA 16\classification\subset1\1\1_aug\64_29.npy
1,D:\Doctorat\datasets\LUNA 16\classification\subset1\1\1_aug\64_33.npy
1,D:\Doctorat\datasets\LUNA 16\classification\subset1\1\1_aug\64_35.npy
1,D:\Doctorat\datasets\LUNA 16\classification\subset1\1\1_aug\64_4.npy
1,D:\Doctorat\datasets\LUNA 16\classification\subset1\1\1_aug\65_11.npy
1,D:\Doctorat\datasets\LUNA 16\classification\subset1\1\1_aug\65_14.npy
1,D:\Doctorat\datasets\LUNA 16\classification\subset1\1\1_aug\65_16.npy
1,D:\Doctorat\datasets\LUNA 16\classification\subset1\1\1_aug\65_18.npy
1,D:\Doctorat\datasets\LUNA 16\classification\subset1\1\1_aug\65_19.npy
1,D:\Doctorat\datasets\LUNA 16\classification\subset1\1\1_aug\65_34.npy
1,D:\Doctorat\datasets\LUNA 16\classification\subset1\1\1_aug\65_37.npy
1,D:\Doctorat\datasets\LUNA 16\classification\subset1\1\1_aug\65_6.npy
1,D:\Doctorat\datasets\LUNA 16\classification\subset1\1\1_aug\65_7.npy
1,D:\Doctorat\datasets\LUNA 16\classification\subset1\1\1_aug\66_14.npy
1,D:\Doctorat\datasets\LUNA 16\classification\subset1\1\1_aug\66_2.npy
1,D:\Doctorat\datasets\LUNA 16\classification\subset1\1\1_aug\66_23.npy
1,D:\Doctorat\datasets\LUNA 16\classification\subset1\1\1_aug\66_25.npy
1,D:\Doctorat\datasets\LUNA 16\classification\subset1\1\1_aug\66_29.npy
1,D:\Doctorat\datasets\LUNA 16\classification\subset1\1\1_aug\66_32.npy
1,D:\Doctorat\datasets\LUNA 16\classification\subset1\1\1_aug\67_10.npy
1,D:\Doctorat\datasets\LUNA 16\classification\subset1\1\1_aug\67_12.npy
1,D:\Doctorat\datasets\LUNA 16\classification\subset1\1\1_aug\67_13.npy
1,D:\Doctorat\datasets\LUNA 16\classification\subset1\1\1_aug\67_18.npy
1,D:\Doctorat\datasets\LUNA 16\classification\subset1\1\1_aug\67_24.npy
1,D:\Doctorat\datasets\LUNA 16\classification\subset1\1\1_aug\67_37.npy
1,D:\Doctorat\datasets\LUNA 16\classification\subset1\1\1_aug\67_39.npy
1,D:\Doctorat\datasets\LUNA 16\classification\subset1\1\1_aug\67_8.npy
1,D:\Doctorat\datasets\LUNA 16\classification\subset1\1\1_aug\68_10.npy
1,D:\Doctorat\datasets\LUNA 16\classification\subset1\1\1_aug\68_16.npy
1,D:\Doctorat\datasets\LUNA 16\classification\subset1\1\1_aug\68_29.npy
1,D:\Doctorat\datasets\LUNA 16\classification\subset1\1\1_aug\68_34.npy
1,D:\Doctorat\datasets\LUNA 16\classification\subset1\1\1_aug\68_37.npy
1,D:\Doctorat\datasets\LUNA 16\classification\subset1\1\1_aug\68_4.npy
1,D:\Doctorat\datasets\LUNA 16\classification\subset1\1\1_aug\68_5.npy
1,D:\Doctorat\datasets\LUNA 16\classification\subset1\1\1_aug\69_11.npy
1,D:\Doctorat\datasets\LUNA 16\classification\subset1\1\1_aug\69_12.npy
1,D:\Doctorat\datasets\LUNA 16\classification\subset1\1\1_aug\69_15.npy
1,D:\Doctorat\datasets\LUNA 16\classification\subset1\1\1_aug\69_18.npy
1,D:\Doctorat\datasets\LUNA 16\classification\subset1\1\1_aug\69_19.npy
1,D:\Doctorat\datasets\LUNA 16\classification\subset1\1\1_aug\69_24.npy
1,D:\Doctorat\datasets\LUNA 16\classification\subset1\1\1_aug\69_28.npy
1,D:\Doctorat\datasets\LUNA 16\classification\subset1\1\1_aug\69_30.npy
1,D:\Doctorat\datasets\LUNA 16\classification\subset1\1\1_aug\69_32.npy
1,D:\Doctorat\datasets\LUNA 16\classification\subset1\1\1_aug\69_33.npy
1,D:\Doctorat\datasets\LUNA 16\classification\subset1\1\1_aug\69_34.npy
1,D:\Doctorat\datasets\LUNA 16\classification\subset1\1\1_aug\69_6.npy
1,D:\Doctorat\datasets\LUNA 16\classification\subset1\1\1_aug\69_8.npy
1,D:\Doctorat\datasets\LUNA 16\classification\subset1\1\1_aug\6_3.npy
1,D:\Doctorat\datasets\LUNA 16\classification\subset1\1\1_aug\6_34.npy
1,D:\Doctorat\datasets\LUNA 16\classification\subset1\1\1_aug\6_35.npy
1,D:\Doctorat\datasets\LUNA 16\classification\subset1\1\1_aug\6_7.npy
1,D:\Doctorat\datasets\LUNA 16\classification\subset1\1\1_aug\6_9.npy
1,D:\Doctorat\datasets\LUNA 16\classification\subset1\1\1_aug\70_1.npy
1,D:\Doctorat\datasets\LUNA 16\classification\subset1\1\1_aug\70_11.npy
1,D:\Doctorat\datasets\LUNA 16\classification\subset1\1\1_aug\70_15.npy
1,D:\Doctorat\datasets\LUNA 16\classification\subset1\1\1_aug\70_18.npy
1,D:\Doctorat\datasets\LUNA 16\classification\subset1\1\1_aug\70_25.npy
1,D:\Doctorat\datasets\LUNA 16\classification\subset1\1\1_aug\70_30.npy
1,D:\Doctorat\datasets\LUNA 16\classification\subset1\1\1_aug\70_38.npy
1,D:\Doctorat\datasets\LUNA 16\classification\subset1\1\1_aug\70_4.npy
1,D:\Doctorat\datasets\LUNA 16\classification\subset1\1\1_aug\70_40.npy
1,D:\Doctorat\datasets\LUNA 16\classification\subset1\1\1_aug\71_1.npy
1,D:\Doctorat\datasets\LUNA 16\classification\subset1\1\1_aug\71_14.npy
1,D:\Doctorat\datasets\LUNA 16\classification\subset1\1\1_aug\71_19.npy
1,D:\Doctorat\datasets\LUNA 16\classification\subset1\1\1_aug\71_21.npy
1,D:\Doctorat\datasets\LUNA 16\classification\subset1\1\1_aug\71_23.npy
1,D:\Doctorat\datasets\LUNA 16\classification\subset1\1\1_aug\71_31.npy
1,D:\Doctorat\datasets\LUNA 16\classification\subset1\1\1_aug\71_32.npy
1,D:\Doctorat\datasets\LUNA 16\classification\subset1\1\1_aug\71_33.npy
1,D:\Doctorat\datasets\LUNA 16\classification\subset1\1\1_aug\71_35.npy
1,D:\Doctorat\datasets\LUNA 16\classification\subset1\1\1_aug\71_7.npy
1,D:\Doctorat\datasets\LUNA 16\classification\subset1\1\1_aug\72_10.npy
1,D:\Doctorat\datasets\LUNA 16\classification\subset1\1\1_aug\72_14.npy
1,D:\Doctorat\datasets\LUNA 16\classification\subset1\1\1_aug\72_2.npy
1,D:\Doctorat\datasets\LUNA 16\classification\subset1\1\1_aug\72_20.npy
1,D:\Doctorat\datasets\LUNA 16\classification\subset1\1\1_aug\72_23.npy
1,D:\Doctorat\datasets\LUNA 16\classification\subset1\1\1_aug\72_33.npy
1,D:\Doctorat\datasets\LUNA 16\classification\subset1\1\1_aug\72_35.npy
1,D:\Doctorat\datasets\LUNA 16\classification\subset1\1\1_aug\72_40.npy
1,D:\Doctorat\datasets\LUNA 16\classification\subset1\1\1_aug\72_8.npy
1,D:\Doctorat\datasets\LUNA 16\classification\subset1\1\1_aug\73_1.npy
1,D:\Doctorat\datasets\LUNA 16\classification\subset1\1\1_aug\73_21.npy
1,D:\Doctorat\datasets\LUNA 16\classification\subset1\1\1_aug\73_22.npy
1,D:\Doctorat\datasets\LUNA 16\classification\subset1\1\1_aug\73_24.npy
1,D:\Doctorat\datasets\LUNA 16\classification\subset1\1\1_aug\73_28.npy
1,D:\Doctorat\datasets\LUNA 16\classification\subset1\1\1_aug\73_39.npy
1,D:\Doctorat\datasets\LUNA 16\classification\subset1\1\1_aug\73_40.npy
1,D:\Doctorat\datasets\LUNA 16\classification\subset1\1\1_aug\74_10.npy
1,D:\Doctorat\datasets\LUNA 16\classification\subset1\1\1_aug\74_2.npy
1,D:\Doctorat\datasets\LUNA 16\classification\subset1\1\1_aug\74_32.npy
1,D:\Doctorat\datasets\LUNA 16\classification\subset1\1\1_aug\74_34.npy
1,D:\Doctorat\datasets\LUNA 16\classification\subset1\1\1_aug\74_36.npy
1,D:\Doctorat\datasets\LUNA 16\classification\subset1\1\1_aug\74_39.npy
1,D:\Doctorat\datasets\LUNA 16\classification\subset1\1\1_aug\75_19.npy
1,D:\Doctorat\datasets\LUNA 16\classification\subset1\1\1_aug\75_24.npy
1,D:\Doctorat\datasets\LUNA 16\classification\subset1\1\1_aug\75_26.npy
1,D:\Doctorat\datasets\LUNA 16\classification\subset1\1\1_aug\75_28.npy
1,D:\Doctorat\datasets\LUNA 16\classification\subset1\1\1_aug\75_29.npy
1,D:\Doctorat\datasets\LUNA 16\classification\subset1\1\1_aug\75_33.npy
1,D:\Doctorat\datasets\LUNA 16\classification\subset1\1\1_aug\75_37.npy
1,D:\Doctorat\datasets\LUNA 16\classification\subset1\1\1_aug\75_40.npy
1,D:\Doctorat\datasets\LUNA 16\classification\subset1\1\1_aug\75_5.npy
1,D:\Doctorat\datasets\LUNA 16\classification\subset1\1\1_aug\76_12.npy
1,D:\Doctorat\datasets\LUNA 16\classification\subset1\1\1_aug\76_13.npy
1,D:\Doctorat\datasets\LUNA 16\classification\subset1\1\1_aug\76_16.npy
1,D:\Doctorat\datasets\LUNA 16\classification\subset1\1\1_aug\76_20.npy
1,D:\Doctorat\datasets\LUNA 16\classification\subset1\1\1_aug\76_23.npy
1,D:\Doctorat\datasets\LUNA 16\classification\subset1\1\1_aug\76_31.npy
1,D:\Doctorat\datasets\LUNA 16\classification\subset1\1\1_aug\76_32.npy
1,D:\Doctorat\datasets\LUNA 16\classification\subset1\1\1_aug\76_33.npy
1,D:\Doctorat\datasets\LUNA 16\classification\subset1\1\1_aug\76_36.npy
1,D:\Doctorat\datasets\LUNA 16\classification\subset1\1\1_aug\76_4.npy
1,D:\Doctorat\datasets\LUNA 16\classification\subset1\1\1_aug\76_40.npy
1,D:\Doctorat\datasets\LUNA 16\classification\subset1\1\1_aug\77_11.npy
1,D:\Doctorat\datasets\LUNA 16\classification\subset1\1\1_aug\77_15.npy
1,D:\Doctorat\datasets\LUNA 16\classification\subset1\1\1_aug\77_18.npy
1,D:\Doctorat\datasets\LUNA 16\classification\subset1\1\1_aug\77_19.npy
1,D:\Doctorat\datasets\LUNA 16\classification\subset1\1\1_aug\77_3.npy
1,D:\Doctorat\datasets\LUNA 16\classification\subset1\1\1_aug\78_12.npy
1,D:\Doctorat\datasets\LUNA 16\classification\subset1\1\1_aug\78_2.npy
1,D:\Doctorat\datasets\LUNA 16\classification\subset1\1\1_aug\78_22.npy
1,D:\Doctorat\datasets\LUNA 16\classification\subset1\1\1_aug\78_31.npy
1,D:\Doctorat\datasets\LUNA 16\classification\subset1\1\1_aug\78_33.npy
1,D:\Doctorat\datasets\LUNA 16\classification\subset1\1\1_aug\78_9.npy
1,D:\Doctorat\datasets\LUNA 16\classification\subset1\1\1_aug\79_14.npy
1,D:\Doctorat\datasets\LUNA 16\classification\subset1\1\1_aug\79_25.npy
1,D:\Doctorat\datasets\LUNA 16\classification\subset1\1\1_aug\79_29.npy
1,D:\Doctorat\datasets\LUNA 16\classification\subset1\1\1_aug\79_31.npy
1,D:\Doctorat\datasets\LUNA 16\classification\subset1\1\1_aug\79_37.npy
1,D:\Doctorat\datasets\LUNA 16\classification\subset1\1\1_aug\79_38.npy
1,D:\Doctorat\datasets\LUNA 16\classification\subset1\1\1_aug\7_10.npy
1,D:\Doctorat\datasets\LUNA 16\classification\subset1\1\1_aug\7_17.npy
1,D:\Doctorat\datasets\LUNA 16\classification\subset1\1\1_aug\7_20.npy
1,D:\Doctorat\datasets\LUNA 16\classification\subset1\1\1_aug\7_29.npy
1,D:\Doctorat\datasets\LUNA 16\classification\subset1\1\1_aug\7_31.npy
1,D:\Doctorat\datasets\LUNA 16\classification\subset1\1\1_aug\7_5.npy
1,D:\Doctorat\datasets\LUNA 16\classification\subset1\1\1_aug\7_7.npy
1,D:\Doctorat\datasets\LUNA 16\classification\subset1\1\1_aug\80_13.npy
1,D:\Doctorat\datasets\LUNA 16\classification\subset1\1\1_aug\80_16.npy
1,D:\Doctorat\datasets\LUNA 16\classification\subset1\1\1_aug\80_21.npy
1,D:\Doctorat\datasets\LUNA 16\classification\subset1\1\1_aug\80_24.npy
1,D:\Doctorat\datasets\LUNA 16\classification\subset1\1\1_aug\80_29.npy
1,D:\Doctorat\datasets\LUNA 16\classification\subset1\1\1_aug\80_30.npy
1,D:\Doctorat\datasets\LUNA 16\classification\subset1\1\1_aug\80_37.npy
1,D:\Doctorat\datasets\LUNA 16\classification\subset1\1\1_aug\80_4.npy
1,D:\Doctorat\datasets\LUNA 16\classification\subset1\1\1_aug\81_1.npy
1,D:\Doctorat\datasets\LUNA 16\classification\subset1\1\1_aug\81_14.npy
1,D:\Doctorat\datasets\LUNA 16\classification\subset1\1\1_aug\81_21.npy
1,D:\Doctorat\datasets\LUNA 16\classification\subset1\1\1_aug\81_26.npy
1,D:\Doctorat\datasets\LUNA 16\classification\subset1\1\1_aug\81_27.npy
1,D:\Doctorat\datasets\LUNA 16\classification\subset1\1\1_aug\81_28.npy
1,D:\Doctorat\datasets\LUNA 16\classification\subset1\1\1_aug\81_30.npy
1,D:\Doctorat\datasets\LUNA 16\classification\subset1\1\1_aug\81_38.npy
1,D:\Doctorat\datasets\LUNA 16\classification\subset1\1\1_aug\82_1.npy
1,D:\Doctorat\datasets\LUNA 16\classification\subset1\1\1_aug\82_11.npy
1,D:\Doctorat\datasets\LUNA 16\classification\subset1\1\1_aug\82_13.npy
1,D:\Doctorat\datasets\LUNA 16\classification\subset1\1\1_aug\82_18.npy
1,D:\Doctorat\datasets\LUNA 16\classification\subset1\1\1_aug\82_19.npy
1,D:\Doctorat\datasets\LUNA 16\classification\subset1\1\1_aug\82_23.npy
1,D:\Doctorat\datasets\LUNA 16\classification\subset1\1\1_aug\82_28.npy
1,D:\Doctorat\datasets\LUNA 16\classification\subset1\1\1_aug\82_3.npy
1,D:\Doctorat\datasets\LUNA 16\classification\subset1\1\1_aug\82_40.npy
1,D:\Doctorat\datasets\LUNA 16\classification\subset1\1\1_aug\82_9.npy
1,D:\Doctorat\datasets\LUNA 16\classification\subset1\1\1_aug\83_12.npy
1,D:\Doctorat\datasets\LUNA 16\classification\subset1\1\1_aug\83_20.npy
1,D:\Doctorat\datasets\LUNA 16\classification\subset1\1\1_aug\83_22.npy
1,D:\Doctorat\datasets\LUNA 16\classification\subset1\1\1_aug\83_24.npy
1,D:\Doctorat\datasets\LUNA 16\classification\subset1\1\1_aug\83_28.npy
1,D:\Doctorat\datasets\LUNA 16\classification\subset1\1\1_aug\83_3.npy
1,D:\Doctorat\datasets\LUNA 16\classification\subset1\1\1_aug\83_30.npy
1,D:\Doctorat\datasets\LUNA 16\classification\subset1\1\1_aug\83_33.npy
1,D:\Doctorat\datasets\LUNA 16\classification\subset1\1\1_aug\83_37.npy
1,D:\Doctorat\datasets\LUNA 16\classification\subset1\1\1_aug\83_39.npy
1,D:\Doctorat\datasets\LUNA 16\classification\subset1\1\1_aug\83_40.npy
1,D:\Doctorat\datasets\LUNA 16\classification\subset1\1\1_aug\84_11.npy
1,D:\Doctorat\datasets\LUNA 16\classification\subset1\1\1_aug\84_12.npy
1,D:\Doctorat\datasets\LUNA 16\classification\subset1\1\1_aug\84_15.npy
1,D:\Doctorat\datasets\LUNA 16\classification\subset1\1\1_aug\84_29.npy
1,D:\Doctorat\datasets\LUNA 16\classification\subset1\1\1_aug\84_35.npy
1,D:\Doctorat\datasets\LUNA 16\classification\subset1\1\1_aug\84_5.npy
1,D:\Doctorat\datasets\LUNA 16\classification\subset1\1\1_aug\85_11.npy
1,D:\Doctorat\datasets\LUNA 16\classification\subset1\1\1_aug\85_12.npy
1,D:\Doctorat\datasets\LUNA 16\classification\subset1\1\1_aug\85_13.npy
1,D:\Doctorat\datasets\LUNA 16\classification\subset1\1\1_aug\85_16.npy
1,D:\Doctorat\datasets\LUNA 16\classification\subset1\1\1_aug\85_22.npy
1,D:\Doctorat\datasets\LUNA 16\classification\subset1\1\1_aug\85_23.npy
1,D:\Doctorat\datasets\LUNA 16\classification\subset1\1\1_aug\85_29.npy
1,D:\Doctorat\datasets\LUNA 16\classification\subset1\1\1_aug\85_39.npy
1,D:\Doctorat\datasets\LUNA 16\classification\subset1\1\1_aug\85_5.npy
1,D:\Doctorat\datasets\LUNA 16\classification\subset1\1\1_aug\86_11.npy
1,D:\Doctorat\datasets\LUNA 16\classification\subset1\1\1_aug\86_12.npy
1,D:\Doctorat\datasets\LUNA 16\classification\subset1\1\1_aug\86_16.npy
1,D:\Doctorat\datasets\LUNA 16\classification\subset1\1\1_aug\86_23.npy
1,D:\Doctorat\datasets\LUNA 16\classification\subset1\1\1_aug\86_25.npy
1,D:\Doctorat\datasets\LUNA 16\classification\subset1\1\1_aug\86_26.npy
1,D:\Doctorat\datasets\LUNA 16\classification\subset1\1\1_aug\86_27.npy
1,D:\Doctorat\datasets\LUNA 16\classification\subset1\1\1_aug\86_3.npy
1,D:\Doctorat\datasets\LUNA 16\classification\subset1\1\1_aug\86_35.npy
1,D:\Doctorat\datasets\LUNA 16\classification\subset1\1\1_aug\86_7.npy
1,D:\Doctorat\datasets\LUNA 16\classification\subset1\1\1_aug\87_30.npy
1,D:\Doctorat\datasets\LUNA 16\classification\subset1\1\1_aug\87_6.npy
1,D:\Doctorat\datasets\LUNA 16\classification\subset1\1\1_aug\88_10.npy
1,D:\Doctorat\datasets\LUNA 16\classification\subset1\1\1_aug\88_11.npy
1,D:\Doctorat\datasets\LUNA 16\classification\subset1\1\1_aug\88_19.npy
1,D:\Doctorat\datasets\LUNA 16\classification\subset1\1\1_aug\88_2.npy
1,D:\Doctorat\datasets\LUNA 16\classification\subset1\1\1_aug\88_22.npy
1,D:\Doctorat\datasets\LUNA 16\classification\subset1\1\1_aug\88_23.npy
1,D:\Doctorat\datasets\LUNA 16\classification\subset1\1\1_aug\88_29.npy
1,D:\Doctorat\datasets\LUNA 16\classification\subset1\1\1_aug\88_36.npy
1,D:\Doctorat\datasets\LUNA 16\classification\subset1\1\1_aug\88_38.npy
1,D:\Doctorat\datasets\LUNA 16\classification\subset1\1\1_aug\88_4.npy
1,D:\Doctorat\datasets\LUNA 16\classification\subset1\1\1_aug\88_5.npy
1,D:\Doctorat\datasets\LUNA 16\classification\subset1\1\1_aug\89_20.npy
1,D:\Doctorat\datasets\LUNA 16\classification\subset1\1\1_aug\89_23.npy
1,D:\Doctorat\datasets\LUNA 16\classification\subset1\1\1_aug\89_24.npy
1,D:\Doctorat\datasets\LUNA 16\classification\subset1\1\1_aug\89_25.npy
1,D:\Doctorat\datasets\LUNA 16\classification\subset1\1\1_aug\89_29.npy
1,D:\Doctorat\datasets\LUNA 16\classification\subset1\1\1_aug\89_38.npy
1,D:\Doctorat\datasets\LUNA 16\classification\subset1\1\1_aug\89_7.npy
1,D:\Doctorat\datasets\LUNA 16\classification\subset1\1\1_aug\89_9.npy
1,D:\Doctorat\datasets\LUNA 16\classification\subset1\1\1_aug\8_11.npy
1,D:\Doctorat\datasets\LUNA 16\classification\subset1\1\1_aug\8_16.npy
1,D:\Doctorat\datasets\LUNA 16\classification\subset1\1\1_aug\8_32.npy
1,D:\Doctorat\datasets\LUNA 16\classification\subset1\1\1_aug\8_33.npy
1,D:\Doctorat\datasets\LUNA 16\classification\subset1\1\1_aug\8_39.npy
1,D:\Doctorat\datasets\LUNA 16\classification\subset1\1\1_aug\90_22.npy
1,D:\Doctorat\datasets\LUNA 16\classification\subset1\1\1_aug\90_33.npy
1,D:\Doctorat\datasets\LUNA 16\classification\subset1\1\1_aug\90_39.npy
1,D:\Doctorat\datasets\LUNA 16\classification\subset1\1\1_aug\90_6.npy
1,D:\Doctorat\datasets\LUNA 16\classification\subset1\1\1_aug\90_7.npy
1,D:\Doctorat\datasets\LUNA 16\classification\subset1\1\1_aug\90_9.npy
1,D:\Doctorat\datasets\LUNA 16\classification\subset1\1\1_aug\91_1.npy
1,D:\Doctorat\datasets\LUNA 16\classification\subset1\1\1_aug\91_17.npy
1,D:\Doctorat\datasets\LUNA 16\classification\subset1\1\1_aug\91_19.npy
1,D:\Doctorat\datasets\LUNA 16\classification\subset1\1\1_aug\91_2.npy
1,D:\Doctorat\datasets\LUNA 16\classification\subset1\1\1_aug\91_3.npy
1,D:\Doctorat\datasets\LUNA 16\classification\subset1\1\1_aug\91_35.npy
1,D:\Doctorat\datasets\LUNA 16\classification\subset1\1\1_aug\91_36.npy
1,D:\Doctorat\datasets\LUNA 16\classification\subset1\1\1_aug\91_38.npy
1,D:\Doctorat\datasets\LUNA 16\classification\subset1\1\1_aug\91_8.npy
1,D:\Doctorat\datasets\LUNA 16\classification\subset1\1\1_aug\91_9.npy
1,D:\Doctorat\datasets\LUNA 16\classification\subset1\1\1_aug\92_1.npy
1,D:\Doctorat\datasets\LUNA 16\classification\subset1\1\1_aug\92_2.npy
1,D:\Doctorat\datasets\LUNA 16\classification\subset1\1\1_aug\92_21.npy
1,D:\Doctorat\datasets\LUNA 16\classification\subset1\1\1_aug\92_24.npy
1,D:\Doctorat\datasets\LUNA 16\classification\subset1\1\1_aug\92_25.npy
1,D:\Doctorat\datasets\LUNA 16\classification\subset1\1\1_aug\92_4.npy
1,D:\Doctorat\datasets\LUNA 16\classification\subset1\1\1_aug\92_8.npy
1,D:\Doctorat\datasets\LUNA 16\classification\subset1\1\1_aug\92_9.npy
1,D:\Doctorat\datasets\LUNA 16\classification\subset1\1\1_aug\93_1.npy
1,D:\Doctorat\datasets\LUNA 16\classification\subset1\1\1_aug\93_14.npy
1,D:\Doctorat\datasets\LUNA 16\classification\subset1\1\1_aug\93_16.npy
1,D:\Doctorat\datasets\LUNA 16\classification\subset1\1\1_aug\93_24.npy
1,D:\Doctorat\datasets\LUNA 16\classification\subset1\1\1_aug\93_36.npy
1,D:\Doctorat\datasets\LUNA 16\classification\subset1\1\1_aug\93_39.npy
1,D:\Doctorat\datasets\LUNA 16\classification\subset1\1\1_aug\93_5.npy
1,D:\Doctorat\datasets\LUNA 16\classification\subset1\1\1_aug\93_9.npy
1,D:\Doctorat\datasets\LUNA 16\classification\subset1\1\1_aug\94_14.npy
1,D:\Doctorat\datasets\LUNA 16\classification\subset1\1\1_aug\94_2.npy
1,D:\Doctorat\datasets\LUNA 16\classification\subset1\1\1_aug\94_21.npy
1,D:\Doctorat\datasets\LUNA 16\classification\subset1\1\1_aug\94_3.npy
1,D:\Doctorat\datasets\LUNA 16\classification\subset1\1\1_aug\94_9.npy
1,D:\Doctorat\datasets\LUNA 16\classification\subset1\1\1_aug\95_11.npy
1,D:\Doctorat\datasets\LUNA 16\classification\subset1\1\1_aug\95_12.npy
1,D:\Doctorat\datasets\LUNA 16\classification\subset1\1\1_aug\95_15.npy
1,D:\Doctorat\datasets\LUNA 16\classification\subset1\1\1_aug\95_16.npy
1,D:\Doctorat\datasets\LUNA 16\classification\subset1\1\1_aug\95_26.npy
1,D:\Doctorat\datasets\LUNA 16\classification\subset1\1\1_aug\95_27.npy
1,D:\Doctorat\datasets\LUNA 16\classification\subset1\1\1_aug\95_35.npy
1,D:\Doctorat\datasets\LUNA 16\classification\subset1\1\1_aug\96_1.npy
1,D:\Doctorat\datasets\LUNA 16\classification\subset1\1\1_aug\96_32.npy
1,D:\Doctorat\datasets\LUNA 16\classification\subset1\1\1_aug\96_33.npy
1,D:\Doctorat\datasets\LUNA 16\classification\subset1\1\1_aug\96_36.npy
1,D:\Doctorat\datasets\LUNA 16\classification\subset1\1\1_aug\96_5.npy
1,D:\Doctorat\datasets\LUNA 16\classification\subset1\1\1_aug\96_8.npy
1,D:\Doctorat\datasets\LUNA 16\classification\subset1\1\1_aug\96_9.npy
1,D:\Doctorat\datasets\LUNA 16\classification\subset1\1\1_aug\97_1.npy
1,D:\Doctorat\datasets\LUNA 16\classification\subset1\1\1_aug\97_14.npy
1,D:\Doctorat\datasets\LUNA 16\classification\subset1\1\1_aug\97_16.npy
1,D:\Doctorat\datasets\LUNA 16\classification\subset1\1\1_aug\97_28.npy
1,D:\Doctorat\datasets\LUNA 16\classification\subset1\1\1_aug\97_29.npy
1,D:\Doctorat\datasets\LUNA 16\classification\subset1\1\1_aug\97_30.npy
1,D:\Doctorat\datasets\LUNA 16\classification\subset1\1\1_aug\97_33.npy
1,D:\Doctorat\datasets\LUNA 16\classification\subset1\1\1_aug\97_40.npy
1,D:\Doctorat\datasets\LUNA 16\classification\subset1\1\1_aug\97_7.npy
1,D:\Doctorat\datasets\LUNA 16\classification\subset1\1\1_aug\97_8.npy
1,D:\Doctorat\datasets\LUNA 16\classification\subset1\1\1_aug\98_11.npy
1,D:\Doctorat\datasets\LUNA 16\classification\subset1\1\1_aug\98_12.npy
1,D:\Doctorat\datasets\LUNA 16\classification\subset1\1\1_aug\98_16.npy
1,D:\Doctorat\datasets\LUNA 16\classification\subset1\1\1_aug\98_19.npy
1,D:\Doctorat\datasets\LUNA 16\classification\subset1\1\1_aug\98_21.npy
1,D:\Doctorat\datasets\LUNA 16\classification\subset1\1\1_aug\98_24.npy
1,D:\Doctorat\datasets\LUNA 16\classification\subset1\1\1_aug\98_29.npy
1,D:\Doctorat\datasets\LUNA 16\classification\subset1\1\1_aug\98_32.npy
1,D:\Doctorat\datasets\LUNA 16\classification\subset1\1\1_aug\98_33.npy
1,D:\Doctorat\datasets\LUNA 16\classification\subset1\1\1_aug\98_34.npy
1,D:\Doctorat\datasets\LUNA 16\classification\subset1\1\1_aug\98_39.npy
1,D:\Doctorat\datasets\LUNA 16\classification\subset1\1\1_aug\98_5.npy
1,D:\Doctorat\datasets\LUNA 16\classification\subset1\1\1_aug\98_7.npy
1,D:\Doctorat\datasets\LUNA 16\classification\subset1\1\1_aug\99_19.npy
1,D:\Doctorat\datasets\LUNA 16\classification\subset1\1\1_aug\99_20.npy
1,D:\Doctorat\datasets\LUNA 16\classification\subset1\1\1_aug\99_26.npy
1,D:\Doctorat\datasets\LUNA 16\classification\subset1\1\1_aug\99_4.npy
1,D:\Doctorat\datasets\LUNA 16\classification\subset1\1\1_aug\9_12.npy
1,D:\Doctorat\datasets\LUNA 16\classification\subset1\1\1_aug\9_13.npy
1,D:\Doctorat\datasets\LUNA 16\classification\subset1\1\1_aug\9_14.npy
1,D:\Doctorat\datasets\LUNA 16\classification\subset1\1\1_aug\9_17.npy
1,D:\Doctorat\datasets\LUNA 16\classification\subset1\1\1_aug\9_22.npy
1,D:\Doctorat\datasets\LUNA 16\classification\subset1\1\1_aug\9_28.npy
1,D:\Doctorat\datasets\LUNA 16\classification\subset1\1\1_aug\9_36.npy
1,D:\Doctorat\datasets\LUNA 16\classification\subset1\1\1_aug\9_6.npy
1,D:\Doctorat\datasets\LUNA 16\classification\subset2\1\1_aug\0_11.npy
1,D:\Doctorat\datasets\LUNA 16\classification\subset2\1\1_aug\0_12.npy
1,D:\Doctorat\datasets\LUNA 16\classification\subset2\1\1_aug\0_13.npy
1,D:\Doctorat\datasets\LUNA 16\classification\subset2\1\1_aug\0_15.npy
1,D:\Doctorat\datasets\LUNA 16\classification\subset2\1\1_aug\0_18.npy
1,D:\Doctorat\datasets\LUNA 16\classification\subset2\1\1_aug\0_24.npy
1,D:\Doctorat\datasets\LUNA 16\classification\subset2\1\1_aug\0_3.npy
1,D:\Doctorat\datasets\LUNA 16\classification\subset2\1\1_aug\100_1.npy
1,D:\Doctorat\datasets\LUNA 16\classification\subset2\1\1_aug\100_14.npy
1,D:\Doctorat\datasets\LUNA 16\classification\subset2\1\1_aug\100_15.npy
1,D:\Doctorat\datasets\LUNA 16\classification\subset2\1\1_aug\100_18.npy
1,D:\Doctorat\datasets\LUNA 16\classification\subset2\1\1_aug\100_19.npy
1,D:\Doctorat\datasets\LUNA 16\classification\subset2\1\1_aug\100_20.npy
1,D:\Doctorat\datasets\LUNA 16\classification\subset2\1\1_aug\100_23.npy
1,D:\Doctorat\datasets\LUNA 16\classification\subset2\1\1_aug\100_25.npy
1,D:\Doctorat\datasets\LUNA 16\classification\subset2\1\1_aug\100_29.npy
1,D:\Doctorat\datasets\LUNA 16\classification\subset2\1\1_aug\100_31.npy
1,D:\Doctorat\datasets\LUNA 16\classification\subset2\1\1_aug\100_40.npy
1,D:\Doctorat\datasets\LUNA 16\classification\subset2\1\1_aug\100_5.npy
1,D:\Doctorat\datasets\LUNA 16\classification\subset2\1\1_aug\100_6.npy
1,D:\Doctorat\datasets\LUNA 16\classification\subset2\1\1_aug\101_18.npy
1,D:\Doctorat\datasets\LUNA 16\classification\subset2\1\1_aug\101_23.npy
1,D:\Doctorat\datasets\LUNA 16\classification\subset2\1\1_aug\101_29.npy
1,D:\Doctorat\datasets\LUNA 16\classification\subset2\1\1_aug\101_34.npy
1,D:\Doctorat\datasets\LUNA 16\classification\subset2\1\1_aug\101_37.npy
1,D:\Doctorat\datasets\LUNA 16\classification\subset2\1\1_aug\101_7.npy
1,D:\Doctorat\datasets\LUNA 16\classification\subset2\1\1_aug\102_14.npy
1,D:\Doctorat\datasets\LUNA 16\classification\subset2\1\1_aug\102_15.npy
1,D:\Doctorat\datasets\LUNA 16\classification\subset2\1\1_aug\102_20.npy
1,D:\Doctorat\datasets\LUNA 16\classification\subset2\1\1_aug\102_25.npy
1,D:\Doctorat\datasets\LUNA 16\classification\subset2\1\1_aug\102_29.npy
1,D:\Doctorat\datasets\LUNA 16\classification\subset2\1\1_aug\102_3.npy
1,D:\Doctorat\datasets\LUNA 16\classification\subset2\1\1_aug\102_40.npy
1,D:\Doctorat\datasets\LUNA 16\classification\subset2\1\1_aug\102_8.npy
1,D:\Doctorat\datasets\LUNA 16\classification\subset2\1\1_aug\103_15.npy
1,D:\Doctorat\datasets\LUNA 16\classification\subset2\1\1_aug\103_17.npy
1,D:\Doctorat\datasets\LUNA 16\classification\subset2\1\1_aug\103_18.npy
1,D:\Doctorat\datasets\LUNA 16\classification\subset2\1\1_aug\103_23.npy
1,D:\Doctorat\datasets\LUNA 16\classification\subset2\1\1_aug\103_27.npy
1,D:\Doctorat\datasets\LUNA 16\classification\subset2\1\1_aug\103_31.npy
1,D:\Doctorat\datasets\LUNA 16\classification\subset2\1\1_aug\103_5.npy
1,D:\Doctorat\datasets\LUNA 16\classification\subset2\1\1_aug\103_6.npy
1,D:\Doctorat\datasets\LUNA 16\classification\subset2\1\1_aug\104_10.npy
1,D:\Doctorat\datasets\LUNA 16\classification\subset2\1\1_aug\104_11.npy
1,D:\Doctorat\datasets\LUNA 16\classification\subset2\1\1_aug\104_13.npy
1,D:\Doctorat\datasets\LUNA 16\classification\subset2\1\1_aug\104_14.npy
1,D:\Doctorat\datasets\LUNA 16\classification\subset2\1\1_aug\104_19.npy
1,D:\Doctorat\datasets\LUNA 16\classification\subset2\1\1_aug\104_22.npy
1,D:\Doctorat\datasets\LUNA 16\classification\subset2\1\1_aug\104_31.npy
1,D:\Doctorat\datasets\LUNA 16\classification\subset2\1\1_aug\104_33.npy
1,D:\Doctorat\datasets\LUNA 16\classification\subset2\1\1_aug\104_38.npy
1,D:\Doctorat\datasets\LUNA 16\classification\subset2\1\1_aug\104_40.npy
1,D:\Doctorat\datasets\LUNA 16\classification\subset2\1\1_aug\104_6.npy
1,D:\Doctorat\datasets\LUNA 16\classification\subset2\1\1_aug\105_12.npy
1,D:\Doctorat\datasets\LUNA 16\classification\subset2\1\1_aug\105_18.npy
1,D:\Doctorat\datasets\LUNA 16\classification\subset2\1\1_aug\105_22.npy
1,D:\Doctorat\datasets\LUNA 16\classification\subset2\1\1_aug\105_29.npy
1,D:\Doctorat\datasets\LUNA 16\classification\subset2\1\1_aug\105_3.npy
1,D:\Doctorat\datasets\LUNA 16\classification\subset2\1\1_aug\105_7.npy
1,D:\Doctorat\datasets\LUNA 16\classification\subset2\1\1_aug\105_8.npy
1,D:\Doctorat\datasets\LUNA 16\classification\subset2\1\1_aug\105_9.npy
1,D:\Doctorat\datasets\LUNA 16\classification\subset2\1\1_aug\106_11.npy
1,D:\Doctorat\datasets\LUNA 16\classification\subset2\1\1_aug\106_16.npy
1,D:\Doctorat\datasets\LUNA 16\classification\subset2\1\1_aug\106_18.npy
1,D:\Doctorat\datasets\LUNA 16\classification\subset2\1\1_aug\106_2.npy
1,D:\Doctorat\datasets\LUNA 16\classification\subset2\1\1_aug\106_34.npy
1,D:\Doctorat\datasets\LUNA 16\classification\subset2\1\1_aug\106_36.npy
1,D:\Doctorat\datasets\LUNA 16\classification\subset2\1\1_aug\106_39.npy
1,D:\Doctorat\datasets\LUNA 16\classification\subset2\1\1_aug\106_5.npy
1,D:\Doctorat\datasets\LUNA 16\classification\subset2\1\1_aug\107_1.npy
1,D:\Doctorat\datasets\LUNA 16\classification\subset2\1\1_aug\107_10.npy
1,D:\Doctorat\datasets\LUNA 16\classification\subset2\1\1_aug\107_16.npy
1,D:\Doctorat\datasets\LUNA 16\classification\subset2\1\1_aug\107_2.npy
1,D:\Doctorat\datasets\LUNA 16\classification\subset2\1\1_aug\107_26.npy
1,D:\Doctorat\datasets\LUNA 16\classification\subset2\1\1_aug\107_3.npy
1,D:\Doctorat\datasets\LUNA 16\classification\subset2\1\1_aug\107_5.npy
1,D:\Doctorat\datasets\LUNA 16\classification\subset2\1\1_aug\108_1.npy
1,D:\Doctorat\datasets\LUNA 16\classification\subset2\1\1_aug\108_15.npy
1,D:\Doctorat\datasets\LUNA 16\classification\subset2\1\1_aug\108_16.npy
1,D:\Doctorat\datasets\LUNA 16\classification\subset2\1\1_aug\108_35.npy
1,D:\Doctorat\datasets\LUNA 16\classification\subset2\1\1_aug\108_37.npy
1,D:\Doctorat\datasets\LUNA 16\classification\subset2\1\1_aug\108_38.npy
1,D:\Doctorat\datasets\LUNA 16\classification\subset2\1\1_aug\109_15.npy
1,D:\Doctorat\datasets\LUNA 16\classification\subset2\1\1_aug\109_20.npy
1,D:\Doctorat\datasets\LUNA 16\classification\subset2\1\1_aug\109_25.npy
1,D:\Doctorat\datasets\LUNA 16\classification\subset2\1\1_aug\109_3.npy
1,D:\Doctorat\datasets\LUNA 16\classification\subset2\1\1_aug\109_37.npy
1,D:\Doctorat\datasets\LUNA 16\classification\subset2\1\1_aug\109_6.npy
1,D:\Doctorat\datasets\LUNA 16\classification\subset2\1\1_aug\10_12.npy
1,D:\Doctorat\datasets\LUNA 16\classification\subset2\1\1_aug\10_14.npy
1,D:\Doctorat\datasets\LUNA 16\classification\subset2\1\1_aug\10_18.npy
1,D:\Doctorat\datasets\LUNA 16\classification\subset2\1\1_aug\10_2.npy
1,D:\Doctorat\datasets\LUNA 16\classification\subset2\1\1_aug\10_21.npy
1,D:\Doctorat\datasets\LUNA 16\classification\subset2\1\1_aug\10_26.npy
1,D:\Doctorat\datasets\LUNA 16\classification\subset2\1\1_aug\10_27.npy
1,D:\Doctorat\datasets\LUNA 16\classification\subset2\1\1_aug\10_31.npy
1,D:\Doctorat\datasets\LUNA 16\classification\subset2\1\1_aug\10_32.npy
1,D:\Doctorat\datasets\LUNA 16\classification\subset2\1\1_aug\10_8.npy
1,D:\Doctorat\datasets\LUNA 16\classification\subset2\1\1_aug\10_9.npy
1,D:\Doctorat\datasets\LUNA 16\classification\subset2\1\1_aug\110_17.npy
1,D:\Doctorat\datasets\LUNA 16\classification\subset2\1\1_aug\110_20.npy
1,D:\Doctorat\datasets\LUNA 16\classification\subset2\1\1_aug\110_21.npy
1,D:\Doctorat\datasets\LUNA 16\classification\subset2\1\1_aug\110_24.npy
1,D:\Doctorat\datasets\LUNA 16\classification\subset2\1\1_aug\110_25.npy
1,D:\Doctorat\datasets\LUNA 16\classification\subset2\1\1_aug\110_30.npy
1,D:\Doctorat\datasets\LUNA 16\classification\subset2\1\1_aug\110_40.npy
1,D:\Doctorat\datasets\LUNA 16\classification\subset2\1\1_aug\110_5.npy
1,D:\Doctorat\datasets\LUNA 16\classification\subset2\1\1_aug\111_15.npy
1,D:\Doctorat\datasets\LUNA 16\classification\subset2\1\1_aug\111_18.npy
1,D:\Doctorat\datasets\LUNA 16\classification\subset2\1\1_aug\111_32.npy
1,D:\Doctorat\datasets\LUNA 16\classification\subset2\1\1_aug\111_35.npy
1,D:\Doctorat\datasets\LUNA 16\classification\subset2\1\1_aug\112_1.npy
1,D:\Doctorat\datasets\LUNA 16\classification\subset2\1\1_aug\112_11.npy
1,D:\Doctorat\datasets\LUNA 16\classification\subset2\1\1_aug\112_14.npy
1,D:\Doctorat\datasets\LUNA 16\classification\subset2\1\1_aug\112_15.npy
1,D:\Doctorat\datasets\LUNA 16\classification\subset2\1\1_aug\112_23.npy
1,D:\Doctorat\datasets\LUNA 16\classification\subset2\1\1_aug\112_30.npy
1,D:\Doctorat\datasets\LUNA 16\classification\subset2\1\1_aug\112_33.npy
1,D:\Doctorat\datasets\LUNA 16\classification\subset2\1\1_aug\112_37.npy
1,D:\Doctorat\datasets\LUNA 16\classification\subset2\1\1_aug\112_38.npy
1,D:\Doctorat\datasets\LUNA 16\classification\subset2\1\1_aug\112_5.npy
1,D:\Doctorat\datasets\LUNA 16\classification\subset2\1\1_aug\113_10.npy
1,D:\Doctorat\datasets\LUNA 16\classification\subset2\1\1_aug\113_13.npy
1,D:\Doctorat\datasets\LUNA 16\classification\subset2\1\1_aug\113_15.npy
1,D:\Doctorat\datasets\LUNA 16\classification\subset2\1\1_aug\113_22.npy
1,D:\Doctorat\datasets\LUNA 16\classification\subset2\1\1_aug\113_3.npy
1,D:\Doctorat\datasets\LUNA 16\classification\subset2\1\1_aug\113_30.npy
1,D:\Doctorat\datasets\LUNA 16\classification\subset2\1\1_aug\113_36.npy
1,D:\Doctorat\datasets\LUNA 16\classification\subset2\1\1_aug\113_37.npy
1,D:\Doctorat\datasets\LUNA 16\classification\subset2\1\1_aug\113_5.npy
1,D:\Doctorat\datasets\LUNA 16\classification\subset2\1\1_aug\114_1.npy
1,D:\Doctorat\datasets\LUNA 16\classification\subset2\1\1_aug\114_12.npy
1,D:\Doctorat\datasets\LUNA 16\classification\subset2\1\1_aug\114_14.npy
1,D:\Doctorat\datasets\LUNA 16\classification\subset2\1\1_aug\114_18.npy
1,D:\Doctorat\datasets\LUNA 16\classification\subset2\1\1_aug\114_2.npy
1,D:\Doctorat\datasets\LUNA 16\classification\subset2\1\1_aug\114_23.npy
1,D:\Doctorat\datasets\LUNA 16\classification\subset2\1\1_aug\114_28.npy
1,D:\Doctorat\datasets\LUNA 16\classification\subset2\1\1_aug\114_29.npy
1,D:\Doctorat\datasets\LUNA 16\classification\subset2\1\1_aug\114_3.npy
1,D:\Doctorat\datasets\LUNA 16\classification\subset2\1\1_aug\114_32.npy
1,D:\Doctorat\datasets\LUNA 16\classification\subset2\1\1_aug\114_34.npy
1,D:\Doctorat\datasets\LUNA 16\classification\subset2\1\1_aug\114_40.npy
1,D:\Doctorat\datasets\LUNA 16\classification\subset2\1\1_aug\115_17.npy
1,D:\Doctorat\datasets\LUNA 16\classification\subset2\1\1_aug\115_20.npy
1,D:\Doctorat\datasets\LUNA 16\classification\subset2\1\1_aug\115_25.npy
1,D:\Doctorat\datasets\LUNA 16\classification\subset2\1\1_aug\115_27.npy
1,D:\Doctorat\datasets\LUNA 16\classification\subset2\1\1_aug\115_35.npy
1,D:\Doctorat\datasets\LUNA 16\classification\subset2\1\1_aug\115_7.npy
1,D:\Doctorat\datasets\LUNA 16\classification\subset2\1\1_aug\116_17.npy
1,D:\Doctorat\datasets\LUNA 16\classification\subset2\1\1_aug\116_33.npy
1,D:\Doctorat\datasets\LUNA 16\classification\subset2\1\1_aug\116_35.npy
1,D:\Doctorat\datasets\LUNA 16\classification\subset2\1\1_aug\116_36.npy
1,D:\Doctorat\datasets\LUNA 16\classification\subset2\1\1_aug\116_4.npy
1,D:\Doctorat\datasets\LUNA 16\classification\subset2\1\1_aug\116_40.npy
1,D:\Doctorat\datasets\LUNA 16\classification\subset2\1\1_aug\116_5.npy
1,D:\Doctorat\datasets\LUNA 16\classification\subset2\1\1_aug\117_28.npy
1,D:\Doctorat\datasets\LUNA 16\classification\subset2\1\1_aug\117_31.npy
1,D:\Doctorat\datasets\LUNA 16\classification\subset2\1\1_aug\118_11.npy
1,D:\Doctorat\datasets\LUNA 16\classification\subset2\1\1_aug\118_14.npy
1,D:\Doctorat\datasets\LUNA 16\classification\subset2\1\1_aug\118_17.npy
1,D:\Doctorat\datasets\LUNA 16\classification\subset2\1\1_aug\118_18.npy
1,D:\Doctorat\datasets\LUNA 16\classification\subset2\1\1_aug\118_27.npy
1,D:\Doctorat\datasets\LUNA 16\classification\subset2\1\1_aug\118_37.npy
1,D:\Doctorat\datasets\LUNA 16\classification\subset2\1\1_aug\118_4.npy
1,D:\Doctorat\datasets\LUNA 16\classification\subset2\1\1_aug\119_12.npy
1,D:\Doctorat\datasets\LUNA 16\classification\subset2\1\1_aug\119_13.npy
1,D:\Doctorat\datasets\LUNA 16\classification\subset2\1\1_aug\119_14.npy
1,D:\Doctorat\datasets\LUNA 16\classification\subset2\1\1_aug\119_15.npy
1,D:\Doctorat\datasets\LUNA 16\classification\subset2\1\1_aug\119_18.npy
1,D:\Doctorat\datasets\LUNA 16\classification\subset2\1\1_aug\119_19.npy
1,D:\Doctorat\datasets\LUNA 16\classification\subset2\1\1_aug\119_21.npy
1,D:\Doctorat\datasets\LUNA 16\classification\subset2\1\1_aug\119_27.npy
1,D:\Doctorat\datasets\LUNA 16\classification\subset2\1\1_aug\119_30.npy
1,D:\Doctorat\datasets\LUNA 16\classification\subset2\1\1_aug\119_38.npy
1,D:\Doctorat\datasets\LUNA 16\classification\subset2\1\1_aug\119_4.npy
1,D:\Doctorat\datasets\LUNA 16\classification\subset2\1\1_aug\119_5.npy
1,D:\Doctorat\datasets\LUNA 16\classification\subset2\1\1_aug\11_16.npy
1,D:\Doctorat\datasets\LUNA 16\classification\subset2\1\1_aug\11_19.npy
1,D:\Doctorat\datasets\LUNA 16\classification\subset2\1\1_aug\11_38.npy
1,D:\Doctorat\datasets\LUNA 16\classification\subset2\1\1_aug\11_40.npy
1,D:\Doctorat\datasets\LUNA 16\classification\subset2\1\1_aug\11_5.npy
1,D:\Doctorat\datasets\LUNA 16\classification\subset2\1\1_aug\11_8.npy
1,D:\Doctorat\datasets\LUNA 16\classification\subset2\1\1_aug\120_17.npy
1,D:\Doctorat\datasets\LUNA 16\classification\subset2\1\1_aug\120_18.npy
1,D:\Doctorat\datasets\LUNA 16\classification\subset2\1\1_aug\120_20.npy
1,D:\Doctorat\datasets\LUNA 16\classification\subset2\1\1_aug\120_21.npy
1,D:\Doctorat\datasets\LUNA 16\classification\subset2\1\1_aug\120_29.npy
1,D:\Doctorat\datasets\LUNA 16\classification\subset2\1\1_aug\120_3.npy
1,D:\Doctorat\datasets\LUNA 16\classification\subset2\1\1_aug\120_32.npy
1,D:\Doctorat\datasets\LUNA 16\classification\subset2\1\1_aug\120_35.npy
1,D:\Doctorat\datasets\LUNA 16\classification\subset2\1\1_aug\121_1.npy
1,D:\Doctorat\datasets\LUNA 16\classification\subset2\1\1_aug\121_18.npy
1,D:\Doctorat\datasets\LUNA 16\classification\subset2\1\1_aug\121_22.npy
1,D:\Doctorat\datasets\LUNA 16\classification\subset2\1\1_aug\121_23.npy
1,D:\Doctorat\datasets\LUNA 16\classification\subset2\1\1_aug\121_24.npy
1,D:\Doctorat\datasets\LUNA 16\classification\subset2\1\1_aug\121_26.npy
1,D:\Doctorat\datasets\LUNA 16\classification\subset2\1\1_aug\122_20.npy
1,D:\Doctorat\datasets\LUNA 16\classification\subset2\1\1_aug\122_21.npy
1,D:\Doctorat\datasets\LUNA 16\classification\subset2\1\1_aug\122_22.npy
1,D:\Doctorat\datasets\LUNA 16\classification\subset2\1\1_aug\122_35.npy
1,D:\Doctorat\datasets\LUNA 16\classification\subset2\1\1_aug\122_5.npy
1,D:\Doctorat\datasets\LUNA 16\classification\subset2\1\1_aug\123_1.npy
1,D:\Doctorat\datasets\LUNA 16\classification\subset2\1\1_aug\123_14.npy
1,D:\Doctorat\datasets\LUNA 16\classification\subset2\1\1_aug\123_18.npy
1,D:\Doctorat\datasets\LUNA 16\classification\subset2\1\1_aug\123_20.npy
1,D:\Doctorat\datasets\LUNA 16\classification\subset2\1\1_aug\123_23.npy
1,D:\Doctorat\datasets\LUNA 16\classification\subset2\1\1_aug\123_26.npy
1,D:\Doctorat\datasets\LUNA 16\classification\subset2\1\1_aug\123_39.npy
1,D:\Doctorat\datasets\LUNA 16\classification\subset2\1\1_aug\123_4.npy
1,D:\Doctorat\datasets\LUNA 16\classification\subset2\1\1_aug\123_9.npy
1,D:\Doctorat\datasets\LUNA 16\classification\subset2\1\1_aug\124_13.npy
1,D:\Doctorat\datasets\LUNA 16\classification\subset2\1\1_aug\124_17.npy
1,D:\Doctorat\datasets\LUNA 16\classification\subset2\1\1_aug\124_27.npy
1,D:\Doctorat\datasets\LUNA 16\classification\subset2\1\1_aug\124_32.npy
1,D:\Doctorat\datasets\LUNA 16\classification\subset2\1\1_aug\124_39.npy
1,D:\Doctorat\datasets\LUNA 16\classification\subset2\1\1_aug\125_1.npy
1,D:\Doctorat\datasets\LUNA 16\classification\subset2\1\1_aug\125_12.npy
1,D:\Doctorat\datasets\LUNA 16\classification\subset2\1\1_aug\125_13.npy
1,D:\Doctorat\datasets\LUNA 16\classification\subset2\1\1_aug\125_15.npy
1,D:\Doctorat\datasets\LUNA 16\classification\subset2\1\1_aug\125_2.npy
1,D:\Doctorat\datasets\LUNA 16\classification\subset2\1\1_aug\125_26.npy
1,D:\Doctorat\datasets\LUNA 16\classification\subset2\1\1_aug\125_29.npy
1,D:\Doctorat\datasets\LUNA 16\classification\subset2\1\1_aug\125_36.npy
1,D:\Doctorat\datasets\LUNA 16\classification\subset2\1\1_aug\125_39.npy
1,D:\Doctorat\datasets\LUNA 16\classification\subset2\1\1_aug\125_4.npy
1,D:\Doctorat\datasets\LUNA 16\classification\subset2\1\1_aug\125_5.npy
1,D:\Doctorat\datasets\LUNA 16\classification\subset2\1\1_aug\125_9.npy
1,D:\Doctorat\datasets\LUNA 16\classification\subset2\1\1_aug\126_12.npy
1,D:\Doctorat\datasets\LUNA 16\classification\subset2\1\1_aug\126_19.npy
1,D:\Doctorat\datasets\LUNA 16\classification\subset2\1\1_aug\126_26.npy
1,D:\Doctorat\datasets\LUNA 16\classification\subset2\1\1_aug\126_39.npy
1,D:\Doctorat\datasets\LUNA 16\classification\subset2\1\1_aug\126_9.npy
1,D:\Doctorat\datasets\LUNA 16\classification\subset2\1\1_aug\127_19.npy
1,D:\Doctorat\datasets\LUNA 16\classification\subset2\1\1_aug\127_6.npy
1,D:\Doctorat\datasets\LUNA 16\classification\subset2\1\1_aug\127_7.npy
1,D:\Doctorat\datasets\LUNA 16\classification\subset2\1\1_aug\128_10.npy
1,D:\Doctorat\datasets\LUNA 16\classification\subset2\1\1_aug\128_21.npy
1,D:\Doctorat\datasets\LUNA 16\classification\subset2\1\1_aug\128_22.npy
1,D:\Doctorat\datasets\LUNA 16\classification\subset2\1\1_aug\128_23.npy
1,D:\Doctorat\datasets\LUNA 16\classification\subset2\1\1_aug\128_29.npy
1,D:\Doctorat\datasets\LUNA 16\classification\subset2\1\1_aug\129_1.npy
1,D:\Doctorat\datasets\LUNA 16\classification\subset2\1\1_aug\129_14.npy
1,D:\Doctorat\datasets\LUNA 16\classification\subset2\1\1_aug\129_15.npy
1,D:\Doctorat\datasets\LUNA 16\classification\subset2\1\1_aug\129_23.npy
1,D:\Doctorat\datasets\LUNA 16\classification\subset2\1\1_aug\129_29.npy
1,D:\Doctorat\datasets\LUNA 16\classification\subset2\1\1_aug\129_36.npy
1,D:\Doctorat\datasets\LUNA 16\classification\subset2\1\1_aug\129_4.npy
1,D:\Doctorat\datasets\LUNA 16\classification\subset2\1\1_aug\12_11.npy
1,D:\Doctorat\datasets\LUNA 16\classification\subset2\1\1_aug\12_20.npy
1,D:\Doctorat\datasets\LUNA 16\classification\subset2\1\1_aug\12_23.npy
1,D:\Doctorat\datasets\LUNA 16\classification\subset2\1\1_aug\12_24.npy
1,D:\Doctorat\datasets\LUNA 16\classification\subset2\1\1_aug\12_26.npy
1,D:\Doctorat\datasets\LUNA 16\classification\subset2\1\1_aug\12_28.npy
1,D:\Doctorat\datasets\LUNA 16\classification\subset2\1\1_aug\12_32.npy
1,D:\Doctorat\datasets\LUNA 16\classification\subset2\1\1_aug\12_33.npy
1,D:\Doctorat\datasets\LUNA 16\classification\subset2\1\1_aug\12_34.npy
1,D:\Doctorat\datasets\LUNA 16\classification\subset2\1\1_aug\12_35.npy
1,D:\Doctorat\datasets\LUNA 16\classification\subset2\1\1_aug\130_18.npy
1,D:\Doctorat\datasets\LUNA 16\classification\subset2\1\1_aug\130_19.npy
1,D:\Doctorat\datasets\LUNA 16\classification\subset2\1\1_aug\130_25.npy
1,D:\Doctorat\datasets\LUNA 16\classification\subset2\1\1_aug\130_26.npy
1,D:\Doctorat\datasets\LUNA 16\classification\subset2\1\1_aug\130_32.npy
1,D:\Doctorat\datasets\LUNA 16\classification\subset2\1\1_aug\132_10.npy
1,D:\Doctorat\datasets\LUNA 16\classification\subset2\1\1_aug\132_11.npy
1,D:\Doctorat\datasets\LUNA 16\classification\subset2\1\1_aug\132_15.npy
1,D:\Doctorat\datasets\LUNA 16\classification\subset2\1\1_aug\132_16.npy
1,D:\Doctorat\datasets\LUNA 16\classification\subset2\1\1_aug\132_19.npy
1,D:\Doctorat\datasets\LUNA 16\classification\subset2\1\1_aug\132_22.npy
1,D:\Doctorat\datasets\LUNA 16\classification\subset2\1\1_aug\132_23.npy
1,D:\Doctorat\datasets\LUNA 16\classification\subset2\1\1_aug\132_28.npy
1,D:\Doctorat\datasets\LUNA 16\classification\subset2\1\1_aug\132_31.npy
1,D:\Doctorat\datasets\LUNA 16\classification\subset2\1\1_aug\132_37.npy
1,D:\Doctorat\datasets\LUNA 16\classification\subset2\1\1_aug\132_39.npy
1,D:\Doctorat\datasets\LUNA 16\classification\subset2\1\1_aug\132_4.npy
1,D:\Doctorat\datasets\LUNA 16\classification\subset2\1\1_aug\132_9.npy
1,D:\Doctorat\datasets\LUNA 16\classification\subset2\1\1_aug\133_13.npy
1,D:\Doctorat\datasets\LUNA 16\classification\subset2\1\1_aug\133_24.npy
1,D:\Doctorat\datasets\LUNA 16\classification\subset2\1\1_aug\133_26.npy
1,D:\Doctorat\datasets\LUNA 16\classification\subset2\1\1_aug\133_27.npy
1,D:\Doctorat\datasets\LUNA 16\classification\subset2\1\1_aug\133_34.npy
1,D:\Doctorat\datasets\LUNA 16\classification\subset2\1\1_aug\133_5.npy
1,D:\Doctorat\datasets\LUNA 16\classification\subset2\1\1_aug\133_7.npy
1,D:\Doctorat\datasets\LUNA 16\classification\subset2\1\1_aug\134_13.npy
1,D:\Doctorat\datasets\LUNA 16\classification\subset2\1\1_aug\134_15.npy
1,D:\Doctorat\datasets\LUNA 16\classification\subset2\1\1_aug\134_22.npy
1,D:\Doctorat\datasets\LUNA 16\classification\subset2\1\1_aug\134_3.npy
1,D:\Doctorat\datasets\LUNA 16\classification\subset2\1\1_aug\134_31.npy
1,D:\Doctorat\datasets\LUNA 16\classification\subset2\1\1_aug\134_38.npy
1,D:\Doctorat\datasets\LUNA 16\classification\subset2\1\1_aug\134_4.npy
1,D:\Doctorat\datasets\LUNA 16\classification\subset2\1\1_aug\134_7.npy
1,D:\Doctorat\datasets\LUNA 16\classification\subset2\1\1_aug\134_8.npy
1,D:\Doctorat\datasets\LUNA 16\classification\subset2\1\1_aug\135_15.npy
1,D:\Doctorat\datasets\LUNA 16\classification\subset2\1\1_aug\135_18.npy
1,D:\Doctorat\datasets\LUNA 16\classification\subset2\1\1_aug\135_3.npy
1,D:\Doctorat\datasets\LUNA 16\classification\subset2\1\1_aug\135_32.npy
1,D:\Doctorat\datasets\LUNA 16\classification\subset2\1\1_aug\135_33.npy
1,D:\Doctorat\datasets\LUNA 16\classification\subset2\1\1_aug\135_37.npy
1,D:\Doctorat\datasets\LUNA 16\classification\subset2\1\1_aug\135_4.npy
1,D:\Doctorat\datasets\LUNA 16\classification\subset2\1\1_aug\135_40.npy
1,D:\Doctorat\datasets\LUNA 16\classification\subset2\1\1_aug\136_12.npy
1,D:\Doctorat\datasets\LUNA 16\classification\subset2\1\1_aug\136_37.npy
1,D:\Doctorat\datasets\LUNA 16\classification\subset2\1\1_aug\137_10.npy
1,D:\Doctorat\datasets\LUNA 16\classification\subset2\1\1_aug\137_39.npy
1,D:\Doctorat\datasets\LUNA 16\classification\subset2\1\1_aug\137_40.npy
1,D:\Doctorat\datasets\LUNA 16\classification\subset2\1\1_aug\138_1.npy
1,D:\Doctorat\datasets\LUNA 16\classification\subset2\1\1_aug\138_11.npy
1,D:\Doctorat\datasets\LUNA 16\classification\subset2\1\1_aug\138_15.npy
1,D:\Doctorat\datasets\LUNA 16\classification\subset2\1\1_aug\138_19.npy
1,D:\Doctorat\datasets\LUNA 16\classification\subset2\1\1_aug\138_28.npy
1,D:\Doctorat\datasets\LUNA 16\classification\subset2\1\1_aug\138_29.npy
1,D:\Doctorat\datasets\LUNA 16\classification\subset2\1\1_aug\138_8.npy
1,D:\Doctorat\datasets\LUNA 16\classification\subset2\1\1_aug\139_11.npy
1,D:\Doctorat\datasets\LUNA 16\classification\subset2\1\1_aug\139_17.npy
1,D:\Doctorat\datasets\LUNA 16\classification\subset2\1\1_aug\139_28.npy
1,D:\Doctorat\datasets\LUNA 16\classification\subset2\1\1_aug\139_29.npy
1,D:\Doctorat\datasets\LUNA 16\classification\subset2\1\1_aug\139_37.npy
1,D:\Doctorat\datasets\LUNA 16\classification\subset2\1\1_aug\13_10.npy
1,D:\Doctorat\datasets\LUNA 16\classification\subset2\1\1_aug\13_18.npy
1,D:\Doctorat\datasets\LUNA 16\classification\subset2\1\1_aug\13_20.npy
1,D:\Doctorat\datasets\LUNA 16\classification\subset2\1\1_aug\13_21.npy
1,D:\Doctorat\datasets\LUNA 16\classification\subset2\1\1_aug\13_24.npy
1,D:\Doctorat\datasets\LUNA 16\classification\subset2\1\1_aug\13_29.npy
1,D:\Doctorat\datasets\LUNA 16\classification\subset2\1\1_aug\13_30.npy
1,D:\Doctorat\datasets\LUNA 16\classification\subset2\1\1_aug\13_4.npy
1,D:\Doctorat\datasets\LUNA 16\classification\subset2\1\1_aug\13_9.npy
1,D:\Doctorat\datasets\LUNA 16\classification\subset2\1\1_aug\140_1.npy
1,D:\Doctorat\datasets\LUNA 16\classification\subset2\1\1_aug\140_11.npy
1,D:\Doctorat\datasets\LUNA 16\classification\subset2\1\1_aug\140_15.npy
1,D:\Doctorat\datasets\LUNA 16\classification\subset2\1\1_aug\140_24.npy
1,D:\Doctorat\datasets\LUNA 16\classification\subset2\1\1_aug\140_26.npy
1,D:\Doctorat\datasets\LUNA 16\classification\subset2\1\1_aug\140_29.npy
1,D:\Doctorat\datasets\LUNA 16\classification\subset2\1\1_aug\140_37.npy
1,D:\Doctorat\datasets\LUNA 16\classification\subset2\1\1_aug\140_7.npy
1,D:\Doctorat\datasets\LUNA 16\classification\subset2\1\1_aug\140_9.npy
1,D:\Doctorat\datasets\LUNA 16\classification\subset2\1\1_aug\141_10.npy
1,D:\Doctorat\datasets\LUNA 16\classification\subset2\1\1_aug\141_19.npy
1,D:\Doctorat\datasets\LUNA 16\classification\subset2\1\1_aug\141_3.npy
1,D:\Doctorat\datasets\LUNA 16\classification\subset2\1\1_aug\141_33.npy
1,D:\Doctorat\datasets\LUNA 16\classification\subset2\1\1_aug\141_37.npy
1,D:\Doctorat\datasets\LUNA 16\classification\subset2\1\1_aug\141_6.npy
1,D:\Doctorat\datasets\LUNA 16\classification\subset2\1\1_aug\142_2.npy
1,D:\Doctorat\datasets\LUNA 16\classification\subset2\1\1_aug\142_26.npy
1,D:\Doctorat\datasets\LUNA 16\classification\subset2\1\1_aug\142_31.npy
1,D:\Doctorat\datasets\LUNA 16\classification\subset2\1\1_aug\142_35.npy
1,D:\Doctorat\datasets\LUNA 16\classification\subset2\1\1_aug\142_4.npy
1,D:\Doctorat\datasets\LUNA 16\classification\subset2\1\1_aug\142_6.npy
1,D:\Doctorat\datasets\LUNA 16\classification\subset2\1\1_aug\143_2.npy
1,D:\Doctorat\datasets\LUNA 16\classification\subset2\1\1_aug\143_20.npy
1,D:\Doctorat\datasets\LUNA 16\classification\subset2\1\1_aug\143_21.npy
1,D:\Doctorat\datasets\LUNA 16\classification\subset2\1\1_aug\143_24.npy
1,D:\Doctorat\datasets\LUNA 16\classification\subset2\1\1_aug\143_25.npy
1,D:\Doctorat\datasets\LUNA 16\classification\subset2\1\1_aug\143_26.npy
1,D:\Doctorat\datasets\LUNA 16\classification\subset2\1\1_aug\143_27.npy
1,D:\Doctorat\datasets\LUNA 16\classification\subset2\1\1_aug\143_34.npy
1,D:\Doctorat\datasets\LUNA 16\classification\subset2\1\1_aug\143_36.npy
1,D:\Doctorat\datasets\LUNA 16\classification\subset2\1\1_aug\143_7.npy
1,D:\Doctorat\datasets\LUNA 16\classification\subset2\1\1_aug\143_9.npy
1,D:\Doctorat\datasets\LUNA 16\classification\subset2\1\1_aug\144_14.npy
1,D:\Doctorat\datasets\LUNA 16\classification\subset2\1\1_aug\144_23.npy
1,D:\Doctorat\datasets\LUNA 16\classification\subset2\1\1_aug\144_26.npy
1,D:\Doctorat\datasets\LUNA 16\classification\subset2\1\1_aug\144_33.npy
1,D:\Doctorat\datasets\LUNA 16\classification\subset2\1\1_aug\144_4.npy
1,D:\Doctorat\datasets\LUNA 16\classification\subset2\1\1_aug\144_6.npy
1,D:\Doctorat\datasets\LUNA 16\classification\subset2\1\1_aug\145_12.npy
1,D:\Doctorat\datasets\LUNA 16\classification\subset2\1\1_aug\145_15.npy
1,D:\Doctorat\datasets\LUNA 16\classification\subset2\1\1_aug\145_23.npy
1,D:\Doctorat\datasets\LUNA 16\classification\subset2\1\1_aug\145_24.npy
1,D:\Doctorat\datasets\LUNA 16\classification\subset2\1\1_aug\145_27.npy
1,D:\Doctorat\datasets\LUNA 16\classification\subset2\1\1_aug\145_38.npy
1,D:\Doctorat\datasets\LUNA 16\classification\subset2\1\1_aug\146_10.npy
1,D:\Doctorat\datasets\LUNA 16\classification\subset2\1\1_aug\146_12.npy
1,D:\Doctorat\datasets\LUNA 16\classification\subset2\1\1_aug\146_27.npy
1,D:\Doctorat\datasets\LUNA 16\classification\subset2\1\1_aug\146_30.npy
1,D:\Doctorat\datasets\LUNA 16\classification\subset2\1\1_aug\146_31.npy
1,D:\Doctorat\datasets\LUNA 16\classification\subset2\1\1_aug\146_40.npy
1,D:\Doctorat\datasets\LUNA 16\classification\subset2\1\1_aug\146_7.npy
1,D:\Doctorat\datasets\LUNA 16\classification\subset2\1\1_aug\147_18.npy
1,D:\Doctorat\datasets\LUNA 16\classification\subset2\1\1_aug\147_19.npy
1,D:\Doctorat\datasets\LUNA 16\classification\subset2\1\1_aug\147_22.npy
1,D:\Doctorat\datasets\LUNA 16\classification\subset2\1\1_aug\147_24.npy
1,D:\Doctorat\datasets\LUNA 16\classification\subset2\1\1_aug\147_28.npy
1,D:\Doctorat\datasets\LUNA 16\classification\subset2\1\1_aug\147_29.npy
1,D:\Doctorat\datasets\LUNA 16\classification\subset2\1\1_aug\147_3.npy
1,D:\Doctorat\datasets\LUNA 16\classification\subset2\1\1_aug\147_31.npy
1,D:\Doctorat\datasets\LUNA 16\classification\subset2\1\1_aug\147_32.npy
1,D:\Doctorat\datasets\LUNA 16\classification\subset2\1\1_aug\147_34.npy
1,D:\Doctorat\datasets\LUNA 16\classification\subset2\1\1_aug\147_4.npy
1,D:\Doctorat\datasets\LUNA 16\classification\subset2\1\1_aug\148_10.npy
1,D:\Doctorat\datasets\LUNA 16\classification\subset2\1\1_aug\148_11.npy
1,D:\Doctorat\datasets\LUNA 16\classification\subset2\1\1_aug\148_12.npy
1,D:\Doctorat\datasets\LUNA 16\classification\subset2\1\1_aug\148_28.npy
1,D:\Doctorat\datasets\LUNA 16\classification\subset2\1\1_aug\148_5.npy
1,D:\Doctorat\datasets\LUNA 16\classification\subset2\1\1_aug\148_6.npy
1,D:\Doctorat\datasets\LUNA 16\classification\subset2\1\1_aug\148_9.npy
1,D:\Doctorat\datasets\LUNA 16\classification\subset2\1\1_aug\149_11.npy
1,D:\Doctorat\datasets\LUNA 16\classification\subset2\1\1_aug\149_14.npy
1,D:\Doctorat\datasets\LUNA 16\classification\subset2\1\1_aug\149_18.npy
1,D:\Doctorat\datasets\LUNA 16\classification\subset2\1\1_aug\149_21.npy
1,D:\Doctorat\datasets\LUNA 16\classification\subset2\1\1_aug\149_40.npy
1,D:\Doctorat\datasets\LUNA 16\classification\subset2\1\1_aug\149_8.npy
1,D:\Doctorat\datasets\LUNA 16\classification\subset2\1\1_aug\14_11.npy
1,D:\Doctorat\datasets\LUNA 16\classification\subset2\1\1_aug\14_12.npy
1,D:\Doctorat\datasets\LUNA 16\classification\subset2\1\1_aug\14_13.npy
1,D:\Doctorat\datasets\LUNA 16\classification\subset2\1\1_aug\14_14.npy
1,D:\Doctorat\datasets\LUNA 16\classification\subset2\1\1_aug\14_20.npy
1,D:\Doctorat\datasets\LUNA 16\classification\subset2\1\1_aug\14_26.npy
1,D:\Doctorat\datasets\LUNA 16\classification\subset2\1\1_aug\14_34.npy
1,D:\Doctorat\datasets\LUNA 16\classification\subset2\1\1_aug\14_36.npy
1,D:\Doctorat\datasets\LUNA 16\classification\subset2\1\1_aug\14_4.npy
1,D:\Doctorat\datasets\LUNA 16\classification\subset2\1\1_aug\14_5.npy
1,D:\Doctorat\datasets\LUNA 16\classification\subset2\1\1_aug\150_13.npy
1,D:\Doctorat\datasets\LUNA 16\classification\subset2\1\1_aug\150_16.npy
1,D:\Doctorat\datasets\LUNA 16\classification\subset2\1\1_aug\150_21.npy
1,D:\Doctorat\datasets\LUNA 16\classification\subset2\1\1_aug\150_23.npy
1,D:\Doctorat\datasets\LUNA 16\classification\subset2\1\1_aug\150_3.npy
1,D:\Doctorat\datasets\LUNA 16\classification\subset2\1\1_aug\150_34.npy
1,D:\Doctorat\datasets\LUNA 16\classification\subset2\1\1_aug\150_35.npy
1,D:\Doctorat\datasets\LUNA 16\classification\subset2\1\1_aug\150_6.npy
1,D:\Doctorat\datasets\LUNA 16\classification\subset2\1\1_aug\150_8.npy
1,D:\Doctorat\datasets\LUNA 16\classification\subset2\1\1_aug\151_10.npy
1,D:\Doctorat\datasets\LUNA 16\classification\subset2\1\1_aug\151_20.npy
1,D:\Doctorat\datasets\LUNA 16\classification\subset2\1\1_aug\151_22.npy
1,D:\Doctorat\datasets\LUNA 16\classification\subset2\1\1_aug\151_23.npy
1,D:\Doctorat\datasets\LUNA 16\classification\subset2\1\1_aug\151_24.npy
1,D:\Doctorat\datasets\LUNA 16\classification\subset2\1\1_aug\151_3.npy
1,D:\Doctorat\datasets\LUNA 16\classification\subset2\1\1_aug\151_37.npy
1,D:\Doctorat\datasets\LUNA 16\classification\subset2\1\1_aug\151_40.npy
1,D:\Doctorat\datasets\LUNA 16\classification\subset2\1\1_aug\151_5.npy
1,D:\Doctorat\datasets\LUNA 16\classification\subset2\1\1_aug\152_14.npy
1,D:\Doctorat\datasets\LUNA 16\classification\subset2\1\1_aug\152_20.npy
1,D:\Doctorat\datasets\LUNA 16\classification\subset2\1\1_aug\152_24.npy
1,D:\Doctorat\datasets\LUNA 16\classification\subset2\1\1_aug\152_28.npy
1,D:\Doctorat\datasets\LUNA 16\classification\subset2\1\1_aug\152_39.npy
1,D:\Doctorat\datasets\LUNA 16\classification\subset2\1\1_aug\152_5.npy
1,D:\Doctorat\datasets\LUNA 16\classification\subset2\1\1_aug\152_6.npy
1,D:\Doctorat\datasets\LUNA 16\classification\subset2\1\1_aug\152_8.npy
1,D:\Doctorat\datasets\LUNA 16\classification\subset2\1\1_aug\153_1.npy
1,D:\Doctorat\datasets\LUNA 16\classification\subset2\1\1_aug\153_15.npy
1,D:\Doctorat\datasets\LUNA 16\classification\subset2\1\1_aug\153_18.npy
1,D:\Doctorat\datasets\LUNA 16\classification\subset2\1\1_aug\153_19.npy
1,D:\Doctorat\datasets\LUNA 16\classification\subset2\1\1_aug\153_2.npy
1,D:\Doctorat\datasets\LUNA 16\classification\subset2\1\1_aug\153_20.npy
1,D:\Doctorat\datasets\LUNA 16\classification\subset2\1\1_aug\153_21.npy
1,D:\Doctorat\datasets\LUNA 16\classification\subset2\1\1_aug\153_22.npy
1,D:\Doctorat\datasets\LUNA 16\classification\subset2\1\1_aug\153_26.npy
1,D:\Doctorat\datasets\LUNA 16\classification\subset2\1\1_aug\153_27.npy
1,D:\Doctorat\datasets\LUNA 16\classification\subset2\1\1_aug\153_31.npy
1,D:\Doctorat\datasets\LUNA 16\classification\subset2\1\1_aug\153_34.npy
1,D:\Doctorat\datasets\LUNA 16\classification\subset2\1\1_aug\153_35.npy
1,D:\Doctorat\datasets\LUNA 16\classification\subset2\1\1_aug\153_37.npy
1,D:\Doctorat\datasets\LUNA 16\classification\subset2\1\1_aug\154_1.npy
1,D:\Doctorat\datasets\LUNA 16\classification\subset2\1\1_aug\154_23.npy
1,D:\Doctorat\datasets\LUNA 16\classification\subset2\1\1_aug\154_26.npy
1,D:\Doctorat\datasets\LUNA 16\classification\subset2\1\1_aug\154_4.npy
1,D:\Doctorat\datasets\LUNA 16\classification\subset2\1\1_aug\154_9.npy
1,D:\Doctorat\datasets\LUNA 16\classification\subset2\1\1_aug\155_15.npy
1,D:\Doctorat\datasets\LUNA 16\classification\subset2\1\1_aug\155_19.npy
1,D:\Doctorat\datasets\LUNA 16\classification\subset2\1\1_aug\155_3.npy
1,D:\Doctorat\datasets\LUNA 16\classification\subset2\1\1_aug\155_33.npy
1,D:\Doctorat\datasets\LUNA 16\classification\subset2\1\1_aug\155_39.npy
1,D:\Doctorat\datasets\LUNA 16\classification\subset2\1\1_aug\155_6.npy
1,D:\Doctorat\datasets\LUNA 16\classification\subset2\1\1_aug\155_8.npy
1,D:\Doctorat\datasets\LUNA 16\classification\subset2\1\1_aug\156_12.npy
1,D:\Doctorat\datasets\LUNA 16\classification\subset2\1\1_aug\156_24.npy
1,D:\Doctorat\datasets\LUNA 16\classification\subset2\1\1_aug\156_25.npy
1,D:\Doctorat\datasets\LUNA 16\classification\subset2\1\1_aug\156_3.npy
1,D:\Doctorat\datasets\LUNA 16\classification\subset2\1\1_aug\156_30.npy
1,D:\Doctorat\datasets\LUNA 16\classification\subset2\1\1_aug\156_35.npy
1,D:\Doctorat\datasets\LUNA 16\classification\subset2\1\1_aug\156_37.npy
1,D:\Doctorat\datasets\LUNA 16\classification\subset2\1\1_aug\156_39.npy
1,D:\Doctorat\datasets\LUNA 16\classification\subset2\1\1_aug\156_40.npy
1,D:\Doctorat\datasets\LUNA 16\classification\subset2\1\1_aug\156_5.npy
1,D:\Doctorat\datasets\LUNA 16\classification\subset2\1\1_aug\157_1.npy
1,D:\Doctorat\datasets\LUNA 16\classification\subset2\1\1_aug\157_11.npy
1,D:\Doctorat\datasets\LUNA 16\classification\subset2\1\1_aug\157_14.npy
1,D:\Doctorat\datasets\LUNA 16\classification\subset2\1\1_aug\157_20.npy
1,D:\Doctorat\datasets\LUNA 16\classification\subset2\1\1_aug\157_21.npy
1,D:\Doctorat\datasets\LUNA 16\classification\subset2\1\1_aug\157_22.npy
1,D:\Doctorat\datasets\LUNA 16\classification\subset2\1\1_aug\157_25.npy
1,D:\Doctorat\datasets\LUNA 16\classification\subset2\1\1_aug\157_26.npy
1,D:\Doctorat\datasets\LUNA 16\classification\subset2\1\1_aug\157_32.npy
1,D:\Doctorat\datasets\LUNA 16\classification\subset2\1\1_aug\157_35.npy
1,D:\Doctorat\datasets\LUNA 16\classification\subset2\1\1_aug\157_5.npy
1,D:\Doctorat\datasets\LUNA 16\classification\subset2\1\1_aug\158_11.npy
1,D:\Doctorat\datasets\LUNA 16\classification\subset2\1\1_aug\158_16.npy
1,D:\Doctorat\datasets\LUNA 16\classification\subset2\1\1_aug\158_25.npy
1,D:\Doctorat\datasets\LUNA 16\classification\subset2\1\1_aug\158_26.npy
1,D:\Doctorat\datasets\LUNA 16\classification\subset2\1\1_aug\158_31.npy
1,D:\Doctorat\datasets\LUNA 16\classification\subset2\1\1_aug\158_33.npy
1,D:\Doctorat\datasets\LUNA 16\classification\subset2\1\1_aug\158_37.npy
1,D:\Doctorat\datasets\LUNA 16\classification\subset2\1\1_aug\158_4.npy
1,D:\Doctorat\datasets\LUNA 16\classification\subset2\1\1_aug\159_1.npy
1,D:\Doctorat\datasets\LUNA 16\classification\subset2\1\1_aug\159_13.npy
1,D:\Doctorat\datasets\LUNA 16\classification\subset2\1\1_aug\159_14.npy
1,D:\Doctorat\datasets\LUNA 16\classification\subset2\1\1_aug\159_23.npy
1,D:\Doctorat\datasets\LUNA 16\classification\subset2\1\1_aug\159_25.npy
1,D:\Doctorat\datasets\LUNA 16\classification\subset2\1\1_aug\159_28.npy
1,D:\Doctorat\datasets\LUNA 16\classification\subset2\1\1_aug\159_3.npy
1,D:\Doctorat\datasets\LUNA 16\classification\subset2\1\1_aug\159_39.npy
1,D:\Doctorat\datasets\LUNA 16\classification\subset2\1\1_aug\159_9.npy
1,D:\Doctorat\datasets\LUNA 16\classification\subset2\1\1_aug\15_16.npy
1,D:\Doctorat\datasets\LUNA 16\classification\subset2\1\1_aug\15_17.npy
1,D:\Doctorat\datasets\LUNA 16\classification\subset2\1\1_aug\15_29.npy
1,D:\Doctorat\datasets\LUNA 16\classification\subset2\1\1_aug\15_39.npy
1,D:\Doctorat\datasets\LUNA 16\classification\subset2\1\1_aug\15_5.npy
1,D:\Doctorat\datasets\LUNA 16\classification\subset2\1\1_aug\160_11.npy
1,D:\Doctorat\datasets\LUNA 16\classification\subset2\1\1_aug\160_19.npy
1,D:\Doctorat\datasets\LUNA 16\classification\subset2\1\1_aug\160_24.npy
1,D:\Doctorat\datasets\LUNA 16\classification\subset2\1\1_aug\160_3.npy
1,D:\Doctorat\datasets\LUNA 16\classification\subset2\1\1_aug\160_30.npy
1,D:\Doctorat\datasets\LUNA 16\classification\subset2\1\1_aug\160_33.npy
1,D:\Doctorat\datasets\LUNA 16\classification\subset2\1\1_aug\160_36.npy
1,D:\Doctorat\datasets\LUNA 16\classification\subset2\1\1_aug\160_4.npy
1,D:\Doctorat\datasets\LUNA 16\classification\subset2\1\1_aug\160_6.npy
1,D:\Doctorat\datasets\LUNA 16\classification\subset2\1\1_aug\160_8.npy
1,D:\Doctorat\datasets\LUNA 16\classification\subset2\1\1_aug\161_20.npy
1,D:\Doctorat\datasets\LUNA 16\classification\subset2\1\1_aug\161_28.npy
1,D:\Doctorat\datasets\LUNA 16\classification\subset2\1\1_aug\161_29.npy
1,D:\Doctorat\datasets\LUNA 16\classification\subset2\1\1_aug\161_30.npy
1,D:\Doctorat\datasets\LUNA 16\classification\subset2\1\1_aug\161_33.npy
1,D:\Doctorat\datasets\LUNA 16\classification\subset2\1\1_aug\161_34.npy
1,D:\Doctorat\datasets\LUNA 16\classification\subset2\1\1_aug\161_4.npy
1,D:\Doctorat\datasets\LUNA 16\classification\subset2\1\1_aug\161_5.npy
1,D:\Doctorat\datasets\LUNA 16\classification\subset2\1\1_aug\162_11.npy
1,D:\Doctorat\datasets\LUNA 16\classification\subset2\1\1_aug\162_18.npy
1,D:\Doctorat\datasets\LUNA 16\classification\subset2\1\1_aug\162_2.npy
1,D:\Doctorat\datasets\LUNA 16\classification\subset2\1\1_aug\162_27.npy
1,D:\Doctorat\datasets\LUNA 16\classification\subset2\1\1_aug\162_28.npy
1,D:\Doctorat\datasets\LUNA 16\classification\subset2\1\1_aug\162_9.npy
1,D:\Doctorat\datasets\LUNA 16\classification\subset2\1\1_aug\163_1.npy
1,D:\Doctorat\datasets\LUNA 16\classification\subset2\1\1_aug\163_11.npy
1,D:\Doctorat\datasets\LUNA 16\classification\subset2\1\1_aug\163_13.npy
1,D:\Doctorat\datasets\LUNA 16\classification\subset2\1\1_aug\163_2.npy
1,D:\Doctorat\datasets\LUNA 16\classification\subset2\1\1_aug\163_5.npy
1,D:\Doctorat\datasets\LUNA 16\classification\subset2\1\1_aug\163_8.npy
1,D:\Doctorat\datasets\LUNA 16\classification\subset2\1\1_aug\164_1.npy
1,D:\Doctorat\datasets\LUNA 16\classification\subset2\1\1_aug\164_11.npy
1,D:\Doctorat\datasets\LUNA 16\classification\subset2\1\1_aug\164_13.npy
1,D:\Doctorat\datasets\LUNA 16\classification\subset2\1\1_aug\164_2.npy
1,D:\Doctorat\datasets\LUNA 16\classification\subset2\1\1_aug\164_25.npy
1,D:\Doctorat\datasets\LUNA 16\classification\subset2\1\1_aug\164_28.npy
1,D:\Doctorat\datasets\LUNA 16\classification\subset2\1\1_aug\164_34.npy
1,D:\Doctorat\datasets\LUNA 16\classification\subset2\1\1_aug\164_39.npy
1,D:\Doctorat\datasets\LUNA 16\classification\subset2\1\1_aug\164_40.npy
1,D:\Doctorat\datasets\LUNA 16\classification\subset2\1\1_aug\164_6.npy
1,D:\Doctorat\datasets\LUNA 16\classification\subset2\1\1_aug\164_8.npy
1,D:\Doctorat\datasets\LUNA 16\classification\subset2\1\1_aug\165_14.npy
1,D:\Doctorat\datasets\LUNA 16\classification\subset2\1\1_aug\165_16.npy
1,D:\Doctorat\datasets\LUNA 16\classification\subset2\1\1_aug\165_26.npy
1,D:\Doctorat\datasets\LUNA 16\classification\subset2\1\1_aug\165_35.npy
1,D:\Doctorat\datasets\LUNA 16\classification\subset2\1\1_aug\165_38.npy
1,D:\Doctorat\datasets\LUNA 16\classification\subset2\1\1_aug\165_5.npy
1,D:\Doctorat\datasets\LUNA 16\classification\subset2\1\1_aug\166_33.npy
1,D:\Doctorat\datasets\LUNA 16\classification\subset2\1\1_aug\166_34.npy
1,D:\Doctorat\datasets\LUNA 16\classification\subset2\1\1_aug\166_35.npy
1,D:\Doctorat\datasets\LUNA 16\classification\subset2\1\1_aug\166_36.npy
1,D:\Doctorat\datasets\LUNA 16\classification\subset2\1\1_aug\166_38.npy
1,D:\Doctorat\datasets\LUNA 16\classification\subset2\1\1_aug\167_11.npy
1,D:\Doctorat\datasets\LUNA 16\classification\subset2\1\1_aug\167_14.npy
1,D:\Doctorat\datasets\LUNA 16\classification\subset2\1\1_aug\167_15.npy
1,D:\Doctorat\datasets\LUNA 16\classification\subset2\1\1_aug\167_18.npy
1,D:\Doctorat\datasets\LUNA 16\classification\subset2\1\1_aug\167_2.npy
1,D:\Doctorat\datasets\LUNA 16\classification\subset2\1\1_aug\167_24.npy
1,D:\Doctorat\datasets\LUNA 16\classification\subset2\1\1_aug\167_28.npy
1,D:\Doctorat\datasets\LUNA 16\classification\subset2\1\1_aug\167_3.npy
1,D:\Doctorat\datasets\LUNA 16\classification\subset2\1\1_aug\167_30.npy
1,D:\Doctorat\datasets\LUNA 16\classification\subset2\1\1_aug\167_33.npy
1,D:\Doctorat\datasets\LUNA 16\classification\subset2\1\1_aug\167_34.npy
1,D:\Doctorat\datasets\LUNA 16\classification\subset2\1\1_aug\167_35.npy
1,D:\Doctorat\datasets\LUNA 16\classification\subset2\1\1_aug\167_37.npy
1,D:\Doctorat\datasets\LUNA 16\classification\subset2\1\1_aug\168_1.npy
1,D:\Doctorat\datasets\LUNA 16\classification\subset2\1\1_aug\168_17.npy
1,D:\Doctorat\datasets\LUNA 16\classification\subset2\1\1_aug\168_18.npy
1,D:\Doctorat\datasets\LUNA 16\classification\subset2\1\1_aug\168_32.npy
1,D:\Doctorat\datasets\LUNA 16\classification\subset2\1\1_aug\168_36.npy
1,D:\Doctorat\datasets\LUNA 16\classification\subset2\1\1_aug\168_37.npy
1,D:\Doctorat\datasets\LUNA 16\classification\subset2\1\1_aug\168_39.npy
1,D:\Doctorat\datasets\LUNA 16\classification\subset2\1\1_aug\168_4.npy
1,D:\Doctorat\datasets\LUNA 16\classification\subset2\1\1_aug\168_7.npy
1,D:\Doctorat\datasets\LUNA 16\classification\subset2\1\1_aug\169_23.npy
1,D:\Doctorat\datasets\LUNA 16\classification\subset2\1\1_aug\169_34.npy
1,D:\Doctorat\datasets\LUNA 16\classification\subset2\1\1_aug\169_35.npy
1,D:\Doctorat\datasets\LUNA 16\classification\subset2\1\1_aug\169_39.npy
1,D:\Doctorat\datasets\LUNA 16\classification\subset2\1\1_aug\169_40.npy
1,D:\Doctorat\datasets\LUNA 16\classification\subset2\1\1_aug\169_5.npy
1,D:\Doctorat\datasets\LUNA 16\classification\subset2\1\1_aug\169_8.npy
1,D:\Doctorat\datasets\LUNA 16\classification\subset2\1\1_aug\16_11.npy
1,D:\Doctorat\datasets\LUNA 16\classification\subset2\1\1_aug\16_12.npy
1,D:\Doctorat\datasets\LUNA 16\classification\subset2\1\1_aug\16_31.npy
1,D:\Doctorat\datasets\LUNA 16\classification\subset2\1\1_aug\16_33.npy
1,D:\Doctorat\datasets\LUNA 16\classification\subset2\1\1_aug\16_37.npy
1,D:\Doctorat\datasets\LUNA 16\classification\subset2\1\1_aug\16_39.npy
1,D:\Doctorat\datasets\LUNA 16\classification\subset2\1\1_aug\16_4.npy
1,D:\Doctorat\datasets\LUNA 16\classification\subset2\1\1_aug\16_8.npy
1,D:\Doctorat\datasets\LUNA 16\classification\subset2\1\1_aug\170_12.npy
1,D:\Doctorat\datasets\LUNA 16\classification\subset2\1\1_aug\170_19.npy
1,D:\Doctorat\datasets\LUNA 16\classification\subset2\1\1_aug\170_21.npy
1,D:\Doctorat\datasets\LUNA 16\classification\subset2\1\1_aug\170_22.npy
1,D:\Doctorat\datasets\LUNA 16\classification\subset2\1\1_aug\170_24.npy
1,D:\Doctorat\datasets\LUNA 16\classification\subset2\1\1_aug\170_27.npy
1,D:\Doctorat\datasets\LUNA 16\classification\subset2\1\1_aug\170_29.npy
1,D:\Doctorat\datasets\LUNA 16\classification\subset2\1\1_aug\170_33.npy
1,D:\Doctorat\datasets\LUNA 16\classification\subset2\1\1_aug\171_10.npy
1,D:\Doctorat\datasets\LUNA 16\classification\subset2\1\1_aug\171_18.npy
1,D:\Doctorat\datasets\LUNA 16\classification\subset2\1\1_aug\171_23.npy
1,D:\Doctorat\datasets\LUNA 16\classification\subset2\1\1_aug\171_24.npy
1,D:\Doctorat\datasets\LUNA 16\classification\subset2\1\1_aug\171_28.npy
1,D:\Doctorat\datasets\LUNA 16\classification\subset2\1\1_aug\171_29.npy
1,D:\Doctorat\datasets\LUNA 16\classification\subset2\1\1_aug\171_33.npy
1,D:\Doctorat\datasets\LUNA 16\classification\subset2\1\1_aug\171_34.npy
1,D:\Doctorat\datasets\LUNA 16\classification\subset2\1\1_aug\171_40.npy
1,D:\Doctorat\datasets\LUNA 16\classification\subset2\1\1_aug\171_8.npy
1,D:\Doctorat\datasets\LUNA 16\classification\subset2\1\1_aug\172_13.npy
1,D:\Doctorat\datasets\LUNA 16\classification\subset2\1\1_aug\172_22.npy
1,D:\Doctorat\datasets\LUNA 16\classification\subset2\1\1_aug\172_23.npy
1,D:\Doctorat\datasets\LUNA 16\classification\subset2\1\1_aug\172_27.npy
1,D:\Doctorat\datasets\LUNA 16\classification\subset2\1\1_aug\172_35.npy
1,D:\Doctorat\datasets\LUNA 16\classification\subset2\1\1_aug\172_6.npy
1,D:\Doctorat\datasets\LUNA 16\classification\subset2\1\1_aug\172_9.npy
1,D:\Doctorat\datasets\LUNA 16\classification\subset2\1\1_aug\173_10.npy
1,D:\Doctorat\datasets\LUNA 16\classification\subset2\1\1_aug\173_27.npy
1,D:\Doctorat\datasets\LUNA 16\classification\subset2\1\1_aug\173_28.npy
1,D:\Doctorat\datasets\LUNA 16\classification\subset2\1\1_aug\173_3.npy
1,D:\Doctorat\datasets\LUNA 16\classification\subset2\1\1_aug\173_33.npy
1,D:\Doctorat\datasets\LUNA 16\classification\subset2\1\1_aug\173_36.npy
1,D:\Doctorat\datasets\LUNA 16\classification\subset2\1\1_aug\173_7.npy
1,D:\Doctorat\datasets\LUNA 16\classification\subset2\1\1_aug\174_16.npy
1,D:\Doctorat\datasets\LUNA 16\classification\subset2\1\1_aug\174_27.npy
1,D:\Doctorat\datasets\LUNA 16\classification\subset2\1\1_aug\175_15.npy
1,D:\Doctorat\datasets\LUNA 16\classification\subset2\1\1_aug\175_27.npy
1,D:\Doctorat\datasets\LUNA 16\classification\subset2\1\1_aug\175_28.npy
1,D:\Doctorat\datasets\LUNA 16\classification\subset2\1\1_aug\175_3.npy
1,D:\Doctorat\datasets\LUNA 16\classification\subset2\1\1_aug\175_32.npy
1,D:\Doctorat\datasets\LUNA 16\classification\subset2\1\1_aug\175_5.npy
1,D:\Doctorat\datasets\LUNA 16\classification\subset2\1\1_aug\176_16.npy
1,D:\Doctorat\datasets\LUNA 16\classification\subset2\1\1_aug\176_28.npy
1,D:\Doctorat\datasets\LUNA 16\classification\subset2\1\1_aug\176_33.npy
1,D:\Doctorat\datasets\LUNA 16\classification\subset2\1\1_aug\176_35.npy
1,D:\Doctorat\datasets\LUNA 16\classification\subset2\1\1_aug\176_8.npy
1,D:\Doctorat\datasets\LUNA 16\classification\subset2\1\1_aug\177_16.npy
1,D:\Doctorat\datasets\LUNA 16\classification\subset2\1\1_aug\177_19.npy
1,D:\Doctorat\datasets\LUNA 16\classification\subset2\1\1_aug\177_26.npy
1,D:\Doctorat\datasets\LUNA 16\classification\subset2\1\1_aug\177_3.npy
1,D:\Doctorat\datasets\LUNA 16\classification\subset2\1\1_aug\177_31.npy
1,D:\Doctorat\datasets\LUNA 16\classification\subset2\1\1_aug\177_34.npy
1,D:\Doctorat\datasets\LUNA 16\classification\subset2\1\1_aug\177_4.npy
1,D:\Doctorat\datasets\LUNA 16\classification\subset2\1\1_aug\178_1.npy
1,D:\Doctorat\datasets\LUNA 16\classification\subset2\1\1_aug\178_13.npy
1,D:\Doctorat\datasets\LUNA 16\classification\subset2\1\1_aug\178_16.npy
1,D:\Doctorat\datasets\LUNA 16\classification\subset2\1\1_aug\178_25.npy
1,D:\Doctorat\datasets\LUNA 16\classification\subset2\1\1_aug\178_3.npy
1,D:\Doctorat\datasets\LUNA 16\classification\subset2\1\1_aug\178_30.npy
1,D:\Doctorat\datasets\LUNA 16\classification\subset2\1\1_aug\178_31.npy
1,D:\Doctorat\datasets\LUNA 16\classification\subset2\1\1_aug\178_5.npy
1,D:\Doctorat\datasets\LUNA 16\classification\subset2\1\1_aug\179_2.npy
1,D:\Doctorat\datasets\LUNA 16\classification\subset2\1\1_aug\179_23.npy
1,D:\Doctorat\datasets\LUNA 16\classification\subset2\1\1_aug\179_24.npy
1,D:\Doctorat\datasets\LUNA 16\classification\subset2\1\1_aug\179_25.npy
1,D:\Doctorat\datasets\LUNA 16\classification\subset2\1\1_aug\179_27.npy
1,D:\Doctorat\datasets\LUNA 16\classification\subset2\1\1_aug\179_4.npy
1,D:\Doctorat\datasets\LUNA 16\classification\subset2\1\1_aug\17_17.npy
1,D:\Doctorat\datasets\LUNA 16\classification\subset2\1\1_aug\17_22.npy
1,D:\Doctorat\datasets\LUNA 16\classification\subset2\1\1_aug\17_24.npy
1,D:\Doctorat\datasets\LUNA 16\classification\subset2\1\1_aug\17_4.npy
1,D:\Doctorat\datasets\LUNA 16\classification\subset2\1\1_aug\17_9.npy
1,D:\Doctorat\datasets\LUNA 16\classification\subset2\1\1_aug\180_1.npy
1,D:\Doctorat\datasets\LUNA 16\classification\subset2\1\1_aug\180_10.npy
1,D:\Doctorat\datasets\LUNA 16\classification\subset2\1\1_aug\180_11.npy
1,D:\Doctorat\datasets\LUNA 16\classification\subset2\1\1_aug\180_19.npy
1,D:\Doctorat\datasets\LUNA 16\classification\subset2\1\1_aug\180_25.npy
1,D:\Doctorat\datasets\LUNA 16\classification\subset2\1\1_aug\180_27.npy
1,D:\Doctorat\datasets\LUNA 16\classification\subset2\1\1_aug\180_28.npy
1,D:\Doctorat\datasets\LUNA 16\classification\subset2\1\1_aug\180_29.npy
1,D:\Doctorat\datasets\LUNA 16\classification\subset2\1\1_aug\180_30.npy
1,D:\Doctorat\datasets\LUNA 16\classification\subset2\1\1_aug\180_8.npy
1,D:\Doctorat\datasets\LUNA 16\classification\subset2\1\1_aug\18_10.npy
1,D:\Doctorat\datasets\LUNA 16\classification\subset2\1\1_aug\18_14.npy
1,D:\Doctorat\datasets\LUNA 16\classification\subset2\1\1_aug\18_18.npy
1,D:\Doctorat\datasets\LUNA 16\classification\subset2\1\1_aug\18_22.npy
1,D:\Doctorat\datasets\LUNA 16\classification\subset2\1\1_aug\18_25.npy
1,D:\Doctorat\datasets\LUNA 16\classification\subset2\1\1_aug\18_28.npy
1,D:\Doctorat\datasets\LUNA 16\classification\subset2\1\1_aug\18_30.npy
1,D:\Doctorat\datasets\LUNA 16\classification\subset2\1\1_aug\18_35.npy
1,D:\Doctorat\datasets\LUNA 16\classification\subset2\1\1_aug\18_38.npy
1,D:\Doctorat\datasets\LUNA 16\classification\subset2\1\1_aug\19_1.npy
1,D:\Doctorat\datasets\LUNA 16\classification\subset2\1\1_aug\19_10.npy
1,D:\Doctorat\datasets\LUNA 16\classification\subset2\1\1_aug\19_28.npy
1,D:\Doctorat\datasets\LUNA 16\classification\subset2\1\1_aug\1_12.npy
1,D:\Doctorat\datasets\LUNA 16\classification\subset2\1\1_aug\1_17.npy
1,D:\Doctorat\datasets\LUNA 16\classification\subset2\1\1_aug\1_19.npy
1,D:\Doctorat\datasets\LUNA 16\classification\subset2\1\1_aug\1_21.npy
1,D:\Doctorat\datasets\LUNA 16\classification\subset2\1\1_aug\1_22.npy
1,D:\Doctorat\datasets\LUNA 16\classification\subset2\1\1_aug\1_24.npy
1,D:\Doctorat\datasets\LUNA 16\classification\subset2\1\1_aug\1_31.npy
1,D:\Doctorat\datasets\LUNA 16\classification\subset2\1\1_aug\1_35.npy
1,D:\Doctorat\datasets\LUNA 16\classification\subset2\1\1_aug\20_13.npy
1,D:\Doctorat\datasets\LUNA 16\classification\subset2\1\1_aug\20_21.npy
1,D:\Doctorat\datasets\LUNA 16\classification\subset2\1\1_aug\20_23.npy
1,D:\Doctorat\datasets\LUNA 16\classification\subset2\1\1_aug\20_25.npy
1,D:\Doctorat\datasets\LUNA 16\classification\subset2\1\1_aug\20_27.npy
1,D:\Doctorat\datasets\LUNA 16\classification\subset2\1\1_aug\20_32.npy
1,D:\Doctorat\datasets\LUNA 16\classification\subset2\1\1_aug\20_33.npy
1,D:\Doctorat\datasets\LUNA 16\classification\subset2\1\1_aug\20_35.npy
1,D:\Doctorat\datasets\LUNA 16\classification\subset2\1\1_aug\20_39.npy
1,D:\Doctorat\datasets\LUNA 16\classification\subset2\1\1_aug\20_4.npy
1,D:\Doctorat\datasets\LUNA 16\classification\subset2\1\1_aug\20_5.npy
1,D:\Doctorat\datasets\LUNA 16\classification\subset2\1\1_aug\20_6.npy
1,D:\Doctorat\datasets\LUNA 16\classification\subset2\1\1_aug\20_9.npy
1,D:\Doctorat\datasets\LUNA 16\classification\subset2\1\1_aug\21_16.npy
1,D:\Doctorat\datasets\LUNA 16\classification\subset2\1\1_aug\21_23.npy
1,D:\Doctorat\datasets\LUNA 16\classification\subset2\1\1_aug\21_28.npy
1,D:\Doctorat\datasets\LUNA 16\classification\subset2\1\1_aug\21_30.npy
1,D:\Doctorat\datasets\LUNA 16\classification\subset2\1\1_aug\22_11.npy
1,D:\Doctorat\datasets\LUNA 16\classification\subset2\1\1_aug\22_33.npy
1,D:\Doctorat\datasets\LUNA 16\classification\subset2\1\1_aug\22_36.npy
1,D:\Doctorat\datasets\LUNA 16\classification\subset2\1\1_aug\22_37.npy
1,D:\Doctorat\datasets\LUNA 16\classification\subset2\1\1_aug\22_38.npy
1,D:\Doctorat\datasets\LUNA 16\classification\subset2\1\1_aug\22_7.npy
1,D:\Doctorat\datasets\LUNA 16\classification\subset2\1\1_aug\23_1.npy
1,D:\Doctorat\datasets\LUNA 16\classification\subset2\1\1_aug\23_10.npy
1,D:\Doctorat\datasets\LUNA 16\classification\subset2\1\1_aug\23_12.npy
1,D:\Doctorat\datasets\LUNA 16\classification\subset2\1\1_aug\23_13.npy
1,D:\Doctorat\datasets\LUNA 16\classification\subset2\1\1_aug\23_21.npy
1,D:\Doctorat\datasets\LUNA 16\classification\subset2\1\1_aug\23_24.npy
1,D:\Doctorat\datasets\LUNA 16\classification\subset2\1\1_aug\23_25.npy
1,D:\Doctorat\datasets\LUNA 16\classification\subset2\1\1_aug\24_11.npy
1,D:\Doctorat\datasets\LUNA 16\classification\subset2\1\1_aug\24_19.npy
1,D:\Doctorat\datasets\LUNA 16\classification\subset2\1\1_aug\24_22.npy
1,D:\Doctorat\datasets\LUNA 16\classification\subset2\1\1_aug\24_26.npy
1,D:\Doctorat\datasets\LUNA 16\classification\subset2\1\1_aug\24_35.npy
1,D:\Doctorat\datasets\LUNA 16\classification\subset2\1\1_aug\24_4.npy
1,D:\Doctorat\datasets\LUNA 16\classification\subset2\1\1_aug\24_6.npy
1,D:\Doctorat\datasets\LUNA 16\classification\subset2\1\1_aug\25_11.npy
1,D:\Doctorat\datasets\LUNA 16\classification\subset2\1\1_aug\25_13.npy
1,D:\Doctorat\datasets\LUNA 16\classification\subset2\1\1_aug\25_15.npy
1,D:\Doctorat\datasets\LUNA 16\classification\subset2\1\1_aug\25_21.npy
1,D:\Doctorat\datasets\LUNA 16\classification\subset2\1\1_aug\25_22.npy
1,D:\Doctorat\datasets\LUNA 16\classification\subset2\1\1_aug\25_27.npy
1,D:\Doctorat\datasets\LUNA 16\classification\subset2\1\1_aug\25_28.npy
1,D:\Doctorat\datasets\LUNA 16\classification\subset2\1\1_aug\25_3.npy
1,D:\Doctorat\datasets\LUNA 16\classification\subset2\1\1_aug\25_37.npy
1,D:\Doctorat\datasets\LUNA 16\classification\subset2\1\1_aug\26_16.npy
1,D:\Doctorat\datasets\LUNA 16\classification\subset2\1\1_aug\26_17.npy
1,D:\Doctorat\datasets\LUNA 16\classification\subset2\1\1_aug\26_20.npy
1,D:\Doctorat\datasets\LUNA 16\classification\subset2\1\1_aug\26_25.npy
1,D:\Doctorat\datasets\LUNA 16\classification\subset2\1\1_aug\26_30.npy
1,D:\Doctorat\datasets\LUNA 16\classification\subset2\1\1_aug\26_34.npy
1,D:\Doctorat\datasets\LUNA 16\classification\subset2\1\1_aug\26_37.npy
1,D:\Doctorat\datasets\LUNA 16\classification\subset2\1\1_aug\27_1.npy
1,D:\Doctorat\datasets\LUNA 16\classification\subset2\1\1_aug\27_15.npy
1,D:\Doctorat\datasets\LUNA 16\classification\subset2\1\1_aug\27_22.npy
1,D:\Doctorat\datasets\LUNA 16\classification\subset2\1\1_aug\27_24.npy
1,D:\Doctorat\datasets\LUNA 16\classification\subset2\1\1_aug\27_33.npy
1,D:\Doctorat\datasets\LUNA 16\classification\subset2\1\1_aug\27_4.npy
1,D:\Doctorat\datasets\LUNA 16\classification\subset2\1\1_aug\27_6.npy
1,D:\Doctorat\datasets\LUNA 16\classification\subset2\1\1_aug\27_7.npy
1,D:\Doctorat\datasets\LUNA 16\classification\subset2\1\1_aug\27_8.npy
1,D:\Doctorat\datasets\LUNA 16\classification\subset2\1\1_aug\28_10.npy
1,D:\Doctorat\datasets\LUNA 16\classification\subset2\1\1_aug\28_15.npy
1,D:\Doctorat\datasets\LUNA 16\classification\subset2\1\1_aug\28_20.npy
1,D:\Doctorat\datasets\LUNA 16\classification\subset2\1\1_aug\28_25.npy
1,D:\Doctorat\datasets\LUNA 16\classification\subset2\1\1_aug\28_33.npy
1,D:\Doctorat\datasets\LUNA 16\classification\subset2\1\1_aug\28_39.npy
1,D:\Doctorat\datasets\LUNA 16\classification\subset2\1\1_aug\28_6.npy
1,D:\Doctorat\datasets\LUNA 16\classification\subset2\1\1_aug\28_7.npy
1,D:\Doctorat\datasets\LUNA 16\classification\subset2\1\1_aug\28_9.npy
1,D:\Doctorat\datasets\LUNA 16\classification\subset2\1\1_aug\29_14.npy
1,D:\Doctorat\datasets\LUNA 16\classification\subset2\1\1_aug\29_22.npy
1,D:\Doctorat\datasets\LUNA 16\classification\subset2\1\1_aug\29_27.npy
1,D:\Doctorat\datasets\LUNA 16\classification\subset2\1\1_aug\29_3.npy
1,D:\Doctorat\datasets\LUNA 16\classification\subset2\1\1_aug\29_31.npy
1,D:\Doctorat\datasets\LUNA 16\classification\subset2\1\1_aug\29_35.npy
1,D:\Doctorat\datasets\LUNA 16\classification\subset2\1\1_aug\29_36.npy
1,D:\Doctorat\datasets\LUNA 16\classification\subset2\1\1_aug\29_40.npy
1,D:\Doctorat\datasets\LUNA 16\classification\subset2\1\1_aug\29_9.npy
1,D:\Doctorat\datasets\LUNA 16\classification\subset2\1\1_aug\2_22.npy
1,D:\Doctorat\datasets\LUNA 16\classification\subset2\1\1_aug\2_23.npy
1,D:\Doctorat\datasets\LUNA 16\classification\subset2\1\1_aug\2_26.npy
1,D:\Doctorat\datasets\LUNA 16\classification\subset2\1\1_aug\2_29.npy
1,D:\Doctorat\datasets\LUNA 16\classification\subset2\1\1_aug\2_38.npy
1,D:\Doctorat\datasets\LUNA 16\classification\subset2\1\1_aug\2_6.npy
1,D:\Doctorat\datasets\LUNA 16\classification\subset2\1\1_aug\2_9.npy
1,D:\Doctorat\datasets\LUNA 16\classification\subset2\1\1_aug\30_1.npy
1,D:\Doctorat\datasets\LUNA 16\classification\subset2\1\1_aug\30_10.npy
1,D:\Doctorat\datasets\LUNA 16\classification\subset2\1\1_aug\30_11.npy
1,D:\Doctorat\datasets\LUNA 16\classification\subset2\1\1_aug\30_17.npy
1,D:\Doctorat\datasets\LUNA 16\classification\subset2\1\1_aug\30_22.npy
1,D:\Doctorat\datasets\LUNA 16\classification\subset2\1\1_aug\30_30.npy
1,D:\Doctorat\datasets\LUNA 16\classification\subset2\1\1_aug\30_32.npy
1,D:\Doctorat\datasets\LUNA 16\classification\subset2\1\1_aug\30_7.npy
1,D:\Doctorat\datasets\LUNA 16\classification\subset2\1\1_aug\31_1.npy
1,D:\Doctorat\datasets\LUNA 16\classification\subset2\1\1_aug\31_12.npy
1,D:\Doctorat\datasets\LUNA 16\classification\subset2\1\1_aug\31_13.npy
1,D:\Doctorat\datasets\LUNA 16\classification\subset2\1\1_aug\31_16.npy
1,D:\Doctorat\datasets\LUNA 16\classification\subset2\1\1_aug\31_17.npy
1,D:\Doctorat\datasets\LUNA 16\classification\subset2\1\1_aug\31_23.npy
1,D:\Doctorat\datasets\LUNA 16\classification\subset2\1\1_aug\31_28.npy
1,D:\Doctorat\datasets\LUNA 16\classification\subset2\1\1_aug\31_3.npy
1,D:\Doctorat\datasets\LUNA 16\classification\subset2\1\1_aug\31_30.npy
1,D:\Doctorat\datasets\LUNA 16\classification\subset2\1\1_aug\31_32.npy
1,D:\Doctorat\datasets\LUNA 16\classification\subset2\1\1_aug\31_34.npy
1,D:\Doctorat\datasets\LUNA 16\classification\subset2\1\1_aug\31_35.npy
1,D:\Doctorat\datasets\LUNA 16\classification\subset2\1\1_aug\31_4.npy
1,D:\Doctorat\datasets\LUNA 16\classification\subset2\1\1_aug\31_5.npy
1,D:\Doctorat\datasets\LUNA 16\classification\subset2\1\1_aug\31_7.npy
1,D:\Doctorat\datasets\LUNA 16\classification\subset2\1\1_aug\31_9.npy
1,D:\Doctorat\datasets\LUNA 16\classification\subset2\1\1_aug\32_13.npy
1,D:\Doctorat\datasets\LUNA 16\classification\subset2\1\1_aug\32_15.npy
1,D:\Doctorat\datasets\LUNA 16\classification\subset2\1\1_aug\32_17.npy
1,D:\Doctorat\datasets\LUNA 16\classification\subset2\1\1_aug\32_20.npy
1,D:\Doctorat\datasets\LUNA 16\classification\subset2\1\1_aug\32_21.npy
1,D:\Doctorat\datasets\LUNA 16\classification\subset2\1\1_aug\32_22.npy
1,D:\Doctorat\datasets\LUNA 16\classification\subset2\1\1_aug\32_28.npy
1,D:\Doctorat\datasets\LUNA 16\classification\subset2\1\1_aug\32_34.npy
1,D:\Doctorat\datasets\LUNA 16\classification\subset2\1\1_aug\32_35.npy
1,D:\Doctorat\datasets\LUNA 16\classification\subset2\1\1_aug\32_39.npy
1,D:\Doctorat\datasets\LUNA 16\classification\subset2\1\1_aug\33_1.npy
1,D:\Doctorat\datasets\LUNA 16\classification\subset2\1\1_aug\33_10.npy
1,D:\Doctorat\datasets\LUNA 16\classification\subset2\1\1_aug\33_2.npy
1,D:\Doctorat\datasets\LUNA 16\classification\subset2\1\1_aug\33_21.npy
1,D:\Doctorat\datasets\LUNA 16\classification\subset2\1\1_aug\33_26.npy
1,D:\Doctorat\datasets\LUNA 16\classification\subset2\1\1_aug\33_8.npy
1,D:\Doctorat\datasets\LUNA 16\classification\subset2\1\1_aug\34_1.npy
1,D:\Doctorat\datasets\LUNA 16\classification\subset2\1\1_aug\34_14.npy
1,D:\Doctorat\datasets\LUNA 16\classification\subset2\1\1_aug\34_22.npy
1,D:\Doctorat\datasets\LUNA 16\classification\subset2\1\1_aug\34_26.npy
1,D:\Doctorat\datasets\LUNA 16\classification\subset2\1\1_aug\34_28.npy
1,D:\Doctorat\datasets\LUNA 16\classification\subset2\1\1_aug\34_3.npy
1,D:\Doctorat\datasets\LUNA 16\classification\subset2\1\1_aug\34_30.npy
1,D:\Doctorat\datasets\LUNA 16\classification\subset2\1\1_aug\34_31.npy
1,D:\Doctorat\datasets\LUNA 16\classification\subset2\1\1_aug\34_35.npy
1,D:\Doctorat\datasets\LUNA 16\classification\subset2\1\1_aug\34_38.npy
1,D:\Doctorat\datasets\LUNA 16\classification\subset2\1\1_aug\34_40.npy
1,D:\Doctorat\datasets\LUNA 16\classification\subset2\1\1_aug\34_7.npy
1,D:\Doctorat\datasets\LUNA 16\classification\subset2\1\1_aug\35_1.npy
1,D:\Doctorat\datasets\LUNA 16\classification\subset2\1\1_aug\35_2.npy
1,D:\Doctorat\datasets\LUNA 16\classification\subset2\1\1_aug\35_26.npy
1,D:\Doctorat\datasets\LUNA 16\classification\subset2\1\1_aug\35_28.npy
1,D:\Doctorat\datasets\LUNA 16\classification\subset2\1\1_aug\35_3.npy
1,D:\Doctorat\datasets\LUNA 16\classification\subset2\1\1_aug\35_32.npy
1,D:\Doctorat\datasets\LUNA 16\classification\subset2\1\1_aug\35_33.npy
1,D:\Doctorat\datasets\LUNA 16\classification\subset2\1\1_aug\35_34.npy
1,D:\Doctorat\datasets\LUNA 16\classification\subset2\1\1_aug\35_36.npy
1,D:\Doctorat\datasets\LUNA 16\classification\subset2\1\1_aug\36_11.npy
1,D:\Doctorat\datasets\LUNA 16\classification\subset2\1\1_aug\36_12.npy
1,D:\Doctorat\datasets\LUNA 16\classification\subset2\1\1_aug\36_24.npy
1,D:\Doctorat\datasets\LUNA 16\classification\subset2\1\1_aug\36_25.npy
1,D:\Doctorat\datasets\LUNA 16\classification\subset2\1\1_aug\36_27.npy
1,D:\Doctorat\datasets\LUNA 16\classification\subset2\1\1_aug\36_36.npy
1,D:\Doctorat\datasets\LUNA 16\classification\subset2\1\1_aug\36_38.npy
1,D:\Doctorat\datasets\LUNA 16\classification\subset2\1\1_aug\36_4.npy
1,D:\Doctorat\datasets\LUNA 16\classification\subset2\1\1_aug\37_1.npy
1,D:\Doctorat\datasets\LUNA 16\classification\subset2\1\1_aug\37_33.npy
1,D:\Doctorat\datasets\LUNA 16\classification\subset2\1\1_aug\37_4.npy
1,D:\Doctorat\datasets\LUNA 16\classification\subset2\1\1_aug\37_5.npy
1,D:\Doctorat\datasets\LUNA 16\classification\subset2\1\1_aug\38_14.npy
1,D:\Doctorat\datasets\LUNA 16\classification\subset2\1\1_aug\38_36.npy
1,D:\Doctorat\datasets\LUNA 16\classification\subset2\1\1_aug\38_8.npy
1,D:\Doctorat\datasets\LUNA 16\classification\subset2\1\1_aug\39_10.npy
1,D:\Doctorat\datasets\LUNA 16\classification\subset2\1\1_aug\39_2.npy
1,D:\Doctorat\datasets\LUNA 16\classification\subset2\1\1_aug\39_20.npy
1,D:\Doctorat\datasets\LUNA 16\classification\subset2\1\1_aug\39_21.npy
1,D:\Doctorat\datasets\LUNA 16\classification\subset2\1\1_aug\39_28.npy
1,D:\Doctorat\datasets\LUNA 16\classification\subset2\1\1_aug\39_34.npy
1,D:\Doctorat\datasets\LUNA 16\classification\subset2\1\1_aug\39_37.npy
1,D:\Doctorat\datasets\LUNA 16\classification\subset2\1\1_aug\39_40.npy
1,D:\Doctorat\datasets\LUNA 16\classification\subset2\1\1_aug\3_11.npy
1,D:\Doctorat\datasets\LUNA 16\classification\subset2\1\1_aug\3_12.npy
1,D:\Doctorat\datasets\LUNA 16\classification\subset2\1\1_aug\3_20.npy
1,D:\Doctorat\datasets\LUNA 16\classification\subset2\1\1_aug\3_28.npy
1,D:\Doctorat\datasets\LUNA 16\classification\subset2\1\1_aug\3_30.npy
1,D:\Doctorat\datasets\LUNA 16\classification\subset2\1\1_aug\3_34.npy
1,D:\Doctorat\datasets\LUNA 16\classification\subset2\1\1_aug\40_14.npy
1,D:\Doctorat\datasets\LUNA 16\classification\subset2\1\1_aug\40_15.npy
1,D:\Doctorat\datasets\LUNA 16\classification\subset2\1\1_aug\40_2.npy
1,D:\Doctorat\datasets\LUNA 16\classification\subset2\1\1_aug\40_22.npy
1,D:\Doctorat\datasets\LUNA 16\classification\subset2\1\1_aug\40_23.npy
1,D:\Doctorat\datasets\LUNA 16\classification\subset2\1\1_aug\40_31.npy
1,D:\Doctorat\datasets\LUNA 16\classification\subset2\1\1_aug\40_5.npy
1,D:\Doctorat\datasets\LUNA 16\classification\subset2\1\1_aug\41_11.npy
1,D:\Doctorat\datasets\LUNA 16\classification\subset2\1\1_aug\41_14.npy
1,D:\Doctorat\datasets\LUNA 16\classification\subset2\1\1_aug\41_15.npy
1,D:\Doctorat\datasets\LUNA 16\classification\subset2\1\1_aug\41_26.npy
1,D:\Doctorat\datasets\LUNA 16\classification\subset2\1\1_aug\41_27.npy
1,D:\Doctorat\datasets\LUNA 16\classification\subset2\1\1_aug\41_29.npy
1,D:\Doctorat\datasets\LUNA 16\classification\subset2\1\1_aug\41_30.npy
1,D:\Doctorat\datasets\LUNA 16\classification\subset2\1\1_aug\41_37.npy
1,D:\Doctorat\datasets\LUNA 16\classification\subset2\1\1_aug\41_38.npy
1,D:\Doctorat\datasets\LUNA 16\classification\subset2\1\1_aug\42_10.npy
1,D:\Doctorat\datasets\LUNA 16\classification\subset2\1\1_aug\42_12.npy
1,D:\Doctorat\datasets\LUNA 16\classification\subset2\1\1_aug\42_13.npy
1,D:\Doctorat\datasets\LUNA 16\classification\subset2\1\1_aug\42_2.npy
1,D:\Doctorat\datasets\LUNA 16\classification\subset2\1\1_aug\42_22.npy
1,D:\Doctorat\datasets\LUNA 16\classification\subset2\1\1_aug\42_23.npy
1,D:\Doctorat\datasets\LUNA 16\classification\subset2\1\1_aug\42_25.npy
1,D:\Doctorat\datasets\LUNA 16\classification\subset2\1\1_aug\42_29.npy
1,D:\Doctorat\datasets\LUNA 16\classification\subset2\1\1_aug\43_16.npy
1,D:\Doctorat\datasets\LUNA 16\classification\subset2\1\1_aug\43_17.npy
1,D:\Doctorat\datasets\LUNA 16\classification\subset2\1\1_aug\43_21.npy
1,D:\Doctorat\datasets\LUNA 16\classification\subset2\1\1_aug\43_35.npy
1,D:\Doctorat\datasets\LUNA 16\classification\subset2\1\1_aug\43_37.npy
1,D:\Doctorat\datasets\LUNA 16\classification\subset2\1\1_aug\43_38.npy
1,D:\Doctorat\datasets\LUNA 16\classification\subset2\1\1_aug\43_5.npy
1,D:\Doctorat\datasets\LUNA 16\classification\subset2\1\1_aug\43_6.npy
1,D:\Doctorat\datasets\LUNA 16\classification\subset2\1\1_aug\43_9.npy
1,D:\Doctorat\datasets\LUNA 16\classification\subset2\1\1_aug\44_10.npy
1,D:\Doctorat\datasets\LUNA 16\classification\subset2\1\1_aug\44_14.npy
1,D:\Doctorat\datasets\LUNA 16\classification\subset2\1\1_aug\44_21.npy
1,D:\Doctorat\datasets\LUNA 16\classification\subset2\1\1_aug\44_34.npy
1,D:\Doctorat\datasets\LUNA 16\classification\subset2\1\1_aug\44_37.npy
1,D:\Doctorat\datasets\LUNA 16\classification\subset2\1\1_aug\44_5.npy
1,D:\Doctorat\datasets\LUNA 16\classification\subset2\1\1_aug\45_25.npy
1,D:\Doctorat\datasets\LUNA 16\classification\subset2\1\1_aug\45_27.npy
1,D:\Doctorat\datasets\LUNA 16\classification\subset2\1\1_aug\45_3.npy
1,D:\Doctorat\datasets\LUNA 16\classification\subset2\1\1_aug\45_30.npy
1,D:\Doctorat\datasets\LUNA 16\classification\subset2\1\1_aug\45_6.npy
1,D:\Doctorat\datasets\LUNA 16\classification\subset2\1\1_aug\46_12.npy
1,D:\Doctorat\datasets\LUNA 16\classification\subset2\1\1_aug\46_15.npy
1,D:\Doctorat\datasets\LUNA 16\classification\subset2\1\1_aug\46_17.npy
1,D:\Doctorat\datasets\LUNA 16\classification\subset2\1\1_aug\46_20.npy
1,D:\Doctorat\datasets\LUNA 16\classification\subset2\1\1_aug\46_22.npy
1,D:\Doctorat\datasets\LUNA 16\classification\subset2\1\1_aug\46_29.npy
1,D:\Doctorat\datasets\LUNA 16\classification\subset2\1\1_aug\46_3.npy
1,D:\Doctorat\datasets\LUNA 16\classification\subset2\1\1_aug\46_33.npy
1,D:\Doctorat\datasets\LUNA 16\classification\subset2\1\1_aug\46_34.npy
1,D:\Doctorat\datasets\LUNA 16\classification\subset2\1\1_aug\46_38.npy
1,D:\Doctorat\datasets\LUNA 16\classification\subset2\1\1_aug\46_39.npy
1,D:\Doctorat\datasets\LUNA 16\classification\subset2\1\1_aug\46_4.npy
1,D:\Doctorat\datasets\LUNA 16\classification\subset2\1\1_aug\47_1.npy
1,D:\Doctorat\datasets\LUNA 16\classification\subset2\1\1_aug\47_10.npy
1,D:\Doctorat\datasets\LUNA 16\classification\subset2\1\1_aug\47_11.npy
1,D:\Doctorat\datasets\LUNA 16\classification\subset2\1\1_aug\47_14.npy
1,D:\Doctorat\datasets\LUNA 16\classification\subset2\1\1_aug\47_19.npy
1,D:\Doctorat\datasets\LUNA 16\classification\subset2\1\1_aug\47_23.npy
1,D:\Doctorat\datasets\LUNA 16\classification\subset2\1\1_aug\47_24.npy
1,D:\Doctorat\datasets\LUNA 16\classification\subset2\1\1_aug\47_3.npy
1,D:\Doctorat\datasets\LUNA 16\classification\subset2\1\1_aug\47_31.npy
1,D:\Doctorat\datasets\LUNA 16\classification\subset2\1\1_aug\47_40.npy
1,D:\Doctorat\datasets\LUNA 16\classification\subset2\1\1_aug\47_9.npy
1,D:\Doctorat\datasets\LUNA 16\classification\subset2\1\1_aug\48_12.npy
1,D:\Doctorat\datasets\LUNA 16\classification\subset2\1\1_aug\48_25.npy
1,D:\Doctorat\datasets\LUNA 16\classification\subset2\1\1_aug\48_31.npy
1,D:\Doctorat\datasets\LUNA 16\classification\subset2\1\1_aug\48_34.npy
1,D:\Doctorat\datasets\LUNA 16\classification\subset2\1\1_aug\48_35.npy
1,D:\Doctorat\datasets\LUNA 16\classification\subset2\1\1_aug\48_36.npy
1,D:\Doctorat\datasets\LUNA 16\classification\subset2\1\1_aug\48_37.npy
1,D:\Doctorat\datasets\LUNA 16\classification\subset2\1\1_aug\48_5.npy
1,D:\Doctorat\datasets\LUNA 16\classification\subset2\1\1_aug\48_8.npy
1,D:\Doctorat\datasets\LUNA 16\classification\subset2\1\1_aug\49_13.npy
1,D:\Doctorat\datasets\LUNA 16\classification\subset2\1\1_aug\49_15.npy
1,D:\Doctorat\datasets\LUNA 16\classification\subset2\1\1_aug\49_17.npy
1,D:\Doctorat\datasets\LUNA 16\classification\subset2\1\1_aug\49_22.npy
1,D:\Doctorat\datasets\LUNA 16\classification\subset2\1\1_aug\49_25.npy
1,D:\Doctorat\datasets\LUNA 16\classification\subset2\1\1_aug\49_32.npy
1,D:\Doctorat\datasets\LUNA 16\classification\subset2\1\1_aug\49_36.npy
1,D:\Doctorat\datasets\LUNA 16\classification\subset2\1\1_aug\49_40.npy
1,D:\Doctorat\datasets\LUNA 16\classification\subset2\1\1_aug\4_1.npy
1,D:\Doctorat\datasets\LUNA 16\classification\subset2\1\1_aug\4_11.npy
1,D:\Doctorat\datasets\LUNA 16\classification\subset2\1\1_aug\4_17.npy
1,D:\Doctorat\datasets\LUNA 16\classification\subset2\1\1_aug\4_25.npy
1,D:\Doctorat\datasets\LUNA 16\classification\subset2\1\1_aug\4_26.npy
1,D:\Doctorat\datasets\LUNA 16\classification\subset2\1\1_aug\4_29.npy
1,D:\Doctorat\datasets\LUNA 16\classification\subset2\1\1_aug\4_30.npy
1,D:\Doctorat\datasets\LUNA 16\classification\subset2\1\1_aug\4_40.npy
1,D:\Doctorat\datasets\LUNA 16\classification\subset2\1\1_aug\50_15.npy
1,D:\Doctorat\datasets\LUNA 16\classification\subset2\1\1_aug\50_16.npy
1,D:\Doctorat\datasets\LUNA 16\classification\subset2\1\1_aug\50_29.npy
1,D:\Doctorat\datasets\LUNA 16\classification\subset2\1\1_aug\50_40.npy
1,D:\Doctorat\datasets\LUNA 16\classification\subset2\1\1_aug\50_9.npy
1,D:\Doctorat\datasets\LUNA 16\classification\subset2\1\1_aug\51_24.npy
1,D:\Doctorat\datasets\LUNA 16\classification\subset2\1\1_aug\51_36.npy
1,D:\Doctorat\datasets\LUNA 16\classification\subset2\1\1_aug\51_37.npy
1,D:\Doctorat\datasets\LUNA 16\classification\subset2\1\1_aug\51_40.npy
1,D:\Doctorat\datasets\LUNA 16\classification\subset2\1\1_aug\52_29.npy
1,D:\Doctorat\datasets\LUNA 16\classification\subset2\1\1_aug\52_3.npy
1,D:\Doctorat\datasets\LUNA 16\classification\subset2\1\1_aug\52_34.npy
1,D:\Doctorat\datasets\LUNA 16\classification\subset2\1\1_aug\52_35.npy
1,D:\Doctorat\datasets\LUNA 16\classification\subset2\1\1_aug\52_39.npy
1,D:\Doctorat\datasets\LUNA 16\classification\subset2\1\1_aug\52_7.npy
1,D:\Doctorat\datasets\LUNA 16\classification\subset2\1\1_aug\52_9.npy
1,D:\Doctorat\datasets\LUNA 16\classification\subset2\1\1_aug\53_14.npy
1,D:\Doctorat\datasets\LUNA 16\classification\subset2\1\1_aug\53_19.npy
1,D:\Doctorat\datasets\LUNA 16\classification\subset2\1\1_aug\53_20.npy
1,D:\Doctorat\datasets\LUNA 16\classification\subset2\1\1_aug\53_22.npy
1,D:\Doctorat\datasets\LUNA 16\classification\subset2\1\1_aug\53_37.npy
1,D:\Doctorat\datasets\LUNA 16\classification\subset2\1\1_aug\53_6.npy
1,D:\Doctorat\datasets\LUNA 16\classification\subset2\1\1_aug\53_7.npy
1,D:\Doctorat\datasets\LUNA 16\classification\subset2\1\1_aug\53_8.npy
1,D:\Doctorat\datasets\LUNA 16\classification\subset2\1\1_aug\53_9.npy
1,D:\Doctorat\datasets\LUNA 16\classification\subset2\1\1_aug\54_13.npy
1,D:\Doctorat\datasets\LUNA 16\classification\subset2\1\1_aug\54_15.npy
1,D:\Doctorat\datasets\LUNA 16\classification\subset2\1\1_aug\54_17.npy
1,D:\Doctorat\datasets\LUNA 16\classification\subset2\1\1_aug\54_18.npy
1,D:\Doctorat\datasets\LUNA 16\classification\subset2\1\1_aug\54_19.npy
1,D:\Doctorat\datasets\LUNA 16\classification\subset2\1\1_aug\54_28.npy
1,D:\Doctorat\datasets\LUNA 16\classification\subset2\1\1_aug\54_3.npy
1,D:\Doctorat\datasets\LUNA 16\classification\subset2\1\1_aug\54_39.npy
1,D:\Doctorat\datasets\LUNA 16\classification\subset2\1\1_aug\54_40.npy
1,D:\Doctorat\datasets\LUNA 16\classification\subset2\1\1_aug\54_7.npy
1,D:\Doctorat\datasets\LUNA 16\classification\subset2\1\1_aug\55_20.npy
1,D:\Doctorat\datasets\LUNA 16\classification\subset2\1\1_aug\55_24.npy
1,D:\Doctorat\datasets\LUNA 16\classification\subset2\1\1_aug\55_26.npy
1,D:\Doctorat\datasets\LUNA 16\classification\subset2\1\1_aug\55_28.npy
1,D:\Doctorat\datasets\LUNA 16\classification\subset2\1\1_aug\55_33.npy
1,D:\Doctorat\datasets\LUNA 16\classification\subset2\1\1_aug\55_6.npy
1,D:\Doctorat\datasets\LUNA 16\classification\subset2\1\1_aug\56_13.npy
1,D:\Doctorat\datasets\LUNA 16\classification\subset2\1\1_aug\56_19.npy
1,D:\Doctorat\datasets\LUNA 16\classification\subset2\1\1_aug\56_21.npy
1,D:\Doctorat\datasets\LUNA 16\classification\subset2\1\1_aug\56_24.npy
1,D:\Doctorat\datasets\LUNA 16\classification\subset2\1\1_aug\56_25.npy
1,D:\Doctorat\datasets\LUNA 16\classification\subset2\1\1_aug\56_32.npy
1,D:\Doctorat\datasets\LUNA 16\classification\subset2\1\1_aug\56_38.npy
1,D:\Doctorat\datasets\LUNA 16\classification\subset2\1\1_aug\56_5.npy
1,D:\Doctorat\datasets\LUNA 16\classification\subset2\1\1_aug\57_14.npy
1,D:\Doctorat\datasets\LUNA 16\classification\subset2\1\1_aug\57_2.npy
1,D:\Doctorat\datasets\LUNA 16\classification\subset2\1\1_aug\57_29.npy
1,D:\Doctorat\datasets\LUNA 16\classification\subset2\1\1_aug\57_33.npy
1,D:\Doctorat\datasets\LUNA 16\classification\subset2\1\1_aug\57_36.npy
1,D:\Doctorat\datasets\LUNA 16\classification\subset2\1\1_aug\57_38.npy
1,D:\Doctorat\datasets\LUNA 16\classification\subset2\1\1_aug\57_4.npy
1,D:\Doctorat\datasets\LUNA 16\classification\subset2\1\1_aug\57_7.npy
1,D:\Doctorat\datasets\LUNA 16\classification\subset2\1\1_aug\58_19.npy
1,D:\Doctorat\datasets\LUNA 16\classification\subset2\1\1_aug\58_26.npy
1,D:\Doctorat\datasets\LUNA 16\classification\subset2\1\1_aug\58_3.npy
1,D:\Doctorat\datasets\LUNA 16\classification\subset2\1\1_aug\58_30.npy
1,D:\Doctorat\datasets\LUNA 16\classification\subset2\1\1_aug\58_31.npy
1,D:\Doctorat\datasets\LUNA 16\classification\subset2\1\1_aug\58_32.npy
1,D:\Doctorat\datasets\LUNA 16\classification\subset2\1\1_aug\58_40.npy
1,D:\Doctorat\datasets\LUNA 16\classification\subset2\1\1_aug\58_9.npy
1,D:\Doctorat\datasets\LUNA 16\classification\subset2\1\1_aug\59_11.npy
1,D:\Doctorat\datasets\LUNA 16\classification\subset2\1\1_aug\59_20.npy
1,D:\Doctorat\datasets\LUNA 16\classification\subset2\1\1_aug\59_32.npy
1,D:\Doctorat\datasets\LUNA 16\classification\subset2\1\1_aug\59_34.npy
1,D:\Doctorat\datasets\LUNA 16\classification\subset2\1\1_aug\59_9.npy
1,D:\Doctorat\datasets\LUNA 16\classification\subset2\1\1_aug\5_24.npy
1,D:\Doctorat\datasets\LUNA 16\classification\subset2\1\1_aug\5_26.npy
1,D:\Doctorat\datasets\LUNA 16\classification\subset2\1\1_aug\5_3.npy
1,D:\Doctorat\datasets\LUNA 16\classification\subset2\1\1_aug\5_37.npy
1,D:\Doctorat\datasets\LUNA 16\classification\subset2\1\1_aug\60_16.npy
1,D:\Doctorat\datasets\LUNA 16\classification\subset2\1\1_aug\60_29.npy
1,D:\Doctorat\datasets\LUNA 16\classification\subset2\1\1_aug\60_33.npy
1,D:\Doctorat\datasets\LUNA 16\classification\subset2\1\1_aug\60_38.npy
1,D:\Doctorat\datasets\LUNA 16\classification\subset2\1\1_aug\61_12.npy
1,D:\Doctorat\datasets\LUNA 16\classification\subset2\1\1_aug\61_14.npy
1,D:\Doctorat\datasets\LUNA 16\classification\subset2\1\1_aug\61_25.npy
1,D:\Doctorat\datasets\LUNA 16\classification\subset2\1\1_aug\61_31.npy
1,D:\Doctorat\datasets\LUNA 16\classification\subset2\1\1_aug\61_36.npy
1,D:\Doctorat\datasets\LUNA 16\classification\subset2\1\1_aug\61_39.npy
1,D:\Doctorat\datasets\LUNA 16\classification\subset2\1\1_aug\61_6.npy
1,D:\Doctorat\datasets\LUNA 16\classification\subset2\1\1_aug\61_7.npy
1,D:\Doctorat\datasets\LUNA 16\classification\subset2\1\1_aug\62_1.npy
1,D:\Doctorat\datasets\LUNA 16\classification\subset2\1\1_aug\62_14.npy
1,D:\Doctorat\datasets\LUNA 16\classification\subset2\1\1_aug\62_27.npy
1,D:\Doctorat\datasets\LUNA 16\classification\subset2\1\1_aug\62_34.npy
1,D:\Doctorat\datasets\LUNA 16\classification\subset2\1\1_aug\62_36.npy
1,D:\Doctorat\datasets\LUNA 16\classification\subset2\1\1_aug\62_4.npy
1,D:\Doctorat\datasets\LUNA 16\classification\subset2\1\1_aug\62_40.npy
1,D:\Doctorat\datasets\LUNA 16\classification\subset2\1\1_aug\62_5.npy
1,D:\Doctorat\datasets\LUNA 16\classification\subset2\1\1_aug\62_9.npy
1,D:\Doctorat\datasets\LUNA 16\classification\subset2\1\1_aug\63_23.npy
1,D:\Doctorat\datasets\LUNA 16\classification\subset2\1\1_aug\63_32.npy
1,D:\Doctorat\datasets\LUNA 16\classification\subset2\1\1_aug\63_38.npy
1,D:\Doctorat\datasets\LUNA 16\classification\subset2\1\1_aug\64_27.npy
1,D:\Doctorat\datasets\LUNA 16\classification\subset2\1\1_aug\64_31.npy
1,D:\Doctorat\datasets\LUNA 16\classification\subset2\1\1_aug\64_34.npy
1,D:\Doctorat\datasets\LUNA 16\classification\subset2\1\1_aug\64_40.npy
1,D:\Doctorat\datasets\LUNA 16\classification\subset2\1\1_aug\64_5.npy
1,D:\Doctorat\datasets\LUNA 16\classification\subset2\1\1_aug\64_9.npy
1,D:\Doctorat\datasets\LUNA 16\classification\subset2\1\1_aug\65_1.npy
1,D:\Doctorat\datasets\LUNA 16\classification\subset2\1\1_aug\65_14.npy
1,D:\Doctorat\datasets\LUNA 16\classification\subset2\1\1_aug\65_18.npy
1,D:\Doctorat\datasets\LUNA 16\classification\subset2\1\1_aug\65_19.npy
1,D:\Doctorat\datasets\LUNA 16\classification\subset2\1\1_aug\65_2.npy
1,D:\Doctorat\datasets\LUNA 16\classification\subset2\1\1_aug\65_21.npy
1,D:\Doctorat\datasets\LUNA 16\classification\subset2\1\1_aug\65_27.npy
1,D:\Doctorat\datasets\LUNA 16\classification\subset2\1\1_aug\65_28.npy
1,D:\Doctorat\datasets\LUNA 16\classification\subset2\1\1_aug\65_31.npy
1,D:\Doctorat\datasets\LUNA 16\classification\subset2\1\1_aug\65_35.npy
1,D:\Doctorat\datasets\LUNA 16\classification\subset2\1\1_aug\65_5.npy
1,D:\Doctorat\datasets\LUNA 16\classification\subset2\1\1_aug\65_6.npy
1,D:\Doctorat\datasets\LUNA 16\classification\subset2\1\1_aug\66_17.npy
1,D:\Doctorat\datasets\LUNA 16\classification\subset2\1\1_aug\66_23.npy
1,D:\Doctorat\datasets\LUNA 16\classification\subset2\1\1_aug\66_25.npy
1,D:\Doctorat\datasets\LUNA 16\classification\subset2\1\1_aug\66_26.npy
1,D:\Doctorat\datasets\LUNA 16\classification\subset2\1\1_aug\66_28.npy
1,D:\Doctorat\datasets\LUNA 16\classification\subset2\1\1_aug\66_30.npy
1,D:\Doctorat\datasets\LUNA 16\classification\subset2\1\1_aug\66_32.npy
1,D:\Doctorat\datasets\LUNA 16\classification\subset2\1\1_aug\66_6.npy
1,D:\Doctorat\datasets\LUNA 16\classification\subset2\1\1_aug\66_9.npy
1,D:\Doctorat\datasets\LUNA 16\classification\subset2\1\1_aug\67_18.npy
1,D:\Doctorat\datasets\LUNA 16\classification\subset2\1\1_aug\67_23.npy
1,D:\Doctorat\datasets\LUNA 16\classification\subset2\1\1_aug\67_31.npy
1,D:\Doctorat\datasets\LUNA 16\classification\subset2\1\1_aug\67_38.npy
1,D:\Doctorat\datasets\LUNA 16\classification\subset2\1\1_aug\67_39.npy
1,D:\Doctorat\datasets\LUNA 16\classification\subset2\1\1_aug\68_16.npy
1,D:\Doctorat\datasets\LUNA 16\classification\subset2\1\1_aug\68_18.npy
1,D:\Doctorat\datasets\LUNA 16\classification\subset2\1\1_aug\68_2.npy
1,D:\Doctorat\datasets\LUNA 16\classification\subset2\1\1_aug\68_25.npy
1,D:\Doctorat\datasets\LUNA 16\classification\subset2\1\1_aug\68_26.npy
1,D:\Doctorat\datasets\LUNA 16\classification\subset2\1\1_aug\68_29.npy
1,D:\Doctorat\datasets\LUNA 16\classification\subset2\1\1_aug\68_31.npy
1,D:\Doctorat\datasets\LUNA 16\classification\subset2\1\1_aug\69_1.npy
1,D:\Doctorat\datasets\LUNA 16\classification\subset2\1\1_aug\69_21.npy
1,D:\Doctorat\datasets\LUNA 16\classification\subset2\1\1_aug\69_23.npy
1,D:\Doctorat\datasets\LUNA 16\classification\subset2\1\1_aug\69_24.npy
1,D:\Doctorat\datasets\LUNA 16\classification\subset2\1\1_aug\69_3.npy
1,D:\Doctorat\datasets\LUNA 16\classification\subset2\1\1_aug\69_31.npy
1,D:\Doctorat\datasets\LUNA 16\classification\subset2\1\1_aug\69_34.npy
1,D:\Doctorat\datasets\LUNA 16\classification\subset2\1\1_aug\69_37.npy
1,D:\Doctorat\datasets\LUNA 16\classification\subset2\1\1_aug\69_40.npy
1,D:\Doctorat\datasets\LUNA 16\classification\subset2\1\1_aug\6_20.npy
1,D:\Doctorat\datasets\LUNA 16\classification\subset2\1\1_aug\6_21.npy
1,D:\Doctorat\datasets\LUNA 16\classification\subset2\1\1_aug\6_25.npy
1,D:\Doctorat\datasets\LUNA 16\classification\subset2\1\1_aug\6_3.npy
1,D:\Doctorat\datasets\LUNA 16\classification\subset2\1\1_aug\6_31.npy
1,D:\Doctorat\datasets\LUNA 16\classification\subset2\1\1_aug\6_37.npy
1,D:\Doctorat\datasets\LUNA 16\classification\subset2\1\1_aug\6_5.npy
1,D:\Doctorat\datasets\LUNA 16\classification\subset2\1\1_aug\6_6.npy
1,D:\Doctorat\datasets\LUNA 16\classification\subset2\1\1_aug\70_15.npy
1,D:\Doctorat\datasets\LUNA 16\classification\subset2\1\1_aug\70_20.npy
1,D:\Doctorat\datasets\LUNA 16\classification\subset2\1\1_aug\70_21.npy
1,D:\Doctorat\datasets\LUNA 16\classification\subset2\1\1_aug\70_22.npy
1,D:\Doctorat\datasets\LUNA 16\classification\subset2\1\1_aug\70_23.npy
1,D:\Doctorat\datasets\LUNA 16\classification\subset2\1\1_aug\70_9.npy
1,D:\Doctorat\datasets\LUNA 16\classification\subset2\1\1_aug\71_11.npy
1,D:\Doctorat\datasets\LUNA 16\classification\subset2\1\1_aug\71_12.npy
1,D:\Doctorat\datasets\LUNA 16\classification\subset2\1\1_aug\71_13.npy
1,D:\Doctorat\datasets\LUNA 16\classification\subset2\1\1_aug\71_15.npy
1,D:\Doctorat\datasets\LUNA 16\classification\subset2\1\1_aug\71_2.npy
1,D:\Doctorat\datasets\LUNA 16\classification\subset2\1\1_aug\71_26.npy
1,D:\Doctorat\datasets\LUNA 16\classification\subset2\1\1_aug\71_28.npy
1,D:\Doctorat\datasets\LUNA 16\classification\subset2\1\1_aug\71_35.npy
1,D:\Doctorat\datasets\LUNA 16\classification\subset2\1\1_aug\72_15.npy
1,D:\Doctorat\datasets\LUNA 16\classification\subset2\1\1_aug\72_2.npy
1,D:\Doctorat\datasets\LUNA 16\classification\subset2\1\1_aug\72_20.npy
1,D:\Doctorat\datasets\LUNA 16\classification\subset2\1\1_aug\72_26.npy
1,D:\Doctorat\datasets\LUNA 16\classification\subset2\1\1_aug\72_32.npy
1,D:\Doctorat\datasets\LUNA 16\classification\subset2\1\1_aug\72_33.npy
1,D:\Doctorat\datasets\LUNA 16\classification\subset2\1\1_aug\72_34.npy
1,D:\Doctorat\datasets\LUNA 16\classification\subset2\1\1_aug\73_10.npy
1,D:\Doctorat\datasets\LUNA 16\classification\subset2\1\1_aug\73_21.npy
1,D:\Doctorat\datasets\LUNA 16\classification\subset2\1\1_aug\73_25.npy
1,D:\Doctorat\datasets\LUNA 16\classification\subset2\1\1_aug\73_26.npy
1,D:\Doctorat\datasets\LUNA 16\classification\subset2\1\1_aug\73_27.npy
1,D:\Doctorat\datasets\LUNA 16\classification\subset2\1\1_aug\73_29.npy
1,D:\Doctorat\datasets\LUNA 16\classification\subset2\1\1_aug\73_35.npy
1,D:\Doctorat\datasets\LUNA 16\classification\subset2\1\1_aug\73_39.npy
1,D:\Doctorat\datasets\LUNA 16\classification\subset2\1\1_aug\73_7.npy
1,D:\Doctorat\datasets\LUNA 16\classification\subset2\1\1_aug\74_12.npy
1,D:\Doctorat\datasets\LUNA 16\classification\subset2\1\1_aug\74_13.npy
1,D:\Doctorat\datasets\LUNA 16\classification\subset2\1\1_aug\74_17.npy
1,D:\Doctorat\datasets\LUNA 16\classification\subset2\1\1_aug\74_26.npy
1,D:\Doctorat\datasets\LUNA 16\classification\subset2\1\1_aug\74_28.npy
1,D:\Doctorat\datasets\LUNA 16\classification\subset2\1\1_aug\74_33.npy
1,D:\Doctorat\datasets\LUNA 16\classification\subset2\1\1_aug\74_37.npy
1,D:\Doctorat\datasets\LUNA 16\classification\subset2\1\1_aug\74_7.npy
1,D:\Doctorat\datasets\LUNA 16\classification\subset2\1\1_aug\74_8.npy
1,D:\Doctorat\datasets\LUNA 16\classification\subset2\1\1_aug\75_18.npy
1,D:\Doctorat\datasets\LUNA 16\classification\subset2\1\1_aug\75_19.npy
1,D:\Doctorat\datasets\LUNA 16\classification\subset2\1\1_aug\75_21.npy
1,D:\Doctorat\datasets\LUNA 16\classification\subset2\1\1_aug\75_26.npy
1,D:\Doctorat\datasets\LUNA 16\classification\subset2\1\1_aug\75_28.npy
1,D:\Doctorat\datasets\LUNA 16\classification\subset2\1\1_aug\75_29.npy
1,D:\Doctorat\datasets\LUNA 16\classification\subset2\1\1_aug\75_3.npy
1,D:\Doctorat\datasets\LUNA 16\classification\subset2\1\1_aug\75_39.npy
1,D:\Doctorat\datasets\LUNA 16\classification\subset2\1\1_aug\76_10.npy
1,D:\Doctorat\datasets\LUNA 16\classification\subset2\1\1_aug\76_15.npy
1,D:\Doctorat\datasets\LUNA 16\classification\subset2\1\1_aug\76_18.npy
1,D:\Doctorat\datasets\LUNA 16\classification\subset2\1\1_aug\76_19.npy
1,D:\Doctorat\datasets\LUNA 16\classification\subset2\1\1_aug\76_20.npy
1,D:\Doctorat\datasets\LUNA 16\classification\subset2\1\1_aug\76_36.npy
1,D:\Doctorat\datasets\LUNA 16\classification\subset2\1\1_aug\76_8.npy
1,D:\Doctorat\datasets\LUNA 16\classification\subset2\1\1_aug\77_12.npy
1,D:\Doctorat\datasets\LUNA 16\classification\subset2\1\1_aug\77_15.npy
1,D:\Doctorat\datasets\LUNA 16\classification\subset2\1\1_aug\77_23.npy
1,D:\Doctorat\datasets\LUNA 16\classification\subset2\1\1_aug\77_30.npy
1,D:\Doctorat\datasets\LUNA 16\classification\subset2\1\1_aug\77_39.npy
1,D:\Doctorat\datasets\LUNA 16\classification\subset2\1\1_aug\77_4.npy
1,D:\Doctorat\datasets\LUNA 16\classification\subset2\1\1_aug\77_40.npy
1,D:\Doctorat\datasets\LUNA 16\classification\subset2\1\1_aug\77_9.npy
1,D:\Doctorat\datasets\LUNA 16\classification\subset2\1\1_aug\78_10.npy
1,D:\Doctorat\datasets\LUNA 16\classification\subset2\1\1_aug\78_11.npy
1,D:\Doctorat\datasets\LUNA 16\classification\subset2\1\1_aug\78_12.npy
1,D:\Doctorat\datasets\LUNA 16\classification\subset2\1\1_aug\78_13.npy
1,D:\Doctorat\datasets\LUNA 16\classification\subset2\1\1_aug\78_14.npy
1,D:\Doctorat\datasets\LUNA 16\classification\subset2\1\1_aug\78_17.npy
1,D:\Doctorat\datasets\LUNA 16\classification\subset2\1\1_aug\78_18.npy
1,D:\Doctorat\datasets\LUNA 16\classification\subset2\1\1_aug\78_20.npy
1,D:\Doctorat\datasets\LUNA 16\classification\subset2\1\1_aug\79_23.npy
1,D:\Doctorat\datasets\LUNA 16\classification\subset2\1\1_aug\79_36.npy
1,D:\Doctorat\datasets\LUNA 16\classification\subset2\1\1_aug\79_6.npy
1,D:\Doctorat\datasets\LUNA 16\classification\subset2\1\1_aug\7_1.npy
1,D:\Doctorat\datasets\LUNA 16\classification\subset2\1\1_aug\7_11.npy
1,D:\Doctorat\datasets\LUNA 16\classification\subset2\1\1_aug\7_14.npy
1,D:\Doctorat\datasets\LUNA 16\classification\subset2\1\1_aug\7_37.npy
1,D:\Doctorat\datasets\LUNA 16\classification\subset2\1\1_aug\7_38.npy
1,D:\Doctorat\datasets\LUNA 16\classification\subset2\1\1_aug\80_15.npy
1,D:\Doctorat\datasets\LUNA 16\classification\subset2\1\1_aug\80_22.npy
1,D:\Doctorat\datasets\LUNA 16\classification\subset2\1\1_aug\80_23.npy
1,D:\Doctorat\datasets\LUNA 16\classification\subset2\1\1_aug\80_29.npy
1,D:\Doctorat\datasets\LUNA 16\classification\subset2\1\1_aug\80_30.npy
1,D:\Doctorat\datasets\LUNA 16\classification\subset2\1\1_aug\80_36.npy
1,D:\Doctorat\datasets\LUNA 16\classification\subset2\1\1_aug\80_39.npy
1,D:\Doctorat\datasets\LUNA 16\classification\subset2\1\1_aug\80_4.npy
1,D:\Doctorat\datasets\LUNA 16\classification\subset2\1\1_aug\80_40.npy
1,D:\Doctorat\datasets\LUNA 16\classification\subset2\1\1_aug\81_1.npy
1,D:\Doctorat\datasets\LUNA 16\classification\subset2\1\1_aug\81_11.npy
1,D:\Doctorat\datasets\LUNA 16\classification\subset2\1\1_aug\81_14.npy
1,D:\Doctorat\datasets\LUNA 16\classification\subset2\1\1_aug\81_15.npy
1,D:\Doctorat\datasets\LUNA 16\classification\subset2\1\1_aug\81_35.npy
1,D:\Doctorat\datasets\LUNA 16\classification\subset2\1\1_aug\81_9.npy
1,D:\Doctorat\datasets\LUNA 16\classification\subset2\1\1_aug\82_21.npy
1,D:\Doctorat\datasets\LUNA 16\classification\subset2\1\1_aug\82_24.npy
1,D:\Doctorat\datasets\LUNA 16\classification\subset2\1\1_aug\82_25.npy
1,D:\Doctorat\datasets\LUNA 16\classification\subset2\1\1_aug\82_28.npy
1,D:\Doctorat\datasets\LUNA 16\classification\subset2\1\1_aug\82_30.npy
1,D:\Doctorat\datasets\LUNA 16\classification\subset2\1\1_aug\82_4.npy
1,D:\Doctorat\datasets\LUNA 16\classification\subset2\1\1_aug\82_40.npy
1,D:\Doctorat\datasets\LUNA 16\classification\subset2\1\1_aug\82_5.npy
1,D:\Doctorat\datasets\LUNA 16\classification\subset2\1\1_aug\82_9.npy
1,D:\Doctorat\datasets\LUNA 16\classification\subset2\1\1_aug\83_13.npy
1,D:\Doctorat\datasets\LUNA 16\classification\subset2\1\1_aug\83_20.npy
1,D:\Doctorat\datasets\LUNA 16\classification\subset2\1\1_aug\83_26.npy
1,D:\Doctorat\datasets\LUNA 16\classification\subset2\1\1_aug\83_30.npy
1,D:\Doctorat\datasets\LUNA 16\classification\subset2\1\1_aug\83_31.npy
1,D:\Doctorat\datasets\LUNA 16\classification\subset2\1\1_aug\83_36.npy
1,D:\Doctorat\datasets\LUNA 16\classification\subset2\1\1_aug\83_39.npy
1,D:\Doctorat\datasets\LUNA 16\classification\subset2\1\1_aug\83_6.npy
1,D:\Doctorat\datasets\LUNA 16\classification\subset2\1\1_aug\83_7.npy
1,D:\Doctorat\datasets\LUNA 16\classification\subset2\1\1_aug\84_16.npy
1,D:\Doctorat\datasets\LUNA 16\classification\subset2\1\1_aug\84_18.npy
1,D:\Doctorat\datasets\LUNA 16\classification\subset2\1\1_aug\84_21.npy
1,D:\Doctorat\datasets\LUNA 16\classification\subset2\1\1_aug\84_24.npy
1,D:\Doctorat\datasets\LUNA 16\classification\subset2\1\1_aug\84_28.npy
1,D:\Doctorat\datasets\LUNA 16\classification\subset2\1\1_aug\84_3.npy
1,D:\Doctorat\datasets\LUNA 16\classification\subset2\1\1_aug\84_34.npy
1,D:\Doctorat\datasets\LUNA 16\classification\subset2\1\1_aug\84_39.npy
1,D:\Doctorat\datasets\LUNA 16\classification\subset2\1\1_aug\84_4.npy
1,D:\Doctorat\datasets\LUNA 16\classification\subset2\1\1_aug\84_6.npy
1,D:\Doctorat\datasets\LUNA 16\classification\subset2\1\1_aug\84_8.npy
1,D:\Doctorat\datasets\LUNA 16\classification\subset2\1\1_aug\84_9.npy
1,D:\Doctorat\datasets\LUNA 16\classification\subset2\1\1_aug\85_11.npy
1,D:\Doctorat\datasets\LUNA 16\classification\subset2\1\1_aug\85_13.npy
1,D:\Doctorat\datasets\LUNA 16\classification\subset2\1\1_aug\85_18.npy
1,D:\Doctorat\datasets\LUNA 16\classification\subset2\1\1_aug\85_19.npy
1,D:\Doctorat\datasets\LUNA 16\classification\subset2\1\1_aug\85_25.npy
1,D:\Doctorat\datasets\LUNA 16\classification\subset2\1\1_aug\85_29.npy
1,D:\Doctorat\datasets\LUNA 16\classification\subset2\1\1_aug\85_3.npy
1,D:\Doctorat\datasets\LUNA 16\classification\subset2\1\1_aug\85_35.npy
1,D:\Doctorat\datasets\LUNA 16\classification\subset2\1\1_aug\86_11.npy
1,D:\Doctorat\datasets\LUNA 16\classification\subset2\1\1_aug\86_16.npy
1,D:\Doctorat\datasets\LUNA 16\classification\subset2\1\1_aug\86_17.npy
1,D:\Doctorat\datasets\LUNA 16\classification\subset2\1\1_aug\86_24.npy
1,D:\Doctorat\datasets\LUNA 16\classification\subset2\1\1_aug\86_30.npy
1,D:\Doctorat\datasets\LUNA 16\classification\subset2\1\1_aug\86_4.npy
1,D:\Doctorat\datasets\LUNA 16\classification\subset2\1\1_aug\87_15.npy
1,D:\Doctorat\datasets\LUNA 16\classification\subset2\1\1_aug\87_2.npy
1,D:\Doctorat\datasets\LUNA 16\classification\subset2\1\1_aug\87_21.npy
1,D:\Doctorat\datasets\LUNA 16\classification\subset2\1\1_aug\87_31.npy
1,D:\Doctorat\datasets\LUNA 16\classification\subset2\1\1_aug\87_35.npy
1,D:\Doctorat\datasets\LUNA 16\classification\subset2\1\1_aug\87_37.npy
1,D:\Doctorat\datasets\LUNA 16\classification\subset2\1\1_aug\87_6.npy
1,D:\Doctorat\datasets\LUNA 16\classification\subset2\1\1_aug\87_7.npy
1,D:\Doctorat\datasets\LUNA 16\classification\subset2\1\1_aug\87_8.npy
1,D:\Doctorat\datasets\LUNA 16\classification\subset2\1\1_aug\87_9.npy
1,D:\Doctorat\datasets\LUNA 16\classification\subset2\1\1_aug\88_10.npy
1,D:\Doctorat\datasets\LUNA 16\classification\subset2\1\1_aug\88_14.npy
1,D:\Doctorat\datasets\LUNA 16\classification\subset2\1\1_aug\88_16.npy
1,D:\Doctorat\datasets\LUNA 16\classification\subset2\1\1_aug\88_22.npy
1,D:\Doctorat\datasets\LUNA 16\classification\subset2\1\1_aug\88_25.npy
1,D:\Doctorat\datasets\LUNA 16\classification\subset2\1\1_aug\88_29.npy
1,D:\Doctorat\datasets\LUNA 16\classification\subset2\1\1_aug\88_35.npy
1,D:\Doctorat\datasets\LUNA 16\classification\subset2\1\1_aug\89_14.npy
1,D:\Doctorat\datasets\LUNA 16\classification\subset2\1\1_aug\89_22.npy
1,D:\Doctorat\datasets\LUNA 16\classification\subset2\1\1_aug\89_25.npy
1,D:\Doctorat\datasets\LUNA 16\classification\subset2\1\1_aug\89_28.npy
1,D:\Doctorat\datasets\LUNA 16\classification\subset2\1\1_aug\89_29.npy
1,D:\Doctorat\datasets\LUNA 16\classification\subset2\1\1_aug\89_31.npy
1,D:\Doctorat\datasets\LUNA 16\classification\subset2\1\1_aug\89_33.npy
1,D:\Doctorat\datasets\LUNA 16\classification\subset2\1\1_aug\8_11.npy
1,D:\Doctorat\datasets\LUNA 16\classification\subset2\1\1_aug\8_12.npy
1,D:\Doctorat\datasets\LUNA 16\classification\subset2\1\1_aug\8_29.npy
1,D:\Doctorat\datasets\LUNA 16\classification\subset2\1\1_aug\8_35.npy
1,D:\Doctorat\datasets\LUNA 16\classification\subset2\1\1_aug\8_37.npy
1,D:\Doctorat\datasets\LUNA 16\classification\subset2\1\1_aug\8_39.npy
1,D:\Doctorat\datasets\LUNA 16\classification\subset2\1\1_aug\8_7.npy
1,D:\Doctorat\datasets\LUNA 16\classification\subset2\1\1_aug\90_16.npy
1,D:\Doctorat\datasets\LUNA 16\classification\subset2\1\1_aug\90_2.npy
1,D:\Doctorat\datasets\LUNA 16\classification\subset2\1\1_aug\90_31.npy
1,D:\Doctorat\datasets\LUNA 16\classification\subset2\1\1_aug\90_33.npy
1,D:\Doctorat\datasets\LUNA 16\classification\subset2\1\1_aug\90_34.npy
1,D:\Doctorat\datasets\LUNA 16\classification\subset2\1\1_aug\90_39.npy
1,D:\Doctorat\datasets\LUNA 16\classification\subset2\1\1_aug\90_5.npy
1,D:\Doctorat\datasets\LUNA 16\classification\subset2\1\1_aug\91_14.npy
1,D:\Doctorat\datasets\LUNA 16\classification\subset2\1\1_aug\91_15.npy
1,D:\Doctorat\datasets\LUNA 16\classification\subset2\1\1_aug\91_16.npy
1,D:\Doctorat\datasets\LUNA 16\classification\subset2\1\1_aug\91_23.npy
1,D:\Doctorat\datasets\LUNA 16\classification\subset2\1\1_aug\91_27.npy
1,D:\Doctorat\datasets\LUNA 16\classification\subset2\1\1_aug\91_32.npy
1,D:\Doctorat\datasets\LUNA 16\classification\subset2\1\1_aug\91_34.npy
1,D:\Doctorat\datasets\LUNA 16\classification\subset2\1\1_aug\91_38.npy
1,D:\Doctorat\datasets\LUNA 16\classification\subset2\1\1_aug\92_10.npy
1,D:\Doctorat\datasets\LUNA 16\classification\subset2\1\1_aug\92_18.npy
1,D:\Doctorat\datasets\LUNA 16\classification\subset2\1\1_aug\92_23.npy
1,D:\Doctorat\datasets\LUNA 16\classification\subset2\1\1_aug\92_25.npy
1,D:\Doctorat\datasets\LUNA 16\classification\subset2\1\1_aug\92_27.npy
1,D:\Doctorat\datasets\LUNA 16\classification\subset2\1\1_aug\92_3.npy
1,D:\Doctorat\datasets\LUNA 16\classification\subset2\1\1_aug\92_5.npy
1,D:\Doctorat\datasets\LUNA 16\classification\subset2\1\1_aug\93_16.npy
1,D:\Doctorat\datasets\LUNA 16\classification\subset2\1\1_aug\93_23.npy
1,D:\Doctorat\datasets\LUNA 16\classification\subset2\1\1_aug\93_26.npy
1,D:\Doctorat\datasets\LUNA 16\classification\subset2\1\1_aug\93_27.npy
1,D:\Doctorat\datasets\LUNA 16\classification\subset2\1\1_aug\93_29.npy
1,D:\Doctorat\datasets\LUNA 16\classification\subset2\1\1_aug\93_30.npy
1,D:\Doctorat\datasets\LUNA 16\classification\subset2\1\1_aug\93_32.npy
1,D:\Doctorat\datasets\LUNA 16\classification\subset2\1\1_aug\93_33.npy
1,D:\Doctorat\datasets\LUNA 16\classification\subset2\1\1_aug\93_37.npy
1,D:\Doctorat\datasets\LUNA 16\classification\subset2\1\1_aug\94_11.npy
1,D:\Doctorat\datasets\LUNA 16\classification\subset2\1\1_aug\94_18.npy
1,D:\Doctorat\datasets\LUNA 16\classification\subset2\1\1_aug\94_22.npy
1,D:\Doctorat\datasets\LUNA 16\classification\subset2\1\1_aug\94_34.npy
1,D:\Doctorat\datasets\LUNA 16\classification\subset2\1\1_aug\95_10.npy
1,D:\Doctorat\datasets\LUNA 16\classification\subset2\1\1_aug\95_11.npy
1,D:\Doctorat\datasets\LUNA 16\classification\subset2\1\1_aug\95_13.npy
1,D:\Doctorat\datasets\LUNA 16\classification\subset2\1\1_aug\95_16.npy
1,D:\Doctorat\datasets\LUNA 16\classification\subset2\1\1_aug\95_18.npy
1,D:\Doctorat\datasets\LUNA 16\classification\subset2\1\1_aug\95_21.npy
1,D:\Doctorat\datasets\LUNA 16\classification\subset2\1\1_aug\95_25.npy
1,D:\Doctorat\datasets\LUNA 16\classification\subset2\1\1_aug\95_26.npy
1,D:\Doctorat\datasets\LUNA 16\classification\subset2\1\1_aug\95_28.npy
1,D:\Doctorat\datasets\LUNA 16\classification\subset2\1\1_aug\95_3.npy
1,D:\Doctorat\datasets\LUNA 16\classification\subset2\1\1_aug\95_30.npy
1,D:\Doctorat\datasets\LUNA 16\classification\subset2\1\1_aug\95_34.npy
1,D:\Doctorat\datasets\LUNA 16\classification\subset2\1\1_aug\96_17.npy
1,D:\Doctorat\datasets\LUNA 16\classification\subset2\1\1_aug\96_25.npy
1,D:\Doctorat\datasets\LUNA 16\classification\subset2\1\1_aug\96_27.npy
1,D:\Doctorat\datasets\LUNA 16\classification\subset2\1\1_aug\96_3.npy
1,D:\Doctorat\datasets\LUNA 16\classification\subset2\1\1_aug\96_30.npy
1,D:\Doctorat\datasets\LUNA 16\classification\subset2\1\1_aug\96_36.npy
1,D:\Doctorat\datasets\LUNA 16\classification\subset2\1\1_aug\96_5.npy
1,D:\Doctorat\datasets\LUNA 16\classification\subset2\1\1_aug\97_10.npy
1,D:\Doctorat\datasets\LUNA 16\classification\subset2\1\1_aug\97_21.npy
1,D:\Doctorat\datasets\LUNA 16\classification\subset2\1\1_aug\97_39.npy
1,D:\Doctorat\datasets\LUNA 16\classification\subset2\1\1_aug\97_7.npy
1,D:\Doctorat\datasets\LUNA 16\classification\subset2\1\1_aug\98_15.npy
1,D:\Doctorat\datasets\LUNA 16\classification\subset2\1\1_aug\98_16.npy
1,D:\Doctorat\datasets\LUNA 16\classification\subset2\1\1_aug\98_22.npy
1,D:\Doctorat\datasets\LUNA 16\classification\subset2\1\1_aug\98_31.npy
1,D:\Doctorat\datasets\LUNA 16\classification\subset2\1\1_aug\98_8.npy
1,D:\Doctorat\datasets\LUNA 16\classification\subset2\1\1_aug\99_1.npy
1,D:\Doctorat\datasets\LUNA 16\classification\subset2\1\1_aug\99_15.npy
1,D:\Doctorat\datasets\LUNA 16\classification\subset2\1\1_aug\99_18.npy
1,D:\Doctorat\datasets\LUNA 16\classification\subset2\1\1_aug\99_23.npy
1,D:\Doctorat\datasets\LUNA 16\classification\subset2\1\1_aug\99_25.npy
1,D:\Doctorat\datasets\LUNA 16\classification\subset2\1\1_aug\99_40.npy
1,D:\Doctorat\datasets\LUNA 16\classification\subset2\1\1_aug\99_8.npy
1,D:\Doctorat\datasets\LUNA 16\classification\subset2\1\1_aug\9_10.npy
1,D:\Doctorat\datasets\LUNA 16\classification\subset2\1\1_aug\9_17.npy
1,D:\Doctorat\datasets\LUNA 16\classification\subset2\1\1_aug\9_22.npy
1,D:\Doctorat\datasets\LUNA 16\classification\subset2\1\1_aug\9_26.npy
1,D:\Doctorat\datasets\LUNA 16\classification\subset3\1\1_aug\0_18.npy
1,D:\Doctorat\datasets\LUNA 16\classification\subset3\1\1_aug\0_3.npy
1,D:\Doctorat\datasets\LUNA 16\classification\subset3\1\1_aug\0_31.npy
1,D:\Doctorat\datasets\LUNA 16\classification\subset3\1\1_aug\0_33.npy
1,D:\Doctorat\datasets\LUNA 16\classification\subset3\1\1_aug\0_36.npy
1,D:\Doctorat\datasets\LUNA 16\classification\subset3\1\1_aug\100_10.npy
1,D:\Doctorat\datasets\LUNA 16\classification\subset3\1\1_aug\100_11.npy
1,D:\Doctorat\datasets\LUNA 16\classification\subset3\1\1_aug\100_13.npy
1,D:\Doctorat\datasets\LUNA 16\classification\subset3\1\1_aug\100_19.npy
1,D:\Doctorat\datasets\LUNA 16\classification\subset3\1\1_aug\100_2.npy
1,D:\Doctorat\datasets\LUNA 16\classification\subset3\1\1_aug\100_24.npy
1,D:\Doctorat\datasets\LUNA 16\classification\subset3\1\1_aug\100_26.npy
1,D:\Doctorat\datasets\LUNA 16\classification\subset3\1\1_aug\100_28.npy
1,D:\Doctorat\datasets\LUNA 16\classification\subset3\1\1_aug\100_29.npy
1,D:\Doctorat\datasets\LUNA 16\classification\subset3\1\1_aug\100_31.npy
1,D:\Doctorat\datasets\LUNA 16\classification\subset3\1\1_aug\100_4.npy
1,D:\Doctorat\datasets\LUNA 16\classification\subset3\1\1_aug\100_40.npy
1,D:\Doctorat\datasets\LUNA 16\classification\subset3\1\1_aug\101_13.npy
1,D:\Doctorat\datasets\LUNA 16\classification\subset3\1\1_aug\101_20.npy
1,D:\Doctorat\datasets\LUNA 16\classification\subset3\1\1_aug\101_37.npy
1,D:\Doctorat\datasets\LUNA 16\classification\subset3\1\1_aug\101_39.npy
1,D:\Doctorat\datasets\LUNA 16\classification\subset3\1\1_aug\101_40.npy
1,D:\Doctorat\datasets\LUNA 16\classification\subset3\1\1_aug\101_7.npy
1,D:\Doctorat\datasets\LUNA 16\classification\subset3\1\1_aug\101_9.npy
1,D:\Doctorat\datasets\LUNA 16\classification\subset3\1\1_aug\102_11.npy
1,D:\Doctorat\datasets\LUNA 16\classification\subset3\1\1_aug\102_18.npy
1,D:\Doctorat\datasets\LUNA 16\classification\subset3\1\1_aug\102_28.npy
1,D:\Doctorat\datasets\LUNA 16\classification\subset3\1\1_aug\102_29.npy
1,D:\Doctorat\datasets\LUNA 16\classification\subset3\1\1_aug\102_3.npy
1,D:\Doctorat\datasets\LUNA 16\classification\subset3\1\1_aug\102_32.npy
1,D:\Doctorat\datasets\LUNA 16\classification\subset3\1\1_aug\103_14.npy
1,D:\Doctorat\datasets\LUNA 16\classification\subset3\1\1_aug\103_29.npy
1,D:\Doctorat\datasets\LUNA 16\classification\subset3\1\1_aug\103_34.npy
1,D:\Doctorat\datasets\LUNA 16\classification\subset3\1\1_aug\103_35.npy
1,D:\Doctorat\datasets\LUNA 16\classification\subset3\1\1_aug\103_6.npy
1,D:\Doctorat\datasets\LUNA 16\classification\subset3\1\1_aug\104_11.npy
1,D:\Doctorat\datasets\LUNA 16\classification\subset3\1\1_aug\104_12.npy
1,D:\Doctorat\datasets\LUNA 16\classification\subset3\1\1_aug\104_22.npy
1,D:\Doctorat\datasets\LUNA 16\classification\subset3\1\1_aug\104_36.npy
1,D:\Doctorat\datasets\LUNA 16\classification\subset3\1\1_aug\104_39.npy
1,D:\Doctorat\datasets\LUNA 16\classification\subset3\1\1_aug\104_5.npy
1,D:\Doctorat\datasets\LUNA 16\classification\subset3\1\1_aug\104_6.npy
1,D:\Doctorat\datasets\LUNA 16\classification\subset3\1\1_aug\105_20.npy
1,D:\Doctorat\datasets\LUNA 16\classification\subset3\1\1_aug\105_22.npy
1,D:\Doctorat\datasets\LUNA 16\classification\subset3\1\1_aug\105_28.npy
1,D:\Doctorat\datasets\LUNA 16\classification\subset3\1\1_aug\105_3.npy
1,D:\Doctorat\datasets\LUNA 16\classification\subset3\1\1_aug\105_38.npy
1,D:\Doctorat\datasets\LUNA 16\classification\subset3\1\1_aug\105_39.npy
1,D:\Doctorat\datasets\LUNA 16\classification\subset3\1\1_aug\105_6.npy
1,D:\Doctorat\datasets\LUNA 16\classification\subset3\1\1_aug\105_8.npy
1,D:\Doctorat\datasets\LUNA 16\classification\subset3\1\1_aug\106_15.npy
1,D:\Doctorat\datasets\LUNA 16\classification\subset3\1\1_aug\106_17.npy
1,D:\Doctorat\datasets\LUNA 16\classification\subset3\1\1_aug\106_2.npy
1,D:\Doctorat\datasets\LUNA 16\classification\subset3\1\1_aug\106_21.npy
1,D:\Doctorat\datasets\LUNA 16\classification\subset3\1\1_aug\106_25.npy
1,D:\Doctorat\datasets\LUNA 16\classification\subset3\1\1_aug\107_15.npy
1,D:\Doctorat\datasets\LUNA 16\classification\subset3\1\1_aug\107_18.npy
1,D:\Doctorat\datasets\LUNA 16\classification\subset3\1\1_aug\107_22.npy
1,D:\Doctorat\datasets\LUNA 16\classification\subset3\1\1_aug\107_23.npy
1,D:\Doctorat\datasets\LUNA 16\classification\subset3\1\1_aug\107_31.npy
1,D:\Doctorat\datasets\LUNA 16\classification\subset3\1\1_aug\107_7.npy
1,D:\Doctorat\datasets\LUNA 16\classification\subset3\1\1_aug\108_1.npy
1,D:\Doctorat\datasets\LUNA 16\classification\subset3\1\1_aug\108_12.npy
1,D:\Doctorat\datasets\LUNA 16\classification\subset3\1\1_aug\108_20.npy
1,D:\Doctorat\datasets\LUNA 16\classification\subset3\1\1_aug\108_21.npy
1,D:\Doctorat\datasets\LUNA 16\classification\subset3\1\1_aug\108_27.npy
1,D:\Doctorat\datasets\LUNA 16\classification\subset3\1\1_aug\108_28.npy
1,D:\Doctorat\datasets\LUNA 16\classification\subset3\1\1_aug\108_30.npy
1,D:\Doctorat\datasets\LUNA 16\classification\subset3\1\1_aug\108_37.npy
1,D:\Doctorat\datasets\LUNA 16\classification\subset3\1\1_aug\108_38.npy
1,D:\Doctorat\datasets\LUNA 16\classification\subset3\1\1_aug\108_6.npy
1,D:\Doctorat\datasets\LUNA 16\classification\subset3\1\1_aug\109_11.npy
1,D:\Doctorat\datasets\LUNA 16\classification\subset3\1\1_aug\109_2.npy
1,D:\Doctorat\datasets\LUNA 16\classification\subset3\1\1_aug\109_25.npy
1,D:\Doctorat\datasets\LUNA 16\classification\subset3\1\1_aug\109_26.npy
1,D:\Doctorat\datasets\LUNA 16\classification\subset3\1\1_aug\109_3.npy
1,D:\Doctorat\datasets\LUNA 16\classification\subset3\1\1_aug\109_31.npy
1,D:\Doctorat\datasets\LUNA 16\classification\subset3\1\1_aug\109_32.npy
1,D:\Doctorat\datasets\LUNA 16\classification\subset3\1\1_aug\10_17.npy
1,D:\Doctorat\datasets\LUNA 16\classification\subset3\1\1_aug\10_25.npy
1,D:\Doctorat\datasets\LUNA 16\classification\subset3\1\1_aug\10_29.npy
1,D:\Doctorat\datasets\LUNA 16\classification\subset3\1\1_aug\10_34.npy
1,D:\Doctorat\datasets\LUNA 16\classification\subset3\1\1_aug\10_37.npy
1,D:\Doctorat\datasets\LUNA 16\classification\subset3\1\1_aug\10_38.npy
1,D:\Doctorat\datasets\LUNA 16\classification\subset3\1\1_aug\10_39.npy
1,D:\Doctorat\datasets\LUNA 16\classification\subset3\1\1_aug\10_8.npy
1,D:\Doctorat\datasets\LUNA 16\classification\subset3\1\1_aug\110_10.npy
1,D:\Doctorat\datasets\LUNA 16\classification\subset3\1\1_aug\110_13.npy
1,D:\Doctorat\datasets\LUNA 16\classification\subset3\1\1_aug\110_26.npy
1,D:\Doctorat\datasets\LUNA 16\classification\subset3\1\1_aug\110_27.npy
1,D:\Doctorat\datasets\LUNA 16\classification\subset3\1\1_aug\110_35.npy
1,D:\Doctorat\datasets\LUNA 16\classification\subset3\1\1_aug\110_36.npy
1,D:\Doctorat\datasets\LUNA 16\classification\subset3\1\1_aug\110_4.npy
1,D:\Doctorat\datasets\LUNA 16\classification\subset3\1\1_aug\110_7.npy
1,D:\Doctorat\datasets\LUNA 16\classification\subset3\1\1_aug\111_1.npy
1,D:\Doctorat\datasets\LUNA 16\classification\subset3\1\1_aug\111_15.npy
1,D:\Doctorat\datasets\LUNA 16\classification\subset3\1\1_aug\111_19.npy
1,D:\Doctorat\datasets\LUNA 16\classification\subset3\1\1_aug\111_23.npy
1,D:\Doctorat\datasets\LUNA 16\classification\subset3\1\1_aug\111_35.npy
1,D:\Doctorat\datasets\LUNA 16\classification\subset3\1\1_aug\111_38.npy
1,D:\Doctorat\datasets\LUNA 16\classification\subset3\1\1_aug\112_11.npy
1,D:\Doctorat\datasets\LUNA 16\classification\subset3\1\1_aug\112_14.npy
1,D:\Doctorat\datasets\LUNA 16\classification\subset3\1\1_aug\112_17.npy
1,D:\Doctorat\datasets\LUNA 16\classification\subset3\1\1_aug\112_2.npy
1,D:\Doctorat\datasets\LUNA 16\classification\subset3\1\1_aug\112_22.npy
1,D:\Doctorat\datasets\LUNA 16\classification\subset3\1\1_aug\112_29.npy
1,D:\Doctorat\datasets\LUNA 16\classification\subset3\1\1_aug\112_31.npy
1,D:\Doctorat\datasets\LUNA 16\classification\subset3\1\1_aug\112_36.npy
1,D:\Doctorat\datasets\LUNA 16\classification\subset3\1\1_aug\112_37.npy
1,D:\Doctorat\datasets\LUNA 16\classification\subset3\1\1_aug\112_39.npy
1,D:\Doctorat\datasets\LUNA 16\classification\subset3\1\1_aug\113_11.npy
1,D:\Doctorat\datasets\LUNA 16\classification\subset3\1\1_aug\113_17.npy
1,D:\Doctorat\datasets\LUNA 16\classification\subset3\1\1_aug\113_18.npy
1,D:\Doctorat\datasets\LUNA 16\classification\subset3\1\1_aug\113_22.npy
1,D:\Doctorat\datasets\LUNA 16\classification\subset3\1\1_aug\113_24.npy
1,D:\Doctorat\datasets\LUNA 16\classification\subset3\1\1_aug\113_27.npy
1,D:\Doctorat\datasets\LUNA 16\classification\subset3\1\1_aug\113_4.npy
1,D:\Doctorat\datasets\LUNA 16\classification\subset3\1\1_aug\114_19.npy
1,D:\Doctorat\datasets\LUNA 16\classification\subset3\1\1_aug\114_2.npy
1,D:\Doctorat\datasets\LUNA 16\classification\subset3\1\1_aug\114_24.npy
1,D:\Doctorat\datasets\LUNA 16\classification\subset3\1\1_aug\114_28.npy
1,D:\Doctorat\datasets\LUNA 16\classification\subset3\1\1_aug\114_30.npy
1,D:\Doctorat\datasets\LUNA 16\classification\subset3\1\1_aug\114_6.npy
1,D:\Doctorat\datasets\LUNA 16\classification\subset3\1\1_aug\114_7.npy
1,D:\Doctorat\datasets\LUNA 16\classification\subset3\1\1_aug\115_18.npy
1,D:\Doctorat\datasets\LUNA 16\classification\subset3\1\1_aug\115_20.npy
1,D:\Doctorat\datasets\LUNA 16\classification\subset3\1\1_aug\115_22.npy
1,D:\Doctorat\datasets\LUNA 16\classification\subset3\1\1_aug\115_24.npy
1,D:\Doctorat\datasets\LUNA 16\classification\subset3\1\1_aug\115_27.npy
1,D:\Doctorat\datasets\LUNA 16\classification\subset3\1\1_aug\115_29.npy
1,D:\Doctorat\datasets\LUNA 16\classification\subset3\1\1_aug\115_31.npy
1,D:\Doctorat\datasets\LUNA 16\classification\subset3\1\1_aug\115_34.npy
1,D:\Doctorat\datasets\LUNA 16\classification\subset3\1\1_aug\115_37.npy
1,D:\Doctorat\datasets\LUNA 16\classification\subset3\1\1_aug\115_5.npy
1,D:\Doctorat\datasets\LUNA 16\classification\subset3\1\1_aug\115_7.npy
1,D:\Doctorat\datasets\LUNA 16\classification\subset3\1\1_aug\116_14.npy
1,D:\Doctorat\datasets\LUNA 16\classification\subset3\1\1_aug\116_19.npy
1,D:\Doctorat\datasets\LUNA 16\classification\subset3\1\1_aug\116_20.npy
1,D:\Doctorat\datasets\LUNA 16\classification\subset3\1\1_aug\116_22.npy
1,D:\Doctorat\datasets\LUNA 16\classification\subset3\1\1_aug\116_24.npy
1,D:\Doctorat\datasets\LUNA 16\classification\subset3\1\1_aug\116_25.npy
1,D:\Doctorat\datasets\LUNA 16\classification\subset3\1\1_aug\116_27.npy
1,D:\Doctorat\datasets\LUNA 16\classification\subset3\1\1_aug\116_34.npy
1,D:\Doctorat\datasets\LUNA 16\classification\subset3\1\1_aug\116_36.npy
1,D:\Doctorat\datasets\LUNA 16\classification\subset3\1\1_aug\116_6.npy
1,D:\Doctorat\datasets\LUNA 16\classification\subset3\1\1_aug\117_12.npy
1,D:\Doctorat\datasets\LUNA 16\classification\subset3\1\1_aug\117_19.npy
1,D:\Doctorat\datasets\LUNA 16\classification\subset3\1\1_aug\117_20.npy
1,D:\Doctorat\datasets\LUNA 16\classification\subset3\1\1_aug\117_22.npy
1,D:\Doctorat\datasets\LUNA 16\classification\subset3\1\1_aug\117_23.npy
1,D:\Doctorat\datasets\LUNA 16\classification\subset3\1\1_aug\117_24.npy
1,D:\Doctorat\datasets\LUNA 16\classification\subset3\1\1_aug\117_29.npy
1,D:\Doctorat\datasets\LUNA 16\classification\subset3\1\1_aug\117_35.npy
1,D:\Doctorat\datasets\LUNA 16\classification\subset3\1\1_aug\117_4.npy
1,D:\Doctorat\datasets\LUNA 16\classification\subset3\1\1_aug\117_40.npy
1,D:\Doctorat\datasets\LUNA 16\classification\subset3\1\1_aug\118_13.npy
1,D:\Doctorat\datasets\LUNA 16\classification\subset3\1\1_aug\118_20.npy
1,D:\Doctorat\datasets\LUNA 16\classification\subset3\1\1_aug\118_24.npy
1,D:\Doctorat\datasets\LUNA 16\classification\subset3\1\1_aug\118_40.npy
1,D:\Doctorat\datasets\LUNA 16\classification\subset3\1\1_aug\118_6.npy
1,D:\Doctorat\datasets\LUNA 16\classification\subset3\1\1_aug\118_8.npy
1,D:\Doctorat\datasets\LUNA 16\classification\subset3\1\1_aug\119_13.npy
1,D:\Doctorat\datasets\LUNA 16\classification\subset3\1\1_aug\119_19.npy
1,D:\Doctorat\datasets\LUNA 16\classification\subset3\1\1_aug\119_20.npy
1,D:\Doctorat\datasets\LUNA 16\classification\subset3\1\1_aug\119_7.npy
1,D:\Doctorat\datasets\LUNA 16\classification\subset3\1\1_aug\11_12.npy
1,D:\Doctorat\datasets\LUNA 16\classification\subset3\1\1_aug\11_14.npy
1,D:\Doctorat\datasets\LUNA 16\classification\subset3\1\1_aug\11_17.npy
1,D:\Doctorat\datasets\LUNA 16\classification\subset3\1\1_aug\11_20.npy
1,D:\Doctorat\datasets\LUNA 16\classification\subset3\1\1_aug\11_22.npy
1,D:\Doctorat\datasets\LUNA 16\classification\subset3\1\1_aug\11_33.npy
1,D:\Doctorat\datasets\LUNA 16\classification\subset3\1\1_aug\11_34.npy
1,D:\Doctorat\datasets\LUNA 16\classification\subset3\1\1_aug\120_12.npy
1,D:\Doctorat\datasets\LUNA 16\classification\subset3\1\1_aug\120_23.npy
1,D:\Doctorat\datasets\LUNA 16\classification\subset3\1\1_aug\120_25.npy
1,D:\Doctorat\datasets\LUNA 16\classification\subset3\1\1_aug\120_29.npy
1,D:\Doctorat\datasets\LUNA 16\classification\subset3\1\1_aug\120_34.npy
1,D:\Doctorat\datasets\LUNA 16\classification\subset3\1\1_aug\120_35.npy
1,D:\Doctorat\datasets\LUNA 16\classification\subset3\1\1_aug\120_36.npy
1,D:\Doctorat\datasets\LUNA 16\classification\subset3\1\1_aug\120_37.npy
1,D:\Doctorat\datasets\LUNA 16\classification\subset3\1\1_aug\120_5.npy
1,D:\Doctorat\datasets\LUNA 16\classification\subset3\1\1_aug\120_8.npy
1,D:\Doctorat\datasets\LUNA 16\classification\subset3\1\1_aug\120_9.npy
1,D:\Doctorat\datasets\LUNA 16\classification\subset3\1\1_aug\121_15.npy
1,D:\Doctorat\datasets\LUNA 16\classification\subset3\1\1_aug\121_18.npy
1,D:\Doctorat\datasets\LUNA 16\classification\subset3\1\1_aug\121_21.npy
1,D:\Doctorat\datasets\LUNA 16\classification\subset3\1\1_aug\121_26.npy
1,D:\Doctorat\datasets\LUNA 16\classification\subset3\1\1_aug\121_31.npy
1,D:\Doctorat\datasets\LUNA 16\classification\subset3\1\1_aug\121_32.npy
1,D:\Doctorat\datasets\LUNA 16\classification\subset3\1\1_aug\121_35.npy
1,D:\Doctorat\datasets\LUNA 16\classification\subset3\1\1_aug\121_39.npy
1,D:\Doctorat\datasets\LUNA 16\classification\subset3\1\1_aug\121_6.npy
1,D:\Doctorat\datasets\LUNA 16\classification\subset3\1\1_aug\122_16.npy
1,D:\Doctorat\datasets\LUNA 16\classification\subset3\1\1_aug\122_2.npy
1,D:\Doctorat\datasets\LUNA 16\classification\subset3\1\1_aug\122_21.npy
1,D:\Doctorat\datasets\LUNA 16\classification\subset3\1\1_aug\122_22.npy
1,D:\Doctorat\datasets\LUNA 16\classification\subset3\1\1_aug\122_26.npy
1,D:\Doctorat\datasets\LUNA 16\classification\subset3\1\1_aug\122_27.npy
1,D:\Doctorat\datasets\LUNA 16\classification\subset3\1\1_aug\122_33.npy
1,D:\Doctorat\datasets\LUNA 16\classification\subset3\1\1_aug\122_35.npy
1,D:\Doctorat\datasets\LUNA 16\classification\subset3\1\1_aug\122_40.npy
1,D:\Doctorat\datasets\LUNA 16\classification\subset3\1\1_aug\122_8.npy
1,D:\Doctorat\datasets\LUNA 16\classification\subset3\1\1_aug\122_9.npy
1,D:\Doctorat\datasets\LUNA 16\classification\subset3\1\1_aug\123_1.npy
1,D:\Doctorat\datasets\LUNA 16\classification\subset3\1\1_aug\123_16.npy
1,D:\Doctorat\datasets\LUNA 16\classification\subset3\1\1_aug\123_21.npy
1,D:\Doctorat\datasets\LUNA 16\classification\subset3\1\1_aug\124_1.npy
1,D:\Doctorat\datasets\LUNA 16\classification\subset3\1\1_aug\124_22.npy
1,D:\Doctorat\datasets\LUNA 16\classification\subset3\1\1_aug\124_32.npy
1,D:\Doctorat\datasets\LUNA 16\classification\subset3\1\1_aug\124_35.npy
1,D:\Doctorat\datasets\LUNA 16\classification\subset3\1\1_aug\124_37.npy
1,D:\Doctorat\datasets\LUNA 16\classification\subset3\1\1_aug\124_6.npy
1,D:\Doctorat\datasets\LUNA 16\classification\subset3\1\1_aug\125_12.npy
1,D:\Doctorat\datasets\LUNA 16\classification\subset3\1\1_aug\125_13.npy
1,D:\Doctorat\datasets\LUNA 16\classification\subset3\1\1_aug\125_17.npy
1,D:\Doctorat\datasets\LUNA 16\classification\subset3\1\1_aug\125_18.npy
1,D:\Doctorat\datasets\LUNA 16\classification\subset3\1\1_aug\125_19.npy
1,D:\Doctorat\datasets\LUNA 16\classification\subset3\1\1_aug\125_3.npy
1,D:\Doctorat\datasets\LUNA 16\classification\subset3\1\1_aug\125_34.npy
1,D:\Doctorat\datasets\LUNA 16\classification\subset3\1\1_aug\125_39.npy
1,D:\Doctorat\datasets\LUNA 16\classification\subset3\1\1_aug\125_40.npy
1,D:\Doctorat\datasets\LUNA 16\classification\subset3\1\1_aug\126_11.npy
1,D:\Doctorat\datasets\LUNA 16\classification\subset3\1\1_aug\126_12.npy
1,D:\Doctorat\datasets\LUNA 16\classification\subset3\1\1_aug\126_13.npy
1,D:\Doctorat\datasets\LUNA 16\classification\subset3\1\1_aug\126_20.npy
1,D:\Doctorat\datasets\LUNA 16\classification\subset3\1\1_aug\126_25.npy
1,D:\Doctorat\datasets\LUNA 16\classification\subset3\1\1_aug\126_31.npy
1,D:\Doctorat\datasets\LUNA 16\classification\subset3\1\1_aug\126_39.npy
1,D:\Doctorat\datasets\LUNA 16\classification\subset3\1\1_aug\126_4.npy
1,D:\Doctorat\datasets\LUNA 16\classification\subset3\1\1_aug\126_7.npy
1,D:\Doctorat\datasets\LUNA 16\classification\subset3\1\1_aug\127_11.npy
1,D:\Doctorat\datasets\LUNA 16\classification\subset3\1\1_aug\127_17.npy
1,D:\Doctorat\datasets\LUNA 16\classification\subset3\1\1_aug\127_31.npy
1,D:\Doctorat\datasets\LUNA 16\classification\subset3\1\1_aug\127_36.npy
1,D:\Doctorat\datasets\LUNA 16\classification\subset3\1\1_aug\127_37.npy
1,D:\Doctorat\datasets\LUNA 16\classification\subset3\1\1_aug\127_39.npy
1,D:\Doctorat\datasets\LUNA 16\classification\subset3\1\1_aug\127_40.npy
1,D:\Doctorat\datasets\LUNA 16\classification\subset3\1\1_aug\127_6.npy
1,D:\Doctorat\datasets\LUNA 16\classification\subset3\1\1_aug\127_9.npy
1,D:\Doctorat\datasets\LUNA 16\classification\subset3\1\1_aug\128_10.npy
1,D:\Doctorat\datasets\LUNA 16\classification\subset3\1\1_aug\128_13.npy
1,D:\Doctorat\datasets\LUNA 16\classification\subset3\1\1_aug\128_14.npy
1,D:\Doctorat\datasets\LUNA 16\classification\subset3\1\1_aug\128_17.npy
1,D:\Doctorat\datasets\LUNA 16\classification\subset3\1\1_aug\128_18.npy
1,D:\Doctorat\datasets\LUNA 16\classification\subset3\1\1_aug\128_29.npy
1,D:\Doctorat\datasets\LUNA 16\classification\subset3\1\1_aug\128_33.npy
1,D:\Doctorat\datasets\LUNA 16\classification\subset3\1\1_aug\128_36.npy
1,D:\Doctorat\datasets\LUNA 16\classification\subset3\1\1_aug\128_39.npy
1,D:\Doctorat\datasets\LUNA 16\classification\subset3\1\1_aug\128_6.npy
1,D:\Doctorat\datasets\LUNA 16\classification\subset3\1\1_aug\129_18.npy
1,D:\Doctorat\datasets\LUNA 16\classification\subset3\1\1_aug\129_22.npy
1,D:\Doctorat\datasets\LUNA 16\classification\subset3\1\1_aug\129_3.npy
1,D:\Doctorat\datasets\LUNA 16\classification\subset3\1\1_aug\129_36.npy
1,D:\Doctorat\datasets\LUNA 16\classification\subset3\1\1_aug\129_9.npy
1,D:\Doctorat\datasets\LUNA 16\classification\subset3\1\1_aug\12_1.npy
1,D:\Doctorat\datasets\LUNA 16\classification\subset3\1\1_aug\12_12.npy
1,D:\Doctorat\datasets\LUNA 16\classification\subset3\1\1_aug\12_19.npy
1,D:\Doctorat\datasets\LUNA 16\classification\subset3\1\1_aug\12_23.npy
1,D:\Doctorat\datasets\LUNA 16\classification\subset3\1\1_aug\12_29.npy
1,D:\Doctorat\datasets\LUNA 16\classification\subset3\1\1_aug\12_31.npy
1,D:\Doctorat\datasets\LUNA 16\classification\subset3\1\1_aug\12_37.npy
1,D:\Doctorat\datasets\LUNA 16\classification\subset3\1\1_aug\12_39.npy
1,D:\Doctorat\datasets\LUNA 16\classification\subset3\1\1_aug\12_4.npy
1,D:\Doctorat\datasets\LUNA 16\classification\subset3\1\1_aug\130_11.npy
1,D:\Doctorat\datasets\LUNA 16\classification\subset3\1\1_aug\130_14.npy
1,D:\Doctorat\datasets\LUNA 16\classification\subset3\1\1_aug\130_17.npy
1,D:\Doctorat\datasets\LUNA 16\classification\subset3\1\1_aug\130_25.npy
1,D:\Doctorat\datasets\LUNA 16\classification\subset3\1\1_aug\130_27.npy
1,D:\Doctorat\datasets\LUNA 16\classification\subset3\1\1_aug\130_33.npy
1,D:\Doctorat\datasets\LUNA 16\classification\subset3\1\1_aug\130_34.npy
1,D:\Doctorat\datasets\LUNA 16\classification\subset3\1\1_aug\130_7.npy
1,D:\Doctorat\datasets\LUNA 16\classification\subset3\1\1_aug\131_17.npy
1,D:\Doctorat\datasets\LUNA 16\classification\subset3\1\1_aug\131_31.npy
1,D:\Doctorat\datasets\LUNA 16\classification\subset3\1\1_aug\131_34.npy
1,D:\Doctorat\datasets\LUNA 16\classification\subset3\1\1_aug\131_39.npy
1,D:\Doctorat\datasets\LUNA 16\classification\subset3\1\1_aug\132_20.npy
1,D:\Doctorat\datasets\LUNA 16\classification\subset3\1\1_aug\132_22.npy
1,D:\Doctorat\datasets\LUNA 16\classification\subset3\1\1_aug\132_24.npy
1,D:\Doctorat\datasets\LUNA 16\classification\subset3\1\1_aug\132_27.npy
1,D:\Doctorat\datasets\LUNA 16\classification\subset3\1\1_aug\132_34.npy
1,D:\Doctorat\datasets\LUNA 16\classification\subset3\1\1_aug\132_36.npy
1,D:\Doctorat\datasets\LUNA 16\classification\subset3\1\1_aug\132_6.npy
1,D:\Doctorat\datasets\LUNA 16\classification\subset3\1\1_aug\132_9.npy
1,D:\Doctorat\datasets\LUNA 16\classification\subset3\1\1_aug\133_12.npy
1,D:\Doctorat\datasets\LUNA 16\classification\subset3\1\1_aug\133_13.npy
1,D:\Doctorat\datasets\LUNA 16\classification\subset3\1\1_aug\133_15.npy
1,D:\Doctorat\datasets\LUNA 16\classification\subset3\1\1_aug\133_2.npy
1,D:\Doctorat\datasets\LUNA 16\classification\subset3\1\1_aug\133_20.npy
1,D:\Doctorat\datasets\LUNA 16\classification\subset3\1\1_aug\133_33.npy
1,D:\Doctorat\datasets\LUNA 16\classification\subset3\1\1_aug\133_34.npy
1,D:\Doctorat\datasets\LUNA 16\classification\subset3\1\1_aug\133_36.npy
1,D:\Doctorat\datasets\LUNA 16\classification\subset3\1\1_aug\133_4.npy
1,D:\Doctorat\datasets\LUNA 16\classification\subset3\1\1_aug\133_7.npy
1,D:\Doctorat\datasets\LUNA 16\classification\subset3\1\1_aug\134_11.npy
1,D:\Doctorat\datasets\LUNA 16\classification\subset3\1\1_aug\134_13.npy
1,D:\Doctorat\datasets\LUNA 16\classification\subset3\1\1_aug\134_26.npy
1,D:\Doctorat\datasets\LUNA 16\classification\subset3\1\1_aug\134_27.npy
1,D:\Doctorat\datasets\LUNA 16\classification\subset3\1\1_aug\134_29.npy
1,D:\Doctorat\datasets\LUNA 16\classification\subset3\1\1_aug\134_30.npy
1,D:\Doctorat\datasets\LUNA 16\classification\subset3\1\1_aug\134_34.npy
1,D:\Doctorat\datasets\LUNA 16\classification\subset3\1\1_aug\134_4.npy
1,D:\Doctorat\datasets\LUNA 16\classification\subset3\1\1_aug\135_19.npy
1,D:\Doctorat\datasets\LUNA 16\classification\subset3\1\1_aug\135_25.npy
1,D:\Doctorat\datasets\LUNA 16\classification\subset3\1\1_aug\135_28.npy
1,D:\Doctorat\datasets\LUNA 16\classification\subset3\1\1_aug\135_29.npy
1,D:\Doctorat\datasets\LUNA 16\classification\subset3\1\1_aug\135_30.npy
1,D:\Doctorat\datasets\LUNA 16\classification\subset3\1\1_aug\135_38.npy
1,D:\Doctorat\datasets\LUNA 16\classification\subset3\1\1_aug\135_40.npy
1,D:\Doctorat\datasets\LUNA 16\classification\subset3\1\1_aug\136_12.npy
1,D:\Doctorat\datasets\LUNA 16\classification\subset3\1\1_aug\136_13.npy
1,D:\Doctorat\datasets\LUNA 16\classification\subset3\1\1_aug\136_2.npy
1,D:\Doctorat\datasets\LUNA 16\classification\subset3\1\1_aug\136_22.npy
1,D:\Doctorat\datasets\LUNA 16\classification\subset3\1\1_aug\136_32.npy
1,D:\Doctorat\datasets\LUNA 16\classification\subset3\1\1_aug\136_37.npy
1,D:\Doctorat\datasets\LUNA 16\classification\subset3\1\1_aug\136_40.npy
1,D:\Doctorat\datasets\LUNA 16\classification\subset3\1\1_aug\137_25.npy
1,D:\Doctorat\datasets\LUNA 16\classification\subset3\1\1_aug\137_26.npy
1,D:\Doctorat\datasets\LUNA 16\classification\subset3\1\1_aug\137_5.npy
1,D:\Doctorat\datasets\LUNA 16\classification\subset3\1\1_aug\138_14.npy
1,D:\Doctorat\datasets\LUNA 16\classification\subset3\1\1_aug\138_28.npy
1,D:\Doctorat\datasets\LUNA 16\classification\subset3\1\1_aug\138_29.npy
1,D:\Doctorat\datasets\LUNA 16\classification\subset3\1\1_aug\138_31.npy
1,D:\Doctorat\datasets\LUNA 16\classification\subset3\1\1_aug\138_36.npy
1,D:\Doctorat\datasets\LUNA 16\classification\subset3\1\1_aug\138_7.npy
1,D:\Doctorat\datasets\LUNA 16\classification\subset3\1\1_aug\138_9.npy
1,D:\Doctorat\datasets\LUNA 16\classification\subset3\1\1_aug\139_12.npy
1,D:\Doctorat\datasets\LUNA 16\classification\subset3\1\1_aug\139_14.npy
1,D:\Doctorat\datasets\LUNA 16\classification\subset3\1\1_aug\139_19.npy
1,D:\Doctorat\datasets\LUNA 16\classification\subset3\1\1_aug\139_24.npy
1,D:\Doctorat\datasets\LUNA 16\classification\subset3\1\1_aug\139_28.npy
1,D:\Doctorat\datasets\LUNA 16\classification\subset3\1\1_aug\139_32.npy
1,D:\Doctorat\datasets\LUNA 16\classification\subset3\1\1_aug\139_39.npy
1,D:\Doctorat\datasets\LUNA 16\classification\subset3\1\1_aug\139_40.npy
1,D:\Doctorat\datasets\LUNA 16\classification\subset3\1\1_aug\139_5.npy
1,D:\Doctorat\datasets\LUNA 16\classification\subset3\1\1_aug\13_11.npy
1,D:\Doctorat\datasets\LUNA 16\classification\subset3\1\1_aug\13_18.npy
1,D:\Doctorat\datasets\LUNA 16\classification\subset3\1\1_aug\13_28.npy
1,D:\Doctorat\datasets\LUNA 16\classification\subset3\1\1_aug\13_34.npy
1,D:\Doctorat\datasets\LUNA 16\classification\subset3\1\1_aug\13_4.npy
1,D:\Doctorat\datasets\LUNA 16\classification\subset3\1\1_aug\13_40.npy
1,D:\Doctorat\datasets\LUNA 16\classification\subset3\1\1_aug\13_5.npy
1,D:\Doctorat\datasets\LUNA 16\classification\subset3\1\1_aug\140_1.npy
1,D:\Doctorat\datasets\LUNA 16\classification\subset3\1\1_aug\140_10.npy
1,D:\Doctorat\datasets\LUNA 16\classification\subset3\1\1_aug\140_12.npy
1,D:\Doctorat\datasets\LUNA 16\classification\subset3\1\1_aug\140_16.npy
1,D:\Doctorat\datasets\LUNA 16\classification\subset3\1\1_aug\140_17.npy
1,D:\Doctorat\datasets\LUNA 16\classification\subset3\1\1_aug\140_19.npy
1,D:\Doctorat\datasets\LUNA 16\classification\subset3\1\1_aug\140_2.npy
1,D:\Doctorat\datasets\LUNA 16\classification\subset3\1\1_aug\140_22.npy
1,D:\Doctorat\datasets\LUNA 16\classification\subset3\1\1_aug\140_24.npy
1,D:\Doctorat\datasets\LUNA 16\classification\subset3\1\1_aug\140_3.npy
1,D:\Doctorat\datasets\LUNA 16\classification\subset3\1\1_aug\140_38.npy
1,D:\Doctorat\datasets\LUNA 16\classification\subset3\1\1_aug\141_12.npy
1,D:\Doctorat\datasets\LUNA 16\classification\subset3\1\1_aug\141_15.npy
1,D:\Doctorat\datasets\LUNA 16\classification\subset3\1\1_aug\141_19.npy
1,D:\Doctorat\datasets\LUNA 16\classification\subset3\1\1_aug\141_21.npy
1,D:\Doctorat\datasets\LUNA 16\classification\subset3\1\1_aug\141_26.npy
1,D:\Doctorat\datasets\LUNA 16\classification\subset3\1\1_aug\141_32.npy
1,D:\Doctorat\datasets\LUNA 16\classification\subset3\1\1_aug\141_34.npy
1,D:\Doctorat\datasets\LUNA 16\classification\subset3\1\1_aug\142_18.npy
1,D:\Doctorat\datasets\LUNA 16\classification\subset3\1\1_aug\142_2.npy
1,D:\Doctorat\datasets\LUNA 16\classification\subset3\1\1_aug\142_25.npy
1,D:\Doctorat\datasets\LUNA 16\classification\subset3\1\1_aug\142_27.npy
1,D:\Doctorat\datasets\LUNA 16\classification\subset3\1\1_aug\142_3.npy
1,D:\Doctorat\datasets\LUNA 16\classification\subset3\1\1_aug\142_31.npy
1,D:\Doctorat\datasets\LUNA 16\classification\subset3\1\1_aug\142_39.npy
1,D:\Doctorat\datasets\LUNA 16\classification\subset3\1\1_aug\142_9.npy
1,D:\Doctorat\datasets\LUNA 16\classification\subset3\1\1_aug\143_17.npy
1,D:\Doctorat\datasets\LUNA 16\classification\subset3\1\1_aug\143_34.npy
1,D:\Doctorat\datasets\LUNA 16\classification\subset3\1\1_aug\143_38.npy
1,D:\Doctorat\datasets\LUNA 16\classification\subset3\1\1_aug\143_6.npy
1,D:\Doctorat\datasets\LUNA 16\classification\subset3\1\1_aug\143_8.npy
1,D:\Doctorat\datasets\LUNA 16\classification\subset3\1\1_aug\144_10.npy
1,D:\Doctorat\datasets\LUNA 16\classification\subset3\1\1_aug\144_19.npy
1,D:\Doctorat\datasets\LUNA 16\classification\subset3\1\1_aug\144_22.npy
1,D:\Doctorat\datasets\LUNA 16\classification\subset3\1\1_aug\144_29.npy
1,D:\Doctorat\datasets\LUNA 16\classification\subset3\1\1_aug\144_30.npy
1,D:\Doctorat\datasets\LUNA 16\classification\subset3\1\1_aug\144_31.npy
1,D:\Doctorat\datasets\LUNA 16\classification\subset3\1\1_aug\144_32.npy
1,D:\Doctorat\datasets\LUNA 16\classification\subset3\1\1_aug\144_6.npy
1,D:\Doctorat\datasets\LUNA 16\classification\subset3\1\1_aug\144_9.npy
1,D:\Doctorat\datasets\LUNA 16\classification\subset3\1\1_aug\145_11.npy
1,D:\Doctorat\datasets\LUNA 16\classification\subset3\1\1_aug\145_15.npy
1,D:\Doctorat\datasets\LUNA 16\classification\subset3\1\1_aug\145_25.npy
1,D:\Doctorat\datasets\LUNA 16\classification\subset3\1\1_aug\145_27.npy
1,D:\Doctorat\datasets\LUNA 16\classification\subset3\1\1_aug\145_30.npy
1,D:\Doctorat\datasets\LUNA 16\classification\subset3\1\1_aug\145_31.npy
1,D:\Doctorat\datasets\LUNA 16\classification\subset3\1\1_aug\145_33.npy
1,D:\Doctorat\datasets\LUNA 16\classification\subset3\1\1_aug\145_36.npy
1,D:\Doctorat\datasets\LUNA 16\classification\subset3\1\1_aug\145_38.npy
1,D:\Doctorat\datasets\LUNA 16\classification\subset3\1\1_aug\145_8.npy
1,D:\Doctorat\datasets\LUNA 16\classification\subset3\1\1_aug\146_15.npy
1,D:\Doctorat\datasets\LUNA 16\classification\subset3\1\1_aug\146_21.npy
1,D:\Doctorat\datasets\LUNA 16\classification\subset3\1\1_aug\146_25.npy
1,D:\Doctorat\datasets\LUNA 16\classification\subset3\1\1_aug\146_26.npy
1,D:\Doctorat\datasets\LUNA 16\classification\subset3\1\1_aug\146_27.npy
1,D:\Doctorat\datasets\LUNA 16\classification\subset3\1\1_aug\146_29.npy
1,D:\Doctorat\datasets\LUNA 16\classification\subset3\1\1_aug\146_30.npy
1,D:\Doctorat\datasets\LUNA 16\classification\subset3\1\1_aug\146_36.npy
1,D:\Doctorat\datasets\LUNA 16\classification\subset3\1\1_aug\146_38.npy
1,D:\Doctorat\datasets\LUNA 16\classification\subset3\1\1_aug\146_40.npy
1,D:\Doctorat\datasets\LUNA 16\classification\subset3\1\1_aug\146_5.npy
1,D:\Doctorat\datasets\LUNA 16\classification\subset3\1\1_aug\147_19.npy
1,D:\Doctorat\datasets\LUNA 16\classification\subset3\1\1_aug\147_28.npy
1,D:\Doctorat\datasets\LUNA 16\classification\subset3\1\1_aug\147_30.npy
1,D:\Doctorat\datasets\LUNA 16\classification\subset3\1\1_aug\147_32.npy
1,D:\Doctorat\datasets\LUNA 16\classification\subset3\1\1_aug\147_37.npy
1,D:\Doctorat\datasets\LUNA 16\classification\subset3\1\1_aug\147_39.npy
1,D:\Doctorat\datasets\LUNA 16\classification\subset3\1\1_aug\147_5.npy
1,D:\Doctorat\datasets\LUNA 16\classification\subset3\1\1_aug\147_6.npy
1,D:\Doctorat\datasets\LUNA 16\classification\subset3\1\1_aug\147_8.npy
1,D:\Doctorat\datasets\LUNA 16\classification\subset3\1\1_aug\147_9.npy
1,D:\Doctorat\datasets\LUNA 16\classification\subset3\1\1_aug\148_1.npy
1,D:\Doctorat\datasets\LUNA 16\classification\subset3\1\1_aug\148_14.npy
1,D:\Doctorat\datasets\LUNA 16\classification\subset3\1\1_aug\148_15.npy
1,D:\Doctorat\datasets\LUNA 16\classification\subset3\1\1_aug\148_21.npy
1,D:\Doctorat\datasets\LUNA 16\classification\subset3\1\1_aug\148_24.npy
1,D:\Doctorat\datasets\LUNA 16\classification\subset3\1\1_aug\148_35.npy
1,D:\Doctorat\datasets\LUNA 16\classification\subset3\1\1_aug\148_5.npy
1,D:\Doctorat\datasets\LUNA 16\classification\subset3\1\1_aug\149_10.npy
1,D:\Doctorat\datasets\LUNA 16\classification\subset3\1\1_aug\149_20.npy
1,D:\Doctorat\datasets\LUNA 16\classification\subset3\1\1_aug\149_22.npy
1,D:\Doctorat\datasets\LUNA 16\classification\subset3\1\1_aug\149_33.npy
1,D:\Doctorat\datasets\LUNA 16\classification\subset3\1\1_aug\149_35.npy
1,D:\Doctorat\datasets\LUNA 16\classification\subset3\1\1_aug\14_1.npy
1,D:\Doctorat\datasets\LUNA 16\classification\subset3\1\1_aug\14_12.npy
1,D:\Doctorat\datasets\LUNA 16\classification\subset3\1\1_aug\14_17.npy
1,D:\Doctorat\datasets\LUNA 16\classification\subset3\1\1_aug\14_20.npy
1,D:\Doctorat\datasets\LUNA 16\classification\subset3\1\1_aug\14_31.npy
1,D:\Doctorat\datasets\LUNA 16\classification\subset3\1\1_aug\14_4.npy
1,D:\Doctorat\datasets\LUNA 16\classification\subset3\1\1_aug\14_8.npy
1,D:\Doctorat\datasets\LUNA 16\classification\subset3\1\1_aug\14_9.npy
1,D:\Doctorat\datasets\LUNA 16\classification\subset3\1\1_aug\150_17.npy
1,D:\Doctorat\datasets\LUNA 16\classification\subset3\1\1_aug\150_18.npy
1,D:\Doctorat\datasets\LUNA 16\classification\subset3\1\1_aug\150_20.npy
1,D:\Doctorat\datasets\LUNA 16\classification\subset3\1\1_aug\150_25.npy
1,D:\Doctorat\datasets\LUNA 16\classification\subset3\1\1_aug\150_3.npy
1,D:\Doctorat\datasets\LUNA 16\classification\subset3\1\1_aug\150_33.npy
1,D:\Doctorat\datasets\LUNA 16\classification\subset3\1\1_aug\150_38.npy
1,D:\Doctorat\datasets\LUNA 16\classification\subset3\1\1_aug\150_8.npy
1,D:\Doctorat\datasets\LUNA 16\classification\subset3\1\1_aug\150_9.npy
1,D:\Doctorat\datasets\LUNA 16\classification\subset3\1\1_aug\151_14.npy
1,D:\Doctorat\datasets\LUNA 16\classification\subset3\1\1_aug\151_18.npy
1,D:\Doctorat\datasets\LUNA 16\classification\subset3\1\1_aug\151_2.npy
1,D:\Doctorat\datasets\LUNA 16\classification\subset3\1\1_aug\151_25.npy
1,D:\Doctorat\datasets\LUNA 16\classification\subset3\1\1_aug\151_34.npy
1,D:\Doctorat\datasets\LUNA 16\classification\subset3\1\1_aug\151_39.npy
1,D:\Doctorat\datasets\LUNA 16\classification\subset3\1\1_aug\151_4.npy
1,D:\Doctorat\datasets\LUNA 16\classification\subset3\1\1_aug\151_40.npy
1,D:\Doctorat\datasets\LUNA 16\classification\subset3\1\1_aug\151_7.npy
1,D:\Doctorat\datasets\LUNA 16\classification\subset3\1\1_aug\152_12.npy
1,D:\Doctorat\datasets\LUNA 16\classification\subset3\1\1_aug\152_15.npy
1,D:\Doctorat\datasets\LUNA 16\classification\subset3\1\1_aug\152_19.npy
1,D:\Doctorat\datasets\LUNA 16\classification\subset3\1\1_aug\152_24.npy
1,D:\Doctorat\datasets\LUNA 16\classification\subset3\1\1_aug\152_28.npy
1,D:\Doctorat\datasets\LUNA 16\classification\subset3\1\1_aug\152_29.npy
1,D:\Doctorat\datasets\LUNA 16\classification\subset3\1\1_aug\152_30.npy
1,D:\Doctorat\datasets\LUNA 16\classification\subset3\1\1_aug\152_33.npy
1,D:\Doctorat\datasets\LUNA 16\classification\subset3\1\1_aug\152_34.npy
1,D:\Doctorat\datasets\LUNA 16\classification\subset3\1\1_aug\152_38.npy
1,D:\Doctorat\datasets\LUNA 16\classification\subset3\1\1_aug\152_40.npy
1,D:\Doctorat\datasets\LUNA 16\classification\subset3\1\1_aug\152_5.npy
1,D:\Doctorat\datasets\LUNA 16\classification\subset3\1\1_aug\152_9.npy
1,D:\Doctorat\datasets\LUNA 16\classification\subset3\1\1_aug\153_11.npy
1,D:\Doctorat\datasets\LUNA 16\classification\subset3\1\1_aug\153_14.npy
1,D:\Doctorat\datasets\LUNA 16\classification\subset3\1\1_aug\153_15.npy
1,D:\Doctorat\datasets\LUNA 16\classification\subset3\1\1_aug\153_17.npy
1,D:\Doctorat\datasets\LUNA 16\classification\subset3\1\1_aug\153_35.npy
1,D:\Doctorat\datasets\LUNA 16\classification\subset3\1\1_aug\153_37.npy
1,D:\Doctorat\datasets\LUNA 16\classification\subset3\1\1_aug\153_39.npy
1,D:\Doctorat\datasets\LUNA 16\classification\subset3\1\1_aug\154_1.npy
1,D:\Doctorat\datasets\LUNA 16\classification\subset3\1\1_aug\154_19.npy
1,D:\Doctorat\datasets\LUNA 16\classification\subset3\1\1_aug\154_20.npy
1,D:\Doctorat\datasets\LUNA 16\classification\subset3\1\1_aug\154_25.npy
1,D:\Doctorat\datasets\LUNA 16\classification\subset3\1\1_aug\154_37.npy
1,D:\Doctorat\datasets\LUNA 16\classification\subset3\1\1_aug\154_4.npy
1,D:\Doctorat\datasets\LUNA 16\classification\subset3\1\1_aug\155_22.npy
1,D:\Doctorat\datasets\LUNA 16\classification\subset3\1\1_aug\155_24.npy
1,D:\Doctorat\datasets\LUNA 16\classification\subset3\1\1_aug\155_27.npy
1,D:\Doctorat\datasets\LUNA 16\classification\subset3\1\1_aug\155_28.npy
1,D:\Doctorat\datasets\LUNA 16\classification\subset3\1\1_aug\155_34.npy
1,D:\Doctorat\datasets\LUNA 16\classification\subset3\1\1_aug\155_37.npy
1,D:\Doctorat\datasets\LUNA 16\classification\subset3\1\1_aug\155_38.npy
1,D:\Doctorat\datasets\LUNA 16\classification\subset3\1\1_aug\156_2.npy
1,D:\Doctorat\datasets\LUNA 16\classification\subset3\1\1_aug\156_21.npy
1,D:\Doctorat\datasets\LUNA 16\classification\subset3\1\1_aug\156_30.npy
1,D:\Doctorat\datasets\LUNA 16\classification\subset3\1\1_aug\156_33.npy
1,D:\Doctorat\datasets\LUNA 16\classification\subset3\1\1_aug\156_34.npy
1,D:\Doctorat\datasets\LUNA 16\classification\subset3\1\1_aug\156_35.npy
1,D:\Doctorat\datasets\LUNA 16\classification\subset3\1\1_aug\156_37.npy
1,D:\Doctorat\datasets\LUNA 16\classification\subset3\1\1_aug\156_40.npy
1,D:\Doctorat\datasets\LUNA 16\classification\subset3\1\1_aug\156_8.npy
1,D:\Doctorat\datasets\LUNA 16\classification\subset3\1\1_aug\157_1.npy
1,D:\Doctorat\datasets\LUNA 16\classification\subset3\1\1_aug\157_12.npy
1,D:\Doctorat\datasets\LUNA 16\classification\subset3\1\1_aug\157_14.npy
1,D:\Doctorat\datasets\LUNA 16\classification\subset3\1\1_aug\157_16.npy
1,D:\Doctorat\datasets\LUNA 16\classification\subset3\1\1_aug\157_18.npy
1,D:\Doctorat\datasets\LUNA 16\classification\subset3\1\1_aug\157_8.npy
1,D:\Doctorat\datasets\LUNA 16\classification\subset3\1\1_aug\15_10.npy
1,D:\Doctorat\datasets\LUNA 16\classification\subset3\1\1_aug\15_11.npy
1,D:\Doctorat\datasets\LUNA 16\classification\subset3\1\1_aug\15_16.npy
1,D:\Doctorat\datasets\LUNA 16\classification\subset3\1\1_aug\15_26.npy
1,D:\Doctorat\datasets\LUNA 16\classification\subset3\1\1_aug\15_30.npy
1,D:\Doctorat\datasets\LUNA 16\classification\subset3\1\1_aug\15_36.npy
1,D:\Doctorat\datasets\LUNA 16\classification\subset3\1\1_aug\15_5.npy
1,D:\Doctorat\datasets\LUNA 16\classification\subset3\1\1_aug\15_8.npy
1,D:\Doctorat\datasets\LUNA 16\classification\subset3\1\1_aug\16_13.npy
1,D:\Doctorat\datasets\LUNA 16\classification\subset3\1\1_aug\16_26.npy
1,D:\Doctorat\datasets\LUNA 16\classification\subset3\1\1_aug\16_33.npy
1,D:\Doctorat\datasets\LUNA 16\classification\subset3\1\1_aug\16_7.npy
1,D:\Doctorat\datasets\LUNA 16\classification\subset3\1\1_aug\16_9.npy
1,D:\Doctorat\datasets\LUNA 16\classification\subset3\1\1_aug\17_18.npy
1,D:\Doctorat\datasets\LUNA 16\classification\subset3\1\1_aug\17_19.npy
1,D:\Doctorat\datasets\LUNA 16\classification\subset3\1\1_aug\17_2.npy
1,D:\Doctorat\datasets\LUNA 16\classification\subset3\1\1_aug\17_26.npy
1,D:\Doctorat\datasets\LUNA 16\classification\subset3\1\1_aug\17_31.npy
1,D:\Doctorat\datasets\LUNA 16\classification\subset3\1\1_aug\17_32.npy
1,D:\Doctorat\datasets\LUNA 16\classification\subset3\1\1_aug\17_9.npy
1,D:\Doctorat\datasets\LUNA 16\classification\subset3\1\1_aug\18_1.npy
1,D:\Doctorat\datasets\LUNA 16\classification\subset3\1\1_aug\18_13.npy
1,D:\Doctorat\datasets\LUNA 16\classification\subset3\1\1_aug\18_14.npy
1,D:\Doctorat\datasets\LUNA 16\classification\subset3\1\1_aug\18_15.npy
1,D:\Doctorat\datasets\LUNA 16\classification\subset3\1\1_aug\18_20.npy
1,D:\Doctorat\datasets\LUNA 16\classification\subset3\1\1_aug\18_21.npy
1,D:\Doctorat\datasets\LUNA 16\classification\subset3\1\1_aug\18_27.npy
1,D:\Doctorat\datasets\LUNA 16\classification\subset3\1\1_aug\18_32.npy
1,D:\Doctorat\datasets\LUNA 16\classification\subset3\1\1_aug\18_38.npy
1,D:\Doctorat\datasets\LUNA 16\classification\subset3\1\1_aug\18_5.npy
1,D:\Doctorat\datasets\LUNA 16\classification\subset3\1\1_aug\19_1.npy
1,D:\Doctorat\datasets\LUNA 16\classification\subset3\1\1_aug\19_11.npy
1,D:\Doctorat\datasets\LUNA 16\classification\subset3\1\1_aug\19_15.npy
1,D:\Doctorat\datasets\LUNA 16\classification\subset3\1\1_aug\19_17.npy
1,D:\Doctorat\datasets\LUNA 16\classification\subset3\1\1_aug\19_18.npy
1,D:\Doctorat\datasets\LUNA 16\classification\subset3\1\1_aug\19_19.npy
1,D:\Doctorat\datasets\LUNA 16\classification\subset3\1\1_aug\19_21.npy
1,D:\Doctorat\datasets\LUNA 16\classification\subset3\1\1_aug\19_3.npy
1,D:\Doctorat\datasets\LUNA 16\classification\subset3\1\1_aug\19_32.npy
1,D:\Doctorat\datasets\LUNA 16\classification\subset3\1\1_aug\19_33.npy
1,D:\Doctorat\datasets\LUNA 16\classification\subset3\1\1_aug\19_34.npy
1,D:\Doctorat\datasets\LUNA 16\classification\subset3\1\1_aug\19_35.npy
1,D:\Doctorat\datasets\LUNA 16\classification\subset3\1\1_aug\19_36.npy
1,D:\Doctorat\datasets\LUNA 16\classification\subset3\1\1_aug\19_40.npy
1,D:\Doctorat\datasets\LUNA 16\classification\subset3\1\1_aug\1_10.npy
1,D:\Doctorat\datasets\LUNA 16\classification\subset3\1\1_aug\1_23.npy
1,D:\Doctorat\datasets\LUNA 16\classification\subset3\1\1_aug\1_24.npy
1,D:\Doctorat\datasets\LUNA 16\classification\subset3\1\1_aug\1_3.npy
1,D:\Doctorat\datasets\LUNA 16\classification\subset3\1\1_aug\1_30.npy
1,D:\Doctorat\datasets\LUNA 16\classification\subset3\1\1_aug\1_7.npy
1,D:\Doctorat\datasets\LUNA 16\classification\subset3\1\1_aug\20_22.npy
1,D:\Doctorat\datasets\LUNA 16\classification\subset3\1\1_aug\20_26.npy
1,D:\Doctorat\datasets\LUNA 16\classification\subset3\1\1_aug\20_28.npy
1,D:\Doctorat\datasets\LUNA 16\classification\subset3\1\1_aug\20_29.npy
1,D:\Doctorat\datasets\LUNA 16\classification\subset3\1\1_aug\20_3.npy
1,D:\Doctorat\datasets\LUNA 16\classification\subset3\1\1_aug\20_30.npy
1,D:\Doctorat\datasets\LUNA 16\classification\subset3\1\1_aug\20_37.npy
1,D:\Doctorat\datasets\LUNA 16\classification\subset3\1\1_aug\20_39.npy
1,D:\Doctorat\datasets\LUNA 16\classification\subset3\1\1_aug\20_5.npy
1,D:\Doctorat\datasets\LUNA 16\classification\subset3\1\1_aug\21_14.npy
1,D:\Doctorat\datasets\LUNA 16\classification\subset3\1\1_aug\21_24.npy
1,D:\Doctorat\datasets\LUNA 16\classification\subset3\1\1_aug\21_28.npy
1,D:\Doctorat\datasets\LUNA 16\classification\subset3\1\1_aug\21_34.npy
1,D:\Doctorat\datasets\LUNA 16\classification\subset3\1\1_aug\22_11.npy
1,D:\Doctorat\datasets\LUNA 16\classification\subset3\1\1_aug\22_15.npy
1,D:\Doctorat\datasets\LUNA 16\classification\subset3\1\1_aug\22_17.npy
1,D:\Doctorat\datasets\LUNA 16\classification\subset3\1\1_aug\22_20.npy
1,D:\Doctorat\datasets\LUNA 16\classification\subset3\1\1_aug\22_25.npy
1,D:\Doctorat\datasets\LUNA 16\classification\subset3\1\1_aug\22_32.npy
1,D:\Doctorat\datasets\LUNA 16\classification\subset3\1\1_aug\22_33.npy
1,D:\Doctorat\datasets\LUNA 16\classification\subset3\1\1_aug\22_8.npy
1,D:\Doctorat\datasets\LUNA 16\classification\subset3\1\1_aug\23_1.npy
1,D:\Doctorat\datasets\LUNA 16\classification\subset3\1\1_aug\23_13.npy
1,D:\Doctorat\datasets\LUNA 16\classification\subset3\1\1_aug\23_16.npy
1,D:\Doctorat\datasets\LUNA 16\classification\subset3\1\1_aug\23_27.npy
1,D:\Doctorat\datasets\LUNA 16\classification\subset3\1\1_aug\23_30.npy
1,D:\Doctorat\datasets\LUNA 16\classification\subset3\1\1_aug\23_31.npy
1,D:\Doctorat\datasets\LUNA 16\classification\subset3\1\1_aug\23_9.npy
1,D:\Doctorat\datasets\LUNA 16\classification\subset3\1\1_aug\24_18.npy
1,D:\Doctorat\datasets\LUNA 16\classification\subset3\1\1_aug\24_2.npy
1,D:\Doctorat\datasets\LUNA 16\classification\subset3\1\1_aug\24_20.npy
1,D:\Doctorat\datasets\LUNA 16\classification\subset3\1\1_aug\24_3.npy
1,D:\Doctorat\datasets\LUNA 16\classification\subset3\1\1_aug\24_40.npy
1,D:\Doctorat\datasets\LUNA 16\classification\subset3\1\1_aug\24_7.npy
1,D:\Doctorat\datasets\LUNA 16\classification\subset3\1\1_aug\25_10.npy
1,D:\Doctorat\datasets\LUNA 16\classification\subset3\1\1_aug\25_2.npy
1,D:\Doctorat\datasets\LUNA 16\classification\subset3\1\1_aug\25_23.npy
1,D:\Doctorat\datasets\LUNA 16\classification\subset3\1\1_aug\25_25.npy
1,D:\Doctorat\datasets\LUNA 16\classification\subset3\1\1_aug\25_32.npy
1,D:\Doctorat\datasets\LUNA 16\classification\subset3\1\1_aug\25_37.npy
1,D:\Doctorat\datasets\LUNA 16\classification\subset3\1\1_aug\25_38.npy
1,D:\Doctorat\datasets\LUNA 16\classification\subset3\1\1_aug\25_4.npy
1,D:\Doctorat\datasets\LUNA 16\classification\subset3\1\1_aug\25_9.npy
1,D:\Doctorat\datasets\LUNA 16\classification\subset3\1\1_aug\26_1.npy
1,D:\Doctorat\datasets\LUNA 16\classification\subset3\1\1_aug\26_16.npy
1,D:\Doctorat\datasets\LUNA 16\classification\subset3\1\1_aug\26_2.npy
1,D:\Doctorat\datasets\LUNA 16\classification\subset3\1\1_aug\26_22.npy
1,D:\Doctorat\datasets\LUNA 16\classification\subset3\1\1_aug\26_28.npy
1,D:\Doctorat\datasets\LUNA 16\classification\subset3\1\1_aug\26_3.npy
1,D:\Doctorat\datasets\LUNA 16\classification\subset3\1\1_aug\27_19.npy
1,D:\Doctorat\datasets\LUNA 16\classification\subset3\1\1_aug\27_20.npy
1,D:\Doctorat\datasets\LUNA 16\classification\subset3\1\1_aug\27_28.npy
1,D:\Doctorat\datasets\LUNA 16\classification\subset3\1\1_aug\27_30.npy
1,D:\Doctorat\datasets\LUNA 16\classification\subset3\1\1_aug\27_37.npy
1,D:\Doctorat\datasets\LUNA 16\classification\subset3\1\1_aug\27_7.npy
1,D:\Doctorat\datasets\LUNA 16\classification\subset3\1\1_aug\28_1.npy
1,D:\Doctorat\datasets\LUNA 16\classification\subset3\1\1_aug\28_15.npy
1,D:\Doctorat\datasets\LUNA 16\classification\subset3\1\1_aug\28_18.npy
1,D:\Doctorat\datasets\LUNA 16\classification\subset3\1\1_aug\28_35.npy
1,D:\Doctorat\datasets\LUNA 16\classification\subset3\1\1_aug\28_36.npy
1,D:\Doctorat\datasets\LUNA 16\classification\subset3\1\1_aug\28_9.npy
1,D:\Doctorat\datasets\LUNA 16\classification\subset3\1\1_aug\29_10.npy
1,D:\Doctorat\datasets\LUNA 16\classification\subset3\1\1_aug\29_12.npy
1,D:\Doctorat\datasets\LUNA 16\classification\subset3\1\1_aug\29_15.npy
1,D:\Doctorat\datasets\LUNA 16\classification\subset3\1\1_aug\29_28.npy
1,D:\Doctorat\datasets\LUNA 16\classification\subset3\1\1_aug\29_34.npy
1,D:\Doctorat\datasets\LUNA 16\classification\subset3\1\1_aug\29_39.npy
1,D:\Doctorat\datasets\LUNA 16\classification\subset3\1\1_aug\29_40.npy
1,D:\Doctorat\datasets\LUNA 16\classification\subset3\1\1_aug\2_1.npy
1,D:\Doctorat\datasets\LUNA 16\classification\subset3\1\1_aug\2_10.npy
1,D:\Doctorat\datasets\LUNA 16\classification\subset3\1\1_aug\2_22.npy
1,D:\Doctorat\datasets\LUNA 16\classification\subset3\1\1_aug\2_34.npy
1,D:\Doctorat\datasets\LUNA 16\classification\subset3\1\1_aug\2_35.npy
1,D:\Doctorat\datasets\LUNA 16\classification\subset3\1\1_aug\2_38.npy
1,D:\Doctorat\datasets\LUNA 16\classification\subset3\1\1_aug\2_8.npy
1,D:\Doctorat\datasets\LUNA 16\classification\subset3\1\1_aug\30_12.npy
1,D:\Doctorat\datasets\LUNA 16\classification\subset3\1\1_aug\30_17.npy
1,D:\Doctorat\datasets\LUNA 16\classification\subset3\1\1_aug\30_25.npy
1,D:\Doctorat\datasets\LUNA 16\classification\subset3\1\1_aug\30_29.npy
1,D:\Doctorat\datasets\LUNA 16\classification\subset3\1\1_aug\30_30.npy
1,D:\Doctorat\datasets\LUNA 16\classification\subset3\1\1_aug\30_34.npy
1,D:\Doctorat\datasets\LUNA 16\classification\subset3\1\1_aug\30_37.npy
1,D:\Doctorat\datasets\LUNA 16\classification\subset3\1\1_aug\30_38.npy
1,D:\Doctorat\datasets\LUNA 16\classification\subset3\1\1_aug\31_12.npy
1,D:\Doctorat\datasets\LUNA 16\classification\subset3\1\1_aug\31_15.npy
1,D:\Doctorat\datasets\LUNA 16\classification\subset3\1\1_aug\31_23.npy
1,D:\Doctorat\datasets\LUNA 16\classification\subset3\1\1_aug\31_4.npy
1,D:\Doctorat\datasets\LUNA 16\classification\subset3\1\1_aug\31_8.npy
1,D:\Doctorat\datasets\LUNA 16\classification\subset3\1\1_aug\32_15.npy
1,D:\Doctorat\datasets\LUNA 16\classification\subset3\1\1_aug\32_16.npy
1,D:\Doctorat\datasets\LUNA 16\classification\subset3\1\1_aug\32_2.npy
1,D:\Doctorat\datasets\LUNA 16\classification\subset3\1\1_aug\32_20.npy
1,D:\Doctorat\datasets\LUNA 16\classification\subset3\1\1_aug\32_21.npy
1,D:\Doctorat\datasets\LUNA 16\classification\subset3\1\1_aug\32_22.npy
1,D:\Doctorat\datasets\LUNA 16\classification\subset3\1\1_aug\32_26.npy
1,D:\Doctorat\datasets\LUNA 16\classification\subset3\1\1_aug\32_3.npy
1,D:\Doctorat\datasets\LUNA 16\classification\subset3\1\1_aug\32_30.npy
1,D:\Doctorat\datasets\LUNA 16\classification\subset3\1\1_aug\32_34.npy
1,D:\Doctorat\datasets\LUNA 16\classification\subset3\1\1_aug\32_35.npy
1,D:\Doctorat\datasets\LUNA 16\classification\subset3\1\1_aug\32_38.npy
1,D:\Doctorat\datasets\LUNA 16\classification\subset3\1\1_aug\32_4.npy
1,D:\Doctorat\datasets\LUNA 16\classification\subset3\1\1_aug\33_11.npy
1,D:\Doctorat\datasets\LUNA 16\classification\subset3\1\1_aug\33_16.npy
1,D:\Doctorat\datasets\LUNA 16\classification\subset3\1\1_aug\33_23.npy
1,D:\Doctorat\datasets\LUNA 16\classification\subset3\1\1_aug\33_26.npy
1,D:\Doctorat\datasets\LUNA 16\classification\subset3\1\1_aug\33_29.npy
1,D:\Doctorat\datasets\LUNA 16\classification\subset3\1\1_aug\33_34.npy
1,D:\Doctorat\datasets\LUNA 16\classification\subset3\1\1_aug\33_39.npy
1,D:\Doctorat\datasets\LUNA 16\classification\subset3\1\1_aug\33_7.npy
1,D:\Doctorat\datasets\LUNA 16\classification\subset3\1\1_aug\34_10.npy
1,D:\Doctorat\datasets\LUNA 16\classification\subset3\1\1_aug\34_18.npy
1,D:\Doctorat\datasets\LUNA 16\classification\subset3\1\1_aug\34_2.npy
1,D:\Doctorat\datasets\LUNA 16\classification\subset3\1\1_aug\34_22.npy
1,D:\Doctorat\datasets\LUNA 16\classification\subset3\1\1_aug\34_31.npy
1,D:\Doctorat\datasets\LUNA 16\classification\subset3\1\1_aug\34_38.npy
1,D:\Doctorat\datasets\LUNA 16\classification\subset3\1\1_aug\34_39.npy
1,D:\Doctorat\datasets\LUNA 16\classification\subset3\1\1_aug\35_11.npy
1,D:\Doctorat\datasets\LUNA 16\classification\subset3\1\1_aug\35_14.npy
1,D:\Doctorat\datasets\LUNA 16\classification\subset3\1\1_aug\35_16.npy
1,D:\Doctorat\datasets\LUNA 16\classification\subset3\1\1_aug\35_22.npy
1,D:\Doctorat\datasets\LUNA 16\classification\subset3\1\1_aug\35_33.npy
1,D:\Doctorat\datasets\LUNA 16\classification\subset3\1\1_aug\35_36.npy
1,D:\Doctorat\datasets\LUNA 16\classification\subset3\1\1_aug\35_37.npy
1,D:\Doctorat\datasets\LUNA 16\classification\subset3\1\1_aug\35_40.npy
1,D:\Doctorat\datasets\LUNA 16\classification\subset3\1\1_aug\36_12.npy
1,D:\Doctorat\datasets\LUNA 16\classification\subset3\1\1_aug\36_14.npy
1,D:\Doctorat\datasets\LUNA 16\classification\subset3\1\1_aug\36_16.npy
1,D:\Doctorat\datasets\LUNA 16\classification\subset3\1\1_aug\36_31.npy
1,D:\Doctorat\datasets\LUNA 16\classification\subset3\1\1_aug\36_34.npy
1,D:\Doctorat\datasets\LUNA 16\classification\subset3\1\1_aug\36_37.npy
1,D:\Doctorat\datasets\LUNA 16\classification\subset3\1\1_aug\37_10.npy
1,D:\Doctorat\datasets\LUNA 16\classification\subset3\1\1_aug\37_12.npy
1,D:\Doctorat\datasets\LUNA 16\classification\subset3\1\1_aug\37_16.npy
1,D:\Doctorat\datasets\LUNA 16\classification\subset3\1\1_aug\37_20.npy
1,D:\Doctorat\datasets\LUNA 16\classification\subset3\1\1_aug\37_21.npy
1,D:\Doctorat\datasets\LUNA 16\classification\subset3\1\1_aug\37_26.npy
1,D:\Doctorat\datasets\LUNA 16\classification\subset3\1\1_aug\37_32.npy
1,D:\Doctorat\datasets\LUNA 16\classification\subset3\1\1_aug\37_36.npy
1,D:\Doctorat\datasets\LUNA 16\classification\subset3\1\1_aug\37_8.npy
1,D:\Doctorat\datasets\LUNA 16\classification\subset3\1\1_aug\38_10.npy
1,D:\Doctorat\datasets\LUNA 16\classification\subset3\1\1_aug\38_2.npy
1,D:\Doctorat\datasets\LUNA 16\classification\subset3\1\1_aug\38_22.npy
1,D:\Doctorat\datasets\LUNA 16\classification\subset3\1\1_aug\38_23.npy
1,D:\Doctorat\datasets\LUNA 16\classification\subset3\1\1_aug\38_32.npy
1,D:\Doctorat\datasets\LUNA 16\classification\subset3\1\1_aug\38_34.npy
1,D:\Doctorat\datasets\LUNA 16\classification\subset3\1\1_aug\38_36.npy
1,D:\Doctorat\datasets\LUNA 16\classification\subset3\1\1_aug\38_8.npy
1,D:\Doctorat\datasets\LUNA 16\classification\subset3\1\1_aug\39_13.npy
1,D:\Doctorat\datasets\LUNA 16\classification\subset3\1\1_aug\39_14.npy
1,D:\Doctorat\datasets\LUNA 16\classification\subset3\1\1_aug\39_2.npy
1,D:\Doctorat\datasets\LUNA 16\classification\subset3\1\1_aug\39_20.npy
1,D:\Doctorat\datasets\LUNA 16\classification\subset3\1\1_aug\39_27.npy
1,D:\Doctorat\datasets\LUNA 16\classification\subset3\1\1_aug\39_3.npy
1,D:\Doctorat\datasets\LUNA 16\classification\subset3\1\1_aug\39_4.npy
1,D:\Doctorat\datasets\LUNA 16\classification\subset3\1\1_aug\3_11.npy
1,D:\Doctorat\datasets\LUNA 16\classification\subset3\1\1_aug\3_14.npy
1,D:\Doctorat\datasets\LUNA 16\classification\subset3\1\1_aug\3_20.npy
1,D:\Doctorat\datasets\LUNA 16\classification\subset3\1\1_aug\3_22.npy
1,D:\Doctorat\datasets\LUNA 16\classification\subset3\1\1_aug\3_26.npy
1,D:\Doctorat\datasets\LUNA 16\classification\subset3\1\1_aug\3_27.npy
1,D:\Doctorat\datasets\LUNA 16\classification\subset3\1\1_aug\3_29.npy
1,D:\Doctorat\datasets\LUNA 16\classification\subset3\1\1_aug\3_30.npy
1,D:\Doctorat\datasets\LUNA 16\classification\subset3\1\1_aug\3_36.npy
1,D:\Doctorat\datasets\LUNA 16\classification\subset3\1\1_aug\3_37.npy
1,D:\Doctorat\datasets\LUNA 16\classification\subset3\1\1_aug\3_5.npy
1,D:\Doctorat\datasets\LUNA 16\classification\subset3\1\1_aug\40_10.npy
1,D:\Doctorat\datasets\LUNA 16\classification\subset3\1\1_aug\40_14.npy
1,D:\Doctorat\datasets\LUNA 16\classification\subset3\1\1_aug\40_2.npy
1,D:\Doctorat\datasets\LUNA 16\classification\subset3\1\1_aug\40_29.npy
1,D:\Doctorat\datasets\LUNA 16\classification\subset3\1\1_aug\40_3.npy
1,D:\Doctorat\datasets\LUNA 16\classification\subset3\1\1_aug\40_35.npy
1,D:\Doctorat\datasets\LUNA 16\classification\subset3\1\1_aug\40_37.npy
1,D:\Doctorat\datasets\LUNA 16\classification\subset3\1\1_aug\40_4.npy
1,D:\Doctorat\datasets\LUNA 16\classification\subset3\1\1_aug\41_19.npy
1,D:\Doctorat\datasets\LUNA 16\classification\subset3\1\1_aug\41_23.npy
1,D:\Doctorat\datasets\LUNA 16\classification\subset3\1\1_aug\41_28.npy
1,D:\Doctorat\datasets\LUNA 16\classification\subset3\1\1_aug\41_29.npy
1,D:\Doctorat\datasets\LUNA 16\classification\subset3\1\1_aug\41_3.npy
1,D:\Doctorat\datasets\LUNA 16\classification\subset3\1\1_aug\41_37.npy
1,D:\Doctorat\datasets\LUNA 16\classification\subset3\1\1_aug\41_40.npy
1,D:\Doctorat\datasets\LUNA 16\classification\subset3\1\1_aug\42_37.npy
1,D:\Doctorat\datasets\LUNA 16\classification\subset3\1\1_aug\43_11.npy
1,D:\Doctorat\datasets\LUNA 16\classification\subset3\1\1_aug\43_17.npy
1,D:\Doctorat\datasets\LUNA 16\classification\subset3\1\1_aug\43_19.npy
1,D:\Doctorat\datasets\LUNA 16\classification\subset3\1\1_aug\43_25.npy
1,D:\Doctorat\datasets\LUNA 16\classification\subset3\1\1_aug\43_29.npy
1,D:\Doctorat\datasets\LUNA 16\classification\subset3\1\1_aug\43_3.npy
1,D:\Doctorat\datasets\LUNA 16\classification\subset3\1\1_aug\43_39.npy
1,D:\Doctorat\datasets\LUNA 16\classification\subset3\1\1_aug\43_5.npy
1,D:\Doctorat\datasets\LUNA 16\classification\subset3\1\1_aug\44_22.npy
1,D:\Doctorat\datasets\LUNA 16\classification\subset3\1\1_aug\44_28.npy
1,D:\Doctorat\datasets\LUNA 16\classification\subset3\1\1_aug\44_33.npy
1,D:\Doctorat\datasets\LUNA 16\classification\subset3\1\1_aug\44_34.npy
1,D:\Doctorat\datasets\LUNA 16\classification\subset3\1\1_aug\45_19.npy
1,D:\Doctorat\datasets\LUNA 16\classification\subset3\1\1_aug\45_21.npy
1,D:\Doctorat\datasets\LUNA 16\classification\subset3\1\1_aug\45_26.npy
1,D:\Doctorat\datasets\LUNA 16\classification\subset3\1\1_aug\45_27.npy
1,D:\Doctorat\datasets\LUNA 16\classification\subset3\1\1_aug\45_28.npy
1,D:\Doctorat\datasets\LUNA 16\classification\subset3\1\1_aug\45_39.npy
1,D:\Doctorat\datasets\LUNA 16\classification\subset3\1\1_aug\45_4.npy
1,D:\Doctorat\datasets\LUNA 16\classification\subset3\1\1_aug\46_1.npy
1,D:\Doctorat\datasets\LUNA 16\classification\subset3\1\1_aug\46_10.npy
1,D:\Doctorat\datasets\LUNA 16\classification\subset3\1\1_aug\46_11.npy
1,D:\Doctorat\datasets\LUNA 16\classification\subset3\1\1_aug\46_19.npy
1,D:\Doctorat\datasets\LUNA 16\classification\subset3\1\1_aug\46_21.npy
1,D:\Doctorat\datasets\LUNA 16\classification\subset3\1\1_aug\46_24.npy
1,D:\Doctorat\datasets\LUNA 16\classification\subset3\1\1_aug\46_25.npy
1,D:\Doctorat\datasets\LUNA 16\classification\subset3\1\1_aug\46_3.npy
1,D:\Doctorat\datasets\LUNA 16\classification\subset3\1\1_aug\46_33.npy
1,D:\Doctorat\datasets\LUNA 16\classification\subset3\1\1_aug\46_4.npy
1,D:\Doctorat\datasets\LUNA 16\classification\subset3\1\1_aug\46_40.npy
1,D:\Doctorat\datasets\LUNA 16\classification\subset3\1\1_aug\46_5.npy
1,D:\Doctorat\datasets\LUNA 16\classification\subset3\1\1_aug\46_8.npy
1,D:\Doctorat\datasets\LUNA 16\classification\subset3\1\1_aug\46_9.npy
1,D:\Doctorat\datasets\LUNA 16\classification\subset3\1\1_aug\47_28.npy
1,D:\Doctorat\datasets\LUNA 16\classification\subset3\1\1_aug\47_3.npy
1,D:\Doctorat\datasets\LUNA 16\classification\subset3\1\1_aug\47_31.npy
1,D:\Doctorat\datasets\LUNA 16\classification\subset3\1\1_aug\47_33.npy
1,D:\Doctorat\datasets\LUNA 16\classification\subset3\1\1_aug\47_34.npy
1,D:\Doctorat\datasets\LUNA 16\classification\subset3\1\1_aug\47_35.npy
1,D:\Doctorat\datasets\LUNA 16\classification\subset3\1\1_aug\47_40.npy
1,D:\Doctorat\datasets\LUNA 16\classification\subset3\1\1_aug\47_5.npy
1,D:\Doctorat\datasets\LUNA 16\classification\subset3\1\1_aug\47_6.npy
1,D:\Doctorat\datasets\LUNA 16\classification\subset3\1\1_aug\47_7.npy
1,D:\Doctorat\datasets\LUNA 16\classification\subset3\1\1_aug\47_9.npy
1,D:\Doctorat\datasets\LUNA 16\classification\subset3\1\1_aug\48_20.npy
1,D:\Doctorat\datasets\LUNA 16\classification\subset3\1\1_aug\48_22.npy
1,D:\Doctorat\datasets\LUNA 16\classification\subset3\1\1_aug\48_30.npy
1,D:\Doctorat\datasets\LUNA 16\classification\subset3\1\1_aug\48_4.npy
1,D:\Doctorat\datasets\LUNA 16\classification\subset3\1\1_aug\48_7.npy
1,D:\Doctorat\datasets\LUNA 16\classification\subset3\1\1_aug\49_10.npy
1,D:\Doctorat\datasets\LUNA 16\classification\subset3\1\1_aug\49_12.npy
1,D:\Doctorat\datasets\LUNA 16\classification\subset3\1\1_aug\49_21.npy
1,D:\Doctorat\datasets\LUNA 16\classification\subset3\1\1_aug\49_26.npy
1,D:\Doctorat\datasets\LUNA 16\classification\subset3\1\1_aug\49_29.npy
1,D:\Doctorat\datasets\LUNA 16\classification\subset3\1\1_aug\49_3.npy
1,D:\Doctorat\datasets\LUNA 16\classification\subset3\1\1_aug\49_31.npy
1,D:\Doctorat\datasets\LUNA 16\classification\subset3\1\1_aug\49_40.npy
1,D:\Doctorat\datasets\LUNA 16\classification\subset3\1\1_aug\49_6.npy
1,D:\Doctorat\datasets\LUNA 16\classification\subset3\1\1_aug\49_8.npy
1,D:\Doctorat\datasets\LUNA 16\classification\subset3\1\1_aug\4_13.npy
1,D:\Doctorat\datasets\LUNA 16\classification\subset3\1\1_aug\4_18.npy
1,D:\Doctorat\datasets\LUNA 16\classification\subset3\1\1_aug\4_20.npy
1,D:\Doctorat\datasets\LUNA 16\classification\subset3\1\1_aug\4_23.npy
1,D:\Doctorat\datasets\LUNA 16\classification\subset3\1\1_aug\4_25.npy
1,D:\Doctorat\datasets\LUNA 16\classification\subset3\1\1_aug\4_29.npy
1,D:\Doctorat\datasets\LUNA 16\classification\subset3\1\1_aug\4_3.npy
1,D:\Doctorat\datasets\LUNA 16\classification\subset3\1\1_aug\4_40.npy
1,D:\Doctorat\datasets\LUNA 16\classification\subset3\1\1_aug\50_1.npy
1,D:\Doctorat\datasets\LUNA 16\classification\subset3\1\1_aug\50_2.npy
1,D:\Doctorat\datasets\LUNA 16\classification\subset3\1\1_aug\50_26.npy
1,D:\Doctorat\datasets\LUNA 16\classification\subset3\1\1_aug\50_28.npy
1,D:\Doctorat\datasets\LUNA 16\classification\subset3\1\1_aug\50_32.npy
1,D:\Doctorat\datasets\LUNA 16\classification\subset3\1\1_aug\50_5.npy
1,D:\Doctorat\datasets\LUNA 16\classification\subset3\1\1_aug\50_6.npy
1,D:\Doctorat\datasets\LUNA 16\classification\subset3\1\1_aug\50_8.npy
1,D:\Doctorat\datasets\LUNA 16\classification\subset3\1\1_aug\51_13.npy
1,D:\Doctorat\datasets\LUNA 16\classification\subset3\1\1_aug\51_23.npy
1,D:\Doctorat\datasets\LUNA 16\classification\subset3\1\1_aug\51_30.npy
1,D:\Doctorat\datasets\LUNA 16\classification\subset3\1\1_aug\51_33.npy
1,D:\Doctorat\datasets\LUNA 16\classification\subset3\1\1_aug\51_35.npy
1,D:\Doctorat\datasets\LUNA 16\classification\subset3\1\1_aug\51_37.npy
1,D:\Doctorat\datasets\LUNA 16\classification\subset3\1\1_aug\51_4.npy
1,D:\Doctorat\datasets\LUNA 16\classification\subset3\1\1_aug\51_40.npy
1,D:\Doctorat\datasets\LUNA 16\classification\subset3\1\1_aug\52_1.npy
1,D:\Doctorat\datasets\LUNA 16\classification\subset3\1\1_aug\52_11.npy
1,D:\Doctorat\datasets\LUNA 16\classification\subset3\1\1_aug\52_2.npy
1,D:\Doctorat\datasets\LUNA 16\classification\subset3\1\1_aug\52_26.npy
1,D:\Doctorat\datasets\LUNA 16\classification\subset3\1\1_aug\52_3.npy
1,D:\Doctorat\datasets\LUNA 16\classification\subset3\1\1_aug\52_30.npy
1,D:\Doctorat\datasets\LUNA 16\classification\subset3\1\1_aug\52_5.npy
1,D:\Doctorat\datasets\LUNA 16\classification\subset3\1\1_aug\52_7.npy
1,D:\Doctorat\datasets\LUNA 16\classification\subset3\1\1_aug\52_9.npy
1,D:\Doctorat\datasets\LUNA 16\classification\subset3\1\1_aug\53_1.npy
1,D:\Doctorat\datasets\LUNA 16\classification\subset3\1\1_aug\53_10.npy
1,D:\Doctorat\datasets\LUNA 16\classification\subset3\1\1_aug\53_15.npy
1,D:\Doctorat\datasets\LUNA 16\classification\subset3\1\1_aug\53_16.npy
1,D:\Doctorat\datasets\LUNA 16\classification\subset3\1\1_aug\53_21.npy
1,D:\Doctorat\datasets\LUNA 16\classification\subset3\1\1_aug\53_24.npy
1,D:\Doctorat\datasets\LUNA 16\classification\subset3\1\1_aug\53_25.npy
1,D:\Doctorat\datasets\LUNA 16\classification\subset3\1\1_aug\53_35.npy
1,D:\Doctorat\datasets\LUNA 16\classification\subset3\1\1_aug\53_39.npy
1,D:\Doctorat\datasets\LUNA 16\classification\subset3\1\1_aug\53_4.npy
1,D:\Doctorat\datasets\LUNA 16\classification\subset3\1\1_aug\53_5.npy
1,D:\Doctorat\datasets\LUNA 16\classification\subset3\1\1_aug\53_9.npy
1,D:\Doctorat\datasets\LUNA 16\classification\subset3\1\1_aug\54_10.npy
1,D:\Doctorat\datasets\LUNA 16\classification\subset3\1\1_aug\54_18.npy
1,D:\Doctorat\datasets\LUNA 16\classification\subset3\1\1_aug\54_2.npy
1,D:\Doctorat\datasets\LUNA 16\classification\subset3\1\1_aug\54_21.npy
1,D:\Doctorat\datasets\LUNA 16\classification\subset3\1\1_aug\54_23.npy
1,D:\Doctorat\datasets\LUNA 16\classification\subset3\1\1_aug\54_28.npy
1,D:\Doctorat\datasets\LUNA 16\classification\subset3\1\1_aug\54_30.npy
1,D:\Doctorat\datasets\LUNA 16\classification\subset3\1\1_aug\54_33.npy
1,D:\Doctorat\datasets\LUNA 16\classification\subset3\1\1_aug\54_35.npy
1,D:\Doctorat\datasets\LUNA 16\classification\subset3\1\1_aug\54_38.npy
1,D:\Doctorat\datasets\LUNA 16\classification\subset3\1\1_aug\55_17.npy
1,D:\Doctorat\datasets\LUNA 16\classification\subset3\1\1_aug\55_19.npy
1,D:\Doctorat\datasets\LUNA 16\classification\subset3\1\1_aug\55_2.npy
1,D:\Doctorat\datasets\LUNA 16\classification\subset3\1\1_aug\55_25.npy
1,D:\Doctorat\datasets\LUNA 16\classification\subset3\1\1_aug\55_3.npy
1,D:\Doctorat\datasets\LUNA 16\classification\subset3\1\1_aug\55_34.npy
1,D:\Doctorat\datasets\LUNA 16\classification\subset3\1\1_aug\55_35.npy
1,D:\Doctorat\datasets\LUNA 16\classification\subset3\1\1_aug\55_6.npy
1,D:\Doctorat\datasets\LUNA 16\classification\subset3\1\1_aug\56_19.npy
1,D:\Doctorat\datasets\LUNA 16\classification\subset3\1\1_aug\56_35.npy
1,D:\Doctorat\datasets\LUNA 16\classification\subset3\1\1_aug\56_39.npy
1,D:\Doctorat\datasets\LUNA 16\classification\subset3\1\1_aug\56_40.npy
1,D:\Doctorat\datasets\LUNA 16\classification\subset3\1\1_aug\56_6.npy
1,D:\Doctorat\datasets\LUNA 16\classification\subset3\1\1_aug\57_1.npy
1,D:\Doctorat\datasets\LUNA 16\classification\subset3\1\1_aug\57_11.npy
1,D:\Doctorat\datasets\LUNA 16\classification\subset3\1\1_aug\57_22.npy
1,D:\Doctorat\datasets\LUNA 16\classification\subset3\1\1_aug\57_25.npy
1,D:\Doctorat\datasets\LUNA 16\classification\subset3\1\1_aug\57_27.npy
1,D:\Doctorat\datasets\LUNA 16\classification\subset3\1\1_aug\57_31.npy
1,D:\Doctorat\datasets\LUNA 16\classification\subset3\1\1_aug\57_32.npy
1,D:\Doctorat\datasets\LUNA 16\classification\subset3\1\1_aug\57_34.npy
1,D:\Doctorat\datasets\LUNA 16\classification\subset3\1\1_aug\57_4.npy
1,D:\Doctorat\datasets\LUNA 16\classification\subset3\1\1_aug\57_8.npy
1,D:\Doctorat\datasets\LUNA 16\classification\subset3\1\1_aug\58_1.npy
1,D:\Doctorat\datasets\LUNA 16\classification\subset3\1\1_aug\58_11.npy
1,D:\Doctorat\datasets\LUNA 16\classification\subset3\1\1_aug\58_15.npy
1,D:\Doctorat\datasets\LUNA 16\classification\subset3\1\1_aug\58_19.npy
1,D:\Doctorat\datasets\LUNA 16\classification\subset3\1\1_aug\58_21.npy
1,D:\Doctorat\datasets\LUNA 16\classification\subset3\1\1_aug\58_28.npy
1,D:\Doctorat\datasets\LUNA 16\classification\subset3\1\1_aug\58_35.npy
1,D:\Doctorat\datasets\LUNA 16\classification\subset3\1\1_aug\58_37.npy
1,D:\Doctorat\datasets\LUNA 16\classification\subset3\1\1_aug\58_39.npy
1,D:\Doctorat\datasets\LUNA 16\classification\subset3\1\1_aug\59_12.npy
1,D:\Doctorat\datasets\LUNA 16\classification\subset3\1\1_aug\59_16.npy
1,D:\Doctorat\datasets\LUNA 16\classification\subset3\1\1_aug\59_22.npy
1,D:\Doctorat\datasets\LUNA 16\classification\subset3\1\1_aug\59_25.npy
1,D:\Doctorat\datasets\LUNA 16\classification\subset3\1\1_aug\59_27.npy
1,D:\Doctorat\datasets\LUNA 16\classification\subset3\1\1_aug\59_33.npy
1,D:\Doctorat\datasets\LUNA 16\classification\subset3\1\1_aug\59_4.npy
1,D:\Doctorat\datasets\LUNA 16\classification\subset3\1\1_aug\5_11.npy
1,D:\Doctorat\datasets\LUNA 16\classification\subset3\1\1_aug\5_30.npy
1,D:\Doctorat\datasets\LUNA 16\classification\subset3\1\1_aug\5_31.npy
1,D:\Doctorat\datasets\LUNA 16\classification\subset3\1\1_aug\5_34.npy
1,D:\Doctorat\datasets\LUNA 16\classification\subset3\1\1_aug\5_5.npy
1,D:\Doctorat\datasets\LUNA 16\classification\subset3\1\1_aug\60_11.npy
1,D:\Doctorat\datasets\LUNA 16\classification\subset3\1\1_aug\60_12.npy
1,D:\Doctorat\datasets\LUNA 16\classification\subset3\1\1_aug\60_16.npy
1,D:\Doctorat\datasets\LUNA 16\classification\subset3\1\1_aug\60_2.npy
1,D:\Doctorat\datasets\LUNA 16\classification\subset3\1\1_aug\60_23.npy
1,D:\Doctorat\datasets\LUNA 16\classification\subset3\1\1_aug\60_28.npy
1,D:\Doctorat\datasets\LUNA 16\classification\subset3\1\1_aug\60_32.npy
1,D:\Doctorat\datasets\LUNA 16\classification\subset3\1\1_aug\60_35.npy
1,D:\Doctorat\datasets\LUNA 16\classification\subset3\1\1_aug\60_7.npy
1,D:\Doctorat\datasets\LUNA 16\classification\subset3\1\1_aug\60_9.npy
1,D:\Doctorat\datasets\LUNA 16\classification\subset3\1\1_aug\61_1.npy
1,D:\Doctorat\datasets\LUNA 16\classification\subset3\1\1_aug\61_11.npy
1,D:\Doctorat\datasets\LUNA 16\classification\subset3\1\1_aug\61_16.npy
1,D:\Doctorat\datasets\LUNA 16\classification\subset3\1\1_aug\61_18.npy
1,D:\Doctorat\datasets\LUNA 16\classification\subset3\1\1_aug\61_19.npy
1,D:\Doctorat\datasets\LUNA 16\classification\subset3\1\1_aug\61_29.npy
1,D:\Doctorat\datasets\LUNA 16\classification\subset3\1\1_aug\61_30.npy
1,D:\Doctorat\datasets\LUNA 16\classification\subset3\1\1_aug\61_37.npy
1,D:\Doctorat\datasets\LUNA 16\classification\subset3\1\1_aug\61_40.npy
1,D:\Doctorat\datasets\LUNA 16\classification\subset3\1\1_aug\62_23.npy
1,D:\Doctorat\datasets\LUNA 16\classification\subset3\1\1_aug\62_25.npy
1,D:\Doctorat\datasets\LUNA 16\classification\subset3\1\1_aug\62_26.npy
1,D:\Doctorat\datasets\LUNA 16\classification\subset3\1\1_aug\62_32.npy
1,D:\Doctorat\datasets\LUNA 16\classification\subset3\1\1_aug\62_33.npy
1,D:\Doctorat\datasets\LUNA 16\classification\subset3\1\1_aug\63_16.npy
1,D:\Doctorat\datasets\LUNA 16\classification\subset3\1\1_aug\63_20.npy
1,D:\Doctorat\datasets\LUNA 16\classification\subset3\1\1_aug\63_27.npy
1,D:\Doctorat\datasets\LUNA 16\classification\subset3\1\1_aug\63_3.npy
1,D:\Doctorat\datasets\LUNA 16\classification\subset3\1\1_aug\63_4.npy
1,D:\Doctorat\datasets\LUNA 16\classification\subset3\1\1_aug\64_10.npy
1,D:\Doctorat\datasets\LUNA 16\classification\subset3\1\1_aug\64_12.npy
1,D:\Doctorat\datasets\LUNA 16\classification\subset3\1\1_aug\64_2.npy
1,D:\Doctorat\datasets\LUNA 16\classification\subset3\1\1_aug\64_25.npy
1,D:\Doctorat\datasets\LUNA 16\classification\subset3\1\1_aug\64_26.npy
1,D:\Doctorat\datasets\LUNA 16\classification\subset3\1\1_aug\64_3.npy
1,D:\Doctorat\datasets\LUNA 16\classification\subset3\1\1_aug\64_34.npy
1,D:\Doctorat\datasets\LUNA 16\classification\subset3\1\1_aug\64_38.npy
1,D:\Doctorat\datasets\LUNA 16\classification\subset3\1\1_aug\64_40.npy
1,D:\Doctorat\datasets\LUNA 16\classification\subset3\1\1_aug\64_5.npy
1,D:\Doctorat\datasets\LUNA 16\classification\subset3\1\1_aug\64_6.npy
1,D:\Doctorat\datasets\LUNA 16\classification\subset3\1\1_aug\65_1.npy
1,D:\Doctorat\datasets\LUNA 16\classification\subset3\1\1_aug\65_13.npy
1,D:\Doctorat\datasets\LUNA 16\classification\subset3\1\1_aug\65_30.npy
1,D:\Doctorat\datasets\LUNA 16\classification\subset3\1\1_aug\65_36.npy
1,D:\Doctorat\datasets\LUNA 16\classification\subset3\1\1_aug\65_37.npy
1,D:\Doctorat\datasets\LUNA 16\classification\subset3\1\1_aug\65_39.npy
1,D:\Doctorat\datasets\LUNA 16\classification\subset3\1\1_aug\65_6.npy
1,D:\Doctorat\datasets\LUNA 16\classification\subset3\1\1_aug\66_1.npy
1,D:\Doctorat\datasets\LUNA 16\classification\subset3\1\1_aug\66_13.npy
1,D:\Doctorat\datasets\LUNA 16\classification\subset3\1\1_aug\66_16.npy
1,D:\Doctorat\datasets\LUNA 16\classification\subset3\1\1_aug\66_18.npy
1,D:\Doctorat\datasets\LUNA 16\classification\subset3\1\1_aug\66_28.npy
1,D:\Doctorat\datasets\LUNA 16\classification\subset3\1\1_aug\66_3.npy
1,D:\Doctorat\datasets\LUNA 16\classification\subset3\1\1_aug\66_33.npy
1,D:\Doctorat\datasets\LUNA 16\classification\subset3\1\1_aug\66_34.npy
1,D:\Doctorat\datasets\LUNA 16\classification\subset3\1\1_aug\66_36.npy
1,D:\Doctorat\datasets\LUNA 16\classification\subset3\1\1_aug\66_5.npy
1,D:\Doctorat\datasets\LUNA 16\classification\subset3\1\1_aug\66_9.npy
1,D:\Doctorat\datasets\LUNA 16\classification\subset3\1\1_aug\67_16.npy
1,D:\Doctorat\datasets\LUNA 16\classification\subset3\1\1_aug\67_21.npy
1,D:\Doctorat\datasets\LUNA 16\classification\subset3\1\1_aug\67_34.npy
1,D:\Doctorat\datasets\LUNA 16\classification\subset3\1\1_aug\67_40.npy
1,D:\Doctorat\datasets\LUNA 16\classification\subset3\1\1_aug\67_5.npy
1,D:\Doctorat\datasets\LUNA 16\classification\subset3\1\1_aug\68_15.npy
1,D:\Doctorat\datasets\LUNA 16\classification\subset3\1\1_aug\68_19.npy
1,D:\Doctorat\datasets\LUNA 16\classification\subset3\1\1_aug\68_20.npy
1,D:\Doctorat\datasets\LUNA 16\classification\subset3\1\1_aug\68_23.npy
1,D:\Doctorat\datasets\LUNA 16\classification\subset3\1\1_aug\68_25.npy
1,D:\Doctorat\datasets\LUNA 16\classification\subset3\1\1_aug\68_26.npy
1,D:\Doctorat\datasets\LUNA 16\classification\subset3\1\1_aug\68_28.npy
1,D:\Doctorat\datasets\LUNA 16\classification\subset3\1\1_aug\68_3.npy
1,D:\Doctorat\datasets\LUNA 16\classification\subset3\1\1_aug\68_30.npy
1,D:\Doctorat\datasets\LUNA 16\classification\subset3\1\1_aug\68_31.npy
1,D:\Doctorat\datasets\LUNA 16\classification\subset3\1\1_aug\68_32.npy
1,D:\Doctorat\datasets\LUNA 16\classification\subset3\1\1_aug\68_34.npy
1,D:\Doctorat\datasets\LUNA 16\classification\subset3\1\1_aug\68_4.npy
1,D:\Doctorat\datasets\LUNA 16\classification\subset3\1\1_aug\68_40.npy
1,D:\Doctorat\datasets\LUNA 16\classification\subset3\1\1_aug\68_7.npy
1,D:\Doctorat\datasets\LUNA 16\classification\subset3\1\1_aug\69_20.npy
1,D:\Doctorat\datasets\LUNA 16\classification\subset3\1\1_aug\69_24.npy
1,D:\Doctorat\datasets\LUNA 16\classification\subset3\1\1_aug\69_31.npy
1,D:\Doctorat\datasets\LUNA 16\classification\subset3\1\1_aug\69_33.npy
1,D:\Doctorat\datasets\LUNA 16\classification\subset3\1\1_aug\69_34.npy
1,D:\Doctorat\datasets\LUNA 16\classification\subset3\1\1_aug\69_40.npy
1,D:\Doctorat\datasets\LUNA 16\classification\subset3\1\1_aug\69_6.npy
1,D:\Doctorat\datasets\LUNA 16\classification\subset3\1\1_aug\6_13.npy
1,D:\Doctorat\datasets\LUNA 16\classification\subset3\1\1_aug\6_2.npy
1,D:\Doctorat\datasets\LUNA 16\classification\subset3\1\1_aug\6_20.npy
1,D:\Doctorat\datasets\LUNA 16\classification\subset3\1\1_aug\6_27.npy
1,D:\Doctorat\datasets\LUNA 16\classification\subset3\1\1_aug\6_31.npy
1,D:\Doctorat\datasets\LUNA 16\classification\subset3\1\1_aug\6_38.npy
1,D:\Doctorat\datasets\LUNA 16\classification\subset3\1\1_aug\6_5.npy
1,D:\Doctorat\datasets\LUNA 16\classification\subset3\1\1_aug\70_25.npy
1,D:\Doctorat\datasets\LUNA 16\classification\subset3\1\1_aug\70_3.npy
1,D:\Doctorat\datasets\LUNA 16\classification\subset3\1\1_aug\70_38.npy
1,D:\Doctorat\datasets\LUNA 16\classification\subset3\1\1_aug\70_39.npy
1,D:\Doctorat\datasets\LUNA 16\classification\subset3\1\1_aug\70_6.npy
1,D:\Doctorat\datasets\LUNA 16\classification\subset3\1\1_aug\70_8.npy
1,D:\Doctorat\datasets\LUNA 16\classification\subset3\1\1_aug\71_17.npy
1,D:\Doctorat\datasets\LUNA 16\classification\subset3\1\1_aug\71_19.npy
1,D:\Doctorat\datasets\LUNA 16\classification\subset3\1\1_aug\71_2.npy
1,D:\Doctorat\datasets\LUNA 16\classification\subset3\1\1_aug\71_21.npy
1,D:\Doctorat\datasets\LUNA 16\classification\subset3\1\1_aug\71_27.npy
1,D:\Doctorat\datasets\LUNA 16\classification\subset3\1\1_aug\71_3.npy
1,D:\Doctorat\datasets\LUNA 16\classification\subset3\1\1_aug\71_9.npy
1,D:\Doctorat\datasets\LUNA 16\classification\subset3\1\1_aug\72_20.npy
1,D:\Doctorat\datasets\LUNA 16\classification\subset3\1\1_aug\72_26.npy
1,D:\Doctorat\datasets\LUNA 16\classification\subset3\1\1_aug\72_27.npy
1,D:\Doctorat\datasets\LUNA 16\classification\subset3\1\1_aug\72_4.npy
1,D:\Doctorat\datasets\LUNA 16\classification\subset3\1\1_aug\73_22.npy
1,D:\Doctorat\datasets\LUNA 16\classification\subset3\1\1_aug\73_3.npy
1,D:\Doctorat\datasets\LUNA 16\classification\subset3\1\1_aug\73_37.npy
1,D:\Doctorat\datasets\LUNA 16\classification\subset3\1\1_aug\73_38.npy
1,D:\Doctorat\datasets\LUNA 16\classification\subset3\1\1_aug\73_5.npy
1,D:\Doctorat\datasets\LUNA 16\classification\subset3\1\1_aug\74_11.npy
1,D:\Doctorat\datasets\LUNA 16\classification\subset3\1\1_aug\74_13.npy
1,D:\Doctorat\datasets\LUNA 16\classification\subset3\1\1_aug\74_14.npy
1,D:\Doctorat\datasets\LUNA 16\classification\subset3\1\1_aug\74_16.npy
1,D:\Doctorat\datasets\LUNA 16\classification\subset3\1\1_aug\74_20.npy
1,D:\Doctorat\datasets\LUNA 16\classification\subset3\1\1_aug\74_22.npy
1,D:\Doctorat\datasets\LUNA 16\classification\subset3\1\1_aug\74_25.npy
1,D:\Doctorat\datasets\LUNA 16\classification\subset3\1\1_aug\74_28.npy
1,D:\Doctorat\datasets\LUNA 16\classification\subset3\1\1_aug\74_3.npy
1,D:\Doctorat\datasets\LUNA 16\classification\subset3\1\1_aug\74_30.npy
1,D:\Doctorat\datasets\LUNA 16\classification\subset3\1\1_aug\74_31.npy
1,D:\Doctorat\datasets\LUNA 16\classification\subset3\1\1_aug\74_32.npy
1,D:\Doctorat\datasets\LUNA 16\classification\subset3\1\1_aug\74_33.npy
1,D:\Doctorat\datasets\LUNA 16\classification\subset3\1\1_aug\74_4.npy
1,D:\Doctorat\datasets\LUNA 16\classification\subset3\1\1_aug\74_5.npy
1,D:\Doctorat\datasets\LUNA 16\classification\subset3\1\1_aug\75_1.npy
1,D:\Doctorat\datasets\LUNA 16\classification\subset3\1\1_aug\75_10.npy
1,D:\Doctorat\datasets\LUNA 16\classification\subset3\1\1_aug\75_29.npy
1,D:\Doctorat\datasets\LUNA 16\classification\subset3\1\1_aug\75_31.npy
1,D:\Doctorat\datasets\LUNA 16\classification\subset3\1\1_aug\75_32.npy
1,D:\Doctorat\datasets\LUNA 16\classification\subset3\1\1_aug\75_33.npy
1,D:\Doctorat\datasets\LUNA 16\classification\subset3\1\1_aug\75_40.npy
1,D:\Doctorat\datasets\LUNA 16\classification\subset3\1\1_aug\75_8.npy
1,D:\Doctorat\datasets\LUNA 16\classification\subset3\1\1_aug\76_18.npy
1,D:\Doctorat\datasets\LUNA 16\classification\subset3\1\1_aug\76_20.npy
1,D:\Doctorat\datasets\LUNA 16\classification\subset3\1\1_aug\76_31.npy
1,D:\Doctorat\datasets\LUNA 16\classification\subset3\1\1_aug\76_6.npy
1,D:\Doctorat\datasets\LUNA 16\classification\subset3\1\1_aug\76_7.npy
1,D:\Doctorat\datasets\LUNA 16\classification\subset3\1\1_aug\77_1.npy
1,D:\Doctorat\datasets\LUNA 16\classification\subset3\1\1_aug\77_10.npy
1,D:\Doctorat\datasets\LUNA 16\classification\subset3\1\1_aug\77_18.npy
1,D:\Doctorat\datasets\LUNA 16\classification\subset3\1\1_aug\77_19.npy
1,D:\Doctorat\datasets\LUNA 16\classification\subset3\1\1_aug\77_20.npy
1,D:\Doctorat\datasets\LUNA 16\classification\subset3\1\1_aug\77_25.npy
1,D:\Doctorat\datasets\LUNA 16\classification\subset3\1\1_aug\77_4.npy
1,D:\Doctorat\datasets\LUNA 16\classification\subset3\1\1_aug\77_6.npy
1,D:\Doctorat\datasets\LUNA 16\classification\subset3\1\1_aug\78_16.npy
1,D:\Doctorat\datasets\LUNA 16\classification\subset3\1\1_aug\78_19.npy
1,D:\Doctorat\datasets\LUNA 16\classification\subset3\1\1_aug\78_2.npy
1,D:\Doctorat\datasets\LUNA 16\classification\subset3\1\1_aug\78_20.npy
1,D:\Doctorat\datasets\LUNA 16\classification\subset3\1\1_aug\78_22.npy
1,D:\Doctorat\datasets\LUNA 16\classification\subset3\1\1_aug\78_23.npy
1,D:\Doctorat\datasets\LUNA 16\classification\subset3\1\1_aug\78_25.npy
1,D:\Doctorat\datasets\LUNA 16\classification\subset3\1\1_aug\78_33.npy
1,D:\Doctorat\datasets\LUNA 16\classification\subset3\1\1_aug\78_39.npy
1,D:\Doctorat\datasets\LUNA 16\classification\subset3\1\1_aug\78_8.npy
1,D:\Doctorat\datasets\LUNA 16\classification\subset3\1\1_aug\79_16.npy
1,D:\Doctorat\datasets\LUNA 16\classification\subset3\1\1_aug\79_20.npy
1,D:\Doctorat\datasets\LUNA 16\classification\subset3\1\1_aug\79_24.npy
1,D:\Doctorat\datasets\LUNA 16\classification\subset3\1\1_aug\79_27.npy
1,D:\Doctorat\datasets\LUNA 16\classification\subset3\1\1_aug\79_3.npy
1,D:\Doctorat\datasets\LUNA 16\classification\subset3\1\1_aug\79_30.npy
1,D:\Doctorat\datasets\LUNA 16\classification\subset3\1\1_aug\79_37.npy
1,D:\Doctorat\datasets\LUNA 16\classification\subset3\1\1_aug\79_38.npy
1,D:\Doctorat\datasets\LUNA 16\classification\subset3\1\1_aug\7_16.npy
1,D:\Doctorat\datasets\LUNA 16\classification\subset3\1\1_aug\7_17.npy
1,D:\Doctorat\datasets\LUNA 16\classification\subset3\1\1_aug\7_20.npy
1,D:\Doctorat\datasets\LUNA 16\classification\subset3\1\1_aug\7_35.npy
1,D:\Doctorat\datasets\LUNA 16\classification\subset3\1\1_aug\7_5.npy
1,D:\Doctorat\datasets\LUNA 16\classification\subset3\1\1_aug\7_9.npy
1,D:\Doctorat\datasets\LUNA 16\classification\subset3\1\1_aug\80_11.npy
1,D:\Doctorat\datasets\LUNA 16\classification\subset3\1\1_aug\80_13.npy
1,D:\Doctorat\datasets\LUNA 16\classification\subset3\1\1_aug\80_19.npy
1,D:\Doctorat\datasets\LUNA 16\classification\subset3\1\1_aug\80_20.npy
1,D:\Doctorat\datasets\LUNA 16\classification\subset3\1\1_aug\80_22.npy
1,D:\Doctorat\datasets\LUNA 16\classification\subset3\1\1_aug\80_28.npy
1,D:\Doctorat\datasets\LUNA 16\classification\subset3\1\1_aug\80_30.npy
1,D:\Doctorat\datasets\LUNA 16\classification\subset3\1\1_aug\80_33.npy
1,D:\Doctorat\datasets\LUNA 16\classification\subset3\1\1_aug\80_35.npy
1,D:\Doctorat\datasets\LUNA 16\classification\subset3\1\1_aug\80_38.npy
1,D:\Doctorat\datasets\LUNA 16\classification\subset3\1\1_aug\80_40.npy
1,D:\Doctorat\datasets\LUNA 16\classification\subset3\1\1_aug\80_5.npy
1,D:\Doctorat\datasets\LUNA 16\classification\subset3\1\1_aug\80_7.npy
1,D:\Doctorat\datasets\LUNA 16\classification\subset3\1\1_aug\81_14.npy
1,D:\Doctorat\datasets\LUNA 16\classification\subset3\1\1_aug\81_2.npy
1,D:\Doctorat\datasets\LUNA 16\classification\subset3\1\1_aug\81_36.npy
1,D:\Doctorat\datasets\LUNA 16\classification\subset3\1\1_aug\81_37.npy
1,D:\Doctorat\datasets\LUNA 16\classification\subset3\1\1_aug\81_9.npy
1,D:\Doctorat\datasets\LUNA 16\classification\subset3\1\1_aug\82_12.npy
1,D:\Doctorat\datasets\LUNA 16\classification\subset3\1\1_aug\82_19.npy
1,D:\Doctorat\datasets\LUNA 16\classification\subset3\1\1_aug\82_26.npy
1,D:\Doctorat\datasets\LUNA 16\classification\subset3\1\1_aug\82_28.npy
1,D:\Doctorat\datasets\LUNA 16\classification\subset3\1\1_aug\82_35.npy
1,D:\Doctorat\datasets\LUNA 16\classification\subset3\1\1_aug\83_14.npy
1,D:\Doctorat\datasets\LUNA 16\classification\subset3\1\1_aug\83_17.npy
1,D:\Doctorat\datasets\LUNA 16\classification\subset3\1\1_aug\83_21.npy
1,D:\Doctorat\datasets\LUNA 16\classification\subset3\1\1_aug\83_24.npy
1,D:\Doctorat\datasets\LUNA 16\classification\subset3\1\1_aug\83_36.npy
1,D:\Doctorat\datasets\LUNA 16\classification\subset3\1\1_aug\83_38.npy
1,D:\Doctorat\datasets\LUNA 16\classification\subset3\1\1_aug\84_1.npy
1,D:\Doctorat\datasets\LUNA 16\classification\subset3\1\1_aug\84_18.npy
1,D:\Doctorat\datasets\LUNA 16\classification\subset3\1\1_aug\84_21.npy
1,D:\Doctorat\datasets\LUNA 16\classification\subset3\1\1_aug\84_28.npy
1,D:\Doctorat\datasets\LUNA 16\classification\subset3\1\1_aug\84_3.npy
1,D:\Doctorat\datasets\LUNA 16\classification\subset3\1\1_aug\84_32.npy
1,D:\Doctorat\datasets\LUNA 16\classification\subset3\1\1_aug\84_33.npy
1,D:\Doctorat\datasets\LUNA 16\classification\subset3\1\1_aug\84_40.npy
1,D:\Doctorat\datasets\LUNA 16\classification\subset3\1\1_aug\84_9.npy
1,D:\Doctorat\datasets\LUNA 16\classification\subset3\1\1_aug\85_10.npy
1,D:\Doctorat\datasets\LUNA 16\classification\subset3\1\1_aug\85_15.npy
1,D:\Doctorat\datasets\LUNA 16\classification\subset3\1\1_aug\85_17.npy
1,D:\Doctorat\datasets\LUNA 16\classification\subset3\1\1_aug\85_20.npy
1,D:\Doctorat\datasets\LUNA 16\classification\subset3\1\1_aug\85_33.npy
1,D:\Doctorat\datasets\LUNA 16\classification\subset3\1\1_aug\85_5.npy
1,D:\Doctorat\datasets\LUNA 16\classification\subset3\1\1_aug\86_14.npy
1,D:\Doctorat\datasets\LUNA 16\classification\subset3\1\1_aug\86_17.npy
1,D:\Doctorat\datasets\LUNA 16\classification\subset3\1\1_aug\86_21.npy
1,D:\Doctorat\datasets\LUNA 16\classification\subset3\1\1_aug\86_25.npy
1,D:\Doctorat\datasets\LUNA 16\classification\subset3\1\1_aug\86_28.npy
1,D:\Doctorat\datasets\LUNA 16\classification\subset3\1\1_aug\86_36.npy
1,D:\Doctorat\datasets\LUNA 16\classification\subset3\1\1_aug\86_38.npy
1,D:\Doctorat\datasets\LUNA 16\classification\subset3\1\1_aug\86_7.npy
1,D:\Doctorat\datasets\LUNA 16\classification\subset3\1\1_aug\87_13.npy
1,D:\Doctorat\datasets\LUNA 16\classification\subset3\1\1_aug\87_14.npy
1,D:\Doctorat\datasets\LUNA 16\classification\subset3\1\1_aug\87_15.npy
1,D:\Doctorat\datasets\LUNA 16\classification\subset3\1\1_aug\87_16.npy
1,D:\Doctorat\datasets\LUNA 16\classification\subset3\1\1_aug\87_2.npy
1,D:\Doctorat\datasets\LUNA 16\classification\subset3\1\1_aug\87_22.npy
1,D:\Doctorat\datasets\LUNA 16\classification\subset3\1\1_aug\87_26.npy
1,D:\Doctorat\datasets\LUNA 16\classification\subset3\1\1_aug\87_29.npy
1,D:\Doctorat\datasets\LUNA 16\classification\subset3\1\1_aug\87_36.npy
1,D:\Doctorat\datasets\LUNA 16\classification\subset3\1\1_aug\87_37.npy
1,D:\Doctorat\datasets\LUNA 16\classification\subset3\1\1_aug\87_6.npy
1,D:\Doctorat\datasets\LUNA 16\classification\subset3\1\1_aug\88_11.npy
1,D:\Doctorat\datasets\LUNA 16\classification\subset3\1\1_aug\88_13.npy
1,D:\Doctorat\datasets\LUNA 16\classification\subset3\1\1_aug\88_17.npy
1,D:\Doctorat\datasets\LUNA 16\classification\subset3\1\1_aug\88_18.npy
1,D:\Doctorat\datasets\LUNA 16\classification\subset3\1\1_aug\88_22.npy
1,D:\Doctorat\datasets\LUNA 16\classification\subset3\1\1_aug\88_25.npy
1,D:\Doctorat\datasets\LUNA 16\classification\subset3\1\1_aug\88_30.npy
1,D:\Doctorat\datasets\LUNA 16\classification\subset3\1\1_aug\88_5.npy
1,D:\Doctorat\datasets\LUNA 16\classification\subset3\1\1_aug\89_16.npy
1,D:\Doctorat\datasets\LUNA 16\classification\subset3\1\1_aug\89_18.npy
1,D:\Doctorat\datasets\LUNA 16\classification\subset3\1\1_aug\89_21.npy
1,D:\Doctorat\datasets\LUNA 16\classification\subset3\1\1_aug\89_26.npy
1,D:\Doctorat\datasets\LUNA 16\classification\subset3\1\1_aug\89_29.npy
1,D:\Doctorat\datasets\LUNA 16\classification\subset3\1\1_aug\89_33.npy
1,D:\Doctorat\datasets\LUNA 16\classification\subset3\1\1_aug\89_35.npy
1,D:\Doctorat\datasets\LUNA 16\classification\subset3\1\1_aug\89_37.npy
1,D:\Doctorat\datasets\LUNA 16\classification\subset3\1\1_aug\89_4.npy
1,D:\Doctorat\datasets\LUNA 16\classification\subset3\1\1_aug\89_6.npy
1,D:\Doctorat\datasets\LUNA 16\classification\subset3\1\1_aug\89_7.npy
1,D:\Doctorat\datasets\LUNA 16\classification\subset3\1\1_aug\8_14.npy
1,D:\Doctorat\datasets\LUNA 16\classification\subset3\1\1_aug\8_16.npy
1,D:\Doctorat\datasets\LUNA 16\classification\subset3\1\1_aug\8_18.npy
1,D:\Doctorat\datasets\LUNA 16\classification\subset3\1\1_aug\8_28.npy
1,D:\Doctorat\datasets\LUNA 16\classification\subset3\1\1_aug\8_37.npy
1,D:\Doctorat\datasets\LUNA 16\classification\subset3\1\1_aug\8_39.npy
1,D:\Doctorat\datasets\LUNA 16\classification\subset3\1\1_aug\90_1.npy
1,D:\Doctorat\datasets\LUNA 16\classification\subset3\1\1_aug\90_18.npy
1,D:\Doctorat\datasets\LUNA 16\classification\subset3\1\1_aug\90_2.npy
1,D:\Doctorat\datasets\LUNA 16\classification\subset3\1\1_aug\90_26.npy
1,D:\Doctorat\datasets\LUNA 16\classification\subset3\1\1_aug\90_27.npy
1,D:\Doctorat\datasets\LUNA 16\classification\subset3\1\1_aug\90_34.npy
1,D:\Doctorat\datasets\LUNA 16\classification\subset3\1\1_aug\90_37.npy
1,D:\Doctorat\datasets\LUNA 16\classification\subset3\1\1_aug\90_8.npy
1,D:\Doctorat\datasets\LUNA 16\classification\subset3\1\1_aug\91_1.npy
1,D:\Doctorat\datasets\LUNA 16\classification\subset3\1\1_aug\91_11.npy
1,D:\Doctorat\datasets\LUNA 16\classification\subset3\1\1_aug\91_19.npy
1,D:\Doctorat\datasets\LUNA 16\classification\subset3\1\1_aug\91_2.npy
1,D:\Doctorat\datasets\LUNA 16\classification\subset3\1\1_aug\91_25.npy
1,D:\Doctorat\datasets\LUNA 16\classification\subset3\1\1_aug\91_27.npy
1,D:\Doctorat\datasets\LUNA 16\classification\subset3\1\1_aug\91_5.npy
1,D:\Doctorat\datasets\LUNA 16\classification\subset3\1\1_aug\92_13.npy
1,D:\Doctorat\datasets\LUNA 16\classification\subset3\1\1_aug\92_15.npy
1,D:\Doctorat\datasets\LUNA 16\classification\subset3\1\1_aug\92_2.npy
1,D:\Doctorat\datasets\LUNA 16\classification\subset3\1\1_aug\92_20.npy
1,D:\Doctorat\datasets\LUNA 16\classification\subset3\1\1_aug\92_21.npy
1,D:\Doctorat\datasets\LUNA 16\classification\subset3\1\1_aug\92_4.npy
1,D:\Doctorat\datasets\LUNA 16\classification\subset3\1\1_aug\92_40.npy
1,D:\Doctorat\datasets\LUNA 16\classification\subset3\1\1_aug\92_8.npy
1,D:\Doctorat\datasets\LUNA 16\classification\subset3\1\1_aug\93_14.npy
1,D:\Doctorat\datasets\LUNA 16\classification\subset3\1\1_aug\93_25.npy
1,D:\Doctorat\datasets\LUNA 16\classification\subset3\1\1_aug\93_30.npy
1,D:\Doctorat\datasets\LUNA 16\classification\subset3\1\1_aug\93_33.npy
1,D:\Doctorat\datasets\LUNA 16\classification\subset3\1\1_aug\93_37.npy
1,D:\Doctorat\datasets\LUNA 16\classification\subset3\1\1_aug\93_39.npy
1,D:\Doctorat\datasets\LUNA 16\classification\subset3\1\1_aug\93_9.npy
1,D:\Doctorat\datasets\LUNA 16\classification\subset3\1\1_aug\94_14.npy
1,D:\Doctorat\datasets\LUNA 16\classification\subset3\1\1_aug\94_15.npy
1,D:\Doctorat\datasets\LUNA 16\classification\subset3\1\1_aug\94_2.npy
1,D:\Doctorat\datasets\LUNA 16\classification\subset3\1\1_aug\94_22.npy
1,D:\Doctorat\datasets\LUNA 16\classification\subset3\1\1_aug\94_25.npy
1,D:\Doctorat\datasets\LUNA 16\classification\subset3\1\1_aug\94_28.npy
1,D:\Doctorat\datasets\LUNA 16\classification\subset3\1\1_aug\94_33.npy
1,D:\Doctorat\datasets\LUNA 16\classification\subset3\1\1_aug\94_36.npy
1,D:\Doctorat\datasets\LUNA 16\classification\subset3\1\1_aug\94_37.npy
1,D:\Doctorat\datasets\LUNA 16\classification\subset3\1\1_aug\94_4.npy
1,D:\Doctorat\datasets\LUNA 16\classification\subset3\1\1_aug\94_5.npy
1,D:\Doctorat\datasets\LUNA 16\classification\subset3\1\1_aug\94_8.npy
1,D:\Doctorat\datasets\LUNA 16\classification\subset3\1\1_aug\95_11.npy
1,D:\Doctorat\datasets\LUNA 16\classification\subset3\1\1_aug\95_12.npy
1,D:\Doctorat\datasets\LUNA 16\classification\subset3\1\1_aug\95_15.npy
1,D:\Doctorat\datasets\LUNA 16\classification\subset3\1\1_aug\95_16.npy
1,D:\Doctorat\datasets\LUNA 16\classification\subset3\1\1_aug\95_24.npy
1,D:\Doctorat\datasets\LUNA 16\classification\subset3\1\1_aug\95_25.npy
1,D:\Doctorat\datasets\LUNA 16\classification\subset3\1\1_aug\95_30.npy
1,D:\Doctorat\datasets\LUNA 16\classification\subset3\1\1_aug\95_32.npy
1,D:\Doctorat\datasets\LUNA 16\classification\subset3\1\1_aug\95_38.npy
1,D:\Doctorat\datasets\LUNA 16\classification\subset3\1\1_aug\96_16.npy
1,D:\Doctorat\datasets\LUNA 16\classification\subset3\1\1_aug\96_22.npy
1,D:\Doctorat\datasets\LUNA 16\classification\subset3\1\1_aug\96_27.npy
1,D:\Doctorat\datasets\LUNA 16\classification\subset3\1\1_aug\96_29.npy
1,D:\Doctorat\datasets\LUNA 16\classification\subset3\1\1_aug\96_32.npy
1,D:\Doctorat\datasets\LUNA 16\classification\subset3\1\1_aug\96_36.npy
1,D:\Doctorat\datasets\LUNA 16\classification\subset3\1\1_aug\96_40.npy
1,D:\Doctorat\datasets\LUNA 16\classification\subset3\1\1_aug\97_15.npy
1,D:\Doctorat\datasets\LUNA 16\classification\subset3\1\1_aug\97_19.npy
1,D:\Doctorat\datasets\LUNA 16\classification\subset3\1\1_aug\97_21.npy
1,D:\Doctorat\datasets\LUNA 16\classification\subset3\1\1_aug\97_22.npy
1,D:\Doctorat\datasets\LUNA 16\classification\subset3\1\1_aug\97_34.npy
1,D:\Doctorat\datasets\LUNA 16\classification\subset3\1\1_aug\97_4.npy
1,D:\Doctorat\datasets\LUNA 16\classification\subset3\1\1_aug\98_1.npy
1,D:\Doctorat\datasets\LUNA 16\classification\subset3\1\1_aug\98_15.npy
1,D:\Doctorat\datasets\LUNA 16\classification\subset3\1\1_aug\98_23.npy
1,D:\Doctorat\datasets\LUNA 16\classification\subset3\1\1_aug\98_29.npy
1,D:\Doctorat\datasets\LUNA 16\classification\subset3\1\1_aug\98_5.npy
1,D:\Doctorat\datasets\LUNA 16\classification\subset3\1\1_aug\98_7.npy
1,D:\Doctorat\datasets\LUNA 16\classification\subset3\1\1_aug\99_11.npy
1,D:\Doctorat\datasets\LUNA 16\classification\subset3\1\1_aug\99_13.npy
1,D:\Doctorat\datasets\LUNA 16\classification\subset3\1\1_aug\99_18.npy
1,D:\Doctorat\datasets\LUNA 16\classification\subset3\1\1_aug\99_23.npy
1,D:\Doctorat\datasets\LUNA 16\classification\subset3\1\1_aug\99_34.npy
1,D:\Doctorat\datasets\LUNA 16\classification\subset3\1\1_aug\99_35.npy
1,D:\Doctorat\datasets\LUNA 16\classification\subset3\1\1_aug\99_38.npy
1,D:\Doctorat\datasets\LUNA 16\classification\subset3\1\1_aug\99_40.npy
1,D:\Doctorat\datasets\LUNA 16\classification\subset3\1\1_aug\9_1.npy
1,D:\Doctorat\datasets\LUNA 16\classification\subset3\1\1_aug\9_19.npy
1,D:\Doctorat\datasets\LUNA 16\classification\subset3\1\1_aug\9_2.npy
1,D:\Doctorat\datasets\LUNA 16\classification\subset3\1\1_aug\9_24.npy
1,D:\Doctorat\datasets\LUNA 16\classification\subset3\1\1_aug\9_25.npy
1,D:\Doctorat\datasets\LUNA 16\classification\subset3\1\1_aug\9_30.npy
1,D:\Doctorat\datasets\LUNA 16\classification\subset3\1\1_aug\9_35.npy
1,D:\Doctorat\datasets\LUNA 16\classification\subset3\1\1_aug\9_39.npy
1,D:\Doctorat\datasets\LUNA 16\classification\subset3\1\1_aug\9_40.npy
1,D:\Doctorat\datasets\LUNA 16\classification\subset3\1\1_aug\9_9.npy
1,D:\Doctorat\datasets\LUNA 16\classification\subset4\1\1_aug\0_10.npy
1,D:\Doctorat\datasets\LUNA 16\classification\subset4\1\1_aug\0_11.npy
1,D:\Doctorat\datasets\LUNA 16\classification\subset4\1\1_aug\0_14.npy
1,D:\Doctorat\datasets\LUNA 16\classification\subset4\1\1_aug\0_3.npy
1,D:\Doctorat\datasets\LUNA 16\classification\subset4\1\1_aug\0_39.npy
1,D:\Doctorat\datasets\LUNA 16\classification\subset4\1\1_aug\0_4.npy
1,D:\Doctorat\datasets\LUNA 16\classification\subset4\1\1_aug\0_6.npy
1,D:\Doctorat\datasets\LUNA 16\classification\subset4\1\1_aug\100_1.npy
1,D:\Doctorat\datasets\LUNA 16\classification\subset4\1\1_aug\100_13.npy
1,D:\Doctorat\datasets\LUNA 16\classification\subset4\1\1_aug\100_17.npy
1,D:\Doctorat\datasets\LUNA 16\classification\subset4\1\1_aug\100_29.npy
1,D:\Doctorat\datasets\LUNA 16\classification\subset4\1\1_aug\100_31.npy
1,D:\Doctorat\datasets\LUNA 16\classification\subset4\1\1_aug\100_40.npy
1,D:\Doctorat\datasets\LUNA 16\classification\subset4\1\1_aug\100_9.npy
1,D:\Doctorat\datasets\LUNA 16\classification\subset4\1\1_aug\101_12.npy
1,D:\Doctorat\datasets\LUNA 16\classification\subset4\1\1_aug\101_16.npy
1,D:\Doctorat\datasets\LUNA 16\classification\subset4\1\1_aug\101_27.npy
1,D:\Doctorat\datasets\LUNA 16\classification\subset4\1\1_aug\101_3.npy
1,D:\Doctorat\datasets\LUNA 16\classification\subset4\1\1_aug\101_34.npy
1,D:\Doctorat\datasets\LUNA 16\classification\subset4\1\1_aug\101_8.npy
1,D:\Doctorat\datasets\LUNA 16\classification\subset4\1\1_aug\102_13.npy
1,D:\Doctorat\datasets\LUNA 16\classification\subset4\1\1_aug\102_23.npy
1,D:\Doctorat\datasets\LUNA 16\classification\subset4\1\1_aug\102_24.npy
1,D:\Doctorat\datasets\LUNA 16\classification\subset4\1\1_aug\102_27.npy
1,D:\Doctorat\datasets\LUNA 16\classification\subset4\1\1_aug\103_1.npy
1,D:\Doctorat\datasets\LUNA 16\classification\subset4\1\1_aug\103_18.npy
1,D:\Doctorat\datasets\LUNA 16\classification\subset4\1\1_aug\103_22.npy
1,D:\Doctorat\datasets\LUNA 16\classification\subset4\1\1_aug\103_27.npy
1,D:\Doctorat\datasets\LUNA 16\classification\subset4\1\1_aug\103_34.npy
1,D:\Doctorat\datasets\LUNA 16\classification\subset4\1\1_aug\103_37.npy
1,D:\Doctorat\datasets\LUNA 16\classification\subset4\1\1_aug\103_38.npy
1,D:\Doctorat\datasets\LUNA 16\classification\subset4\1\1_aug\103_5.npy
1,D:\Doctorat\datasets\LUNA 16\classification\subset4\1\1_aug\103_6.npy
1,D:\Doctorat\datasets\LUNA 16\classification\subset4\1\1_aug\103_7.npy
1,D:\Doctorat\datasets\LUNA 16\classification\subset4\1\1_aug\104_13.npy
1,D:\Doctorat\datasets\LUNA 16\classification\subset4\1\1_aug\104_15.npy
1,D:\Doctorat\datasets\LUNA 16\classification\subset4\1\1_aug\104_19.npy
1,D:\Doctorat\datasets\LUNA 16\classification\subset4\1\1_aug\104_2.npy
1,D:\Doctorat\datasets\LUNA 16\classification\subset4\1\1_aug\104_23.npy
1,D:\Doctorat\datasets\LUNA 16\classification\subset4\1\1_aug\104_24.npy
1,D:\Doctorat\datasets\LUNA 16\classification\subset4\1\1_aug\104_25.npy
1,D:\Doctorat\datasets\LUNA 16\classification\subset4\1\1_aug\104_5.npy
1,D:\Doctorat\datasets\LUNA 16\classification\subset4\1\1_aug\104_8.npy
1,D:\Doctorat\datasets\LUNA 16\classification\subset4\1\1_aug\105_12.npy
1,D:\Doctorat\datasets\LUNA 16\classification\subset4\1\1_aug\105_26.npy
1,D:\Doctorat\datasets\LUNA 16\classification\subset4\1\1_aug\105_3.npy
1,D:\Doctorat\datasets\LUNA 16\classification\subset4\1\1_aug\106_18.npy
1,D:\Doctorat\datasets\LUNA 16\classification\subset4\1\1_aug\106_2.npy
1,D:\Doctorat\datasets\LUNA 16\classification\subset4\1\1_aug\106_21.npy
1,D:\Doctorat\datasets\LUNA 16\classification\subset4\1\1_aug\106_33.npy
1,D:\Doctorat\datasets\LUNA 16\classification\subset4\1\1_aug\106_35.npy
1,D:\Doctorat\datasets\LUNA 16\classification\subset4\1\1_aug\106_36.npy
1,D:\Doctorat\datasets\LUNA 16\classification\subset4\1\1_aug\106_38.npy
1,D:\Doctorat\datasets\LUNA 16\classification\subset4\1\1_aug\106_5.npy
1,D:\Doctorat\datasets\LUNA 16\classification\subset4\1\1_aug\107_10.npy
1,D:\Doctorat\datasets\LUNA 16\classification\subset4\1\1_aug\107_14.npy
1,D:\Doctorat\datasets\LUNA 16\classification\subset4\1\1_aug\107_17.npy
1,D:\Doctorat\datasets\LUNA 16\classification\subset4\1\1_aug\107_19.npy
1,D:\Doctorat\datasets\LUNA 16\classification\subset4\1\1_aug\107_23.npy
1,D:\Doctorat\datasets\LUNA 16\classification\subset4\1\1_aug\107_25.npy
1,D:\Doctorat\datasets\LUNA 16\classification\subset4\1\1_aug\107_28.npy
1,D:\Doctorat\datasets\LUNA 16\classification\subset4\1\1_aug\107_3.npy
1,D:\Doctorat\datasets\LUNA 16\classification\subset4\1\1_aug\107_31.npy
1,D:\Doctorat\datasets\LUNA 16\classification\subset4\1\1_aug\107_32.npy
1,D:\Doctorat\datasets\LUNA 16\classification\subset4\1\1_aug\107_37.npy
1,D:\Doctorat\datasets\LUNA 16\classification\subset4\1\1_aug\108_1.npy
1,D:\Doctorat\datasets\LUNA 16\classification\subset4\1\1_aug\108_11.npy
1,D:\Doctorat\datasets\LUNA 16\classification\subset4\1\1_aug\108_15.npy
1,D:\Doctorat\datasets\LUNA 16\classification\subset4\1\1_aug\108_22.npy
1,D:\Doctorat\datasets\LUNA 16\classification\subset4\1\1_aug\108_3.npy
1,D:\Doctorat\datasets\LUNA 16\classification\subset4\1\1_aug\108_35.npy
1,D:\Doctorat\datasets\LUNA 16\classification\subset4\1\1_aug\108_36.npy
1,D:\Doctorat\datasets\LUNA 16\classification\subset4\1\1_aug\109_14.npy
1,D:\Doctorat\datasets\LUNA 16\classification\subset4\1\1_aug\109_20.npy
1,D:\Doctorat\datasets\LUNA 16\classification\subset4\1\1_aug\109_3.npy
1,D:\Doctorat\datasets\LUNA 16\classification\subset4\1\1_aug\109_33.npy
1,D:\Doctorat\datasets\LUNA 16\classification\subset4\1\1_aug\109_6.npy
1,D:\Doctorat\datasets\LUNA 16\classification\subset4\1\1_aug\10_10.npy
1,D:\Doctorat\datasets\LUNA 16\classification\subset4\1\1_aug\10_18.npy
1,D:\Doctorat\datasets\LUNA 16\classification\subset4\1\1_aug\10_19.npy
1,D:\Doctorat\datasets\LUNA 16\classification\subset4\1\1_aug\10_22.npy
1,D:\Doctorat\datasets\LUNA 16\classification\subset4\1\1_aug\10_26.npy
1,D:\Doctorat\datasets\LUNA 16\classification\subset4\1\1_aug\10_3.npy
1,D:\Doctorat\datasets\LUNA 16\classification\subset4\1\1_aug\10_33.npy
1,D:\Doctorat\datasets\LUNA 16\classification\subset4\1\1_aug\10_36.npy
1,D:\Doctorat\datasets\LUNA 16\classification\subset4\1\1_aug\10_37.npy
1,D:\Doctorat\datasets\LUNA 16\classification\subset4\1\1_aug\10_40.npy
1,D:\Doctorat\datasets\LUNA 16\classification\subset4\1\1_aug\10_8.npy
1,D:\Doctorat\datasets\LUNA 16\classification\subset4\1\1_aug\110_21.npy
1,D:\Doctorat\datasets\LUNA 16\classification\subset4\1\1_aug\110_25.npy
1,D:\Doctorat\datasets\LUNA 16\classification\subset4\1\1_aug\110_31.npy
1,D:\Doctorat\datasets\LUNA 16\classification\subset4\1\1_aug\110_33.npy
1,D:\Doctorat\datasets\LUNA 16\classification\subset4\1\1_aug\110_36.npy
1,D:\Doctorat\datasets\LUNA 16\classification\subset4\1\1_aug\110_38.npy
1,D:\Doctorat\datasets\LUNA 16\classification\subset4\1\1_aug\110_8.npy
1,D:\Doctorat\datasets\LUNA 16\classification\subset4\1\1_aug\111_24.npy
1,D:\Doctorat\datasets\LUNA 16\classification\subset4\1\1_aug\111_34.npy
1,D:\Doctorat\datasets\LUNA 16\classification\subset4\1\1_aug\111_37.npy
1,D:\Doctorat\datasets\LUNA 16\classification\subset4\1\1_aug\111_38.npy
1,D:\Doctorat\datasets\LUNA 16\classification\subset4\1\1_aug\111_7.npy
1,D:\Doctorat\datasets\LUNA 16\classification\subset4\1\1_aug\112_13.npy
1,D:\Doctorat\datasets\LUNA 16\classification\subset4\1\1_aug\112_14.npy
1,D:\Doctorat\datasets\LUNA 16\classification\subset4\1\1_aug\112_19.npy
1,D:\Doctorat\datasets\LUNA 16\classification\subset4\1\1_aug\112_3.npy
1,D:\Doctorat\datasets\LUNA 16\classification\subset4\1\1_aug\112_30.npy
1,D:\Doctorat\datasets\LUNA 16\classification\subset4\1\1_aug\112_7.npy
1,D:\Doctorat\datasets\LUNA 16\classification\subset4\1\1_aug\113_18.npy
1,D:\Doctorat\datasets\LUNA 16\classification\subset4\1\1_aug\113_2.npy
1,D:\Doctorat\datasets\LUNA 16\classification\subset4\1\1_aug\113_22.npy
1,D:\Doctorat\datasets\LUNA 16\classification\subset4\1\1_aug\113_27.npy
1,D:\Doctorat\datasets\LUNA 16\classification\subset4\1\1_aug\113_29.npy
1,D:\Doctorat\datasets\LUNA 16\classification\subset4\1\1_aug\113_3.npy
1,D:\Doctorat\datasets\LUNA 16\classification\subset4\1\1_aug\113_6.npy
1,D:\Doctorat\datasets\LUNA 16\classification\subset4\1\1_aug\113_9.npy
1,D:\Doctorat\datasets\LUNA 16\classification\subset4\1\1_aug\114_1.npy
1,D:\Doctorat\datasets\LUNA 16\classification\subset4\1\1_aug\114_13.npy
1,D:\Doctorat\datasets\LUNA 16\classification\subset4\1\1_aug\114_16.npy
1,D:\Doctorat\datasets\LUNA 16\classification\subset4\1\1_aug\114_17.npy
1,D:\Doctorat\datasets\LUNA 16\classification\subset4\1\1_aug\114_24.npy
1,D:\Doctorat\datasets\LUNA 16\classification\subset4\1\1_aug\114_25.npy
1,D:\Doctorat\datasets\LUNA 16\classification\subset4\1\1_aug\114_7.npy
1,D:\Doctorat\datasets\LUNA 16\classification\subset4\1\1_aug\115_1.npy
1,D:\Doctorat\datasets\LUNA 16\classification\subset4\1\1_aug\115_11.npy
1,D:\Doctorat\datasets\LUNA 16\classification\subset4\1\1_aug\115_16.npy
1,D:\Doctorat\datasets\LUNA 16\classification\subset4\1\1_aug\115_26.npy
1,D:\Doctorat\datasets\LUNA 16\classification\subset4\1\1_aug\115_28.npy
1,D:\Doctorat\datasets\LUNA 16\classification\subset4\1\1_aug\115_31.npy
1,D:\Doctorat\datasets\LUNA 16\classification\subset4\1\1_aug\115_40.npy
1,D:\Doctorat\datasets\LUNA 16\classification\subset4\1\1_aug\115_6.npy
1,D:\Doctorat\datasets\LUNA 16\classification\subset4\1\1_aug\115_7.npy
1,D:\Doctorat\datasets\LUNA 16\classification\subset4\1\1_aug\116_1.npy
1,D:\Doctorat\datasets\LUNA 16\classification\subset4\1\1_aug\116_16.npy
1,D:\Doctorat\datasets\LUNA 16\classification\subset4\1\1_aug\116_34.npy
1,D:\Doctorat\datasets\LUNA 16\classification\subset4\1\1_aug\116_37.npy
1,D:\Doctorat\datasets\LUNA 16\classification\subset4\1\1_aug\116_5.npy
1,D:\Doctorat\datasets\LUNA 16\classification\subset4\1\1_aug\116_7.npy
1,D:\Doctorat\datasets\LUNA 16\classification\subset4\1\1_aug\116_9.npy
1,D:\Doctorat\datasets\LUNA 16\classification\subset4\1\1_aug\117_13.npy
1,D:\Doctorat\datasets\LUNA 16\classification\subset4\1\1_aug\117_19.npy
1,D:\Doctorat\datasets\LUNA 16\classification\subset4\1\1_aug\117_23.npy
1,D:\Doctorat\datasets\LUNA 16\classification\subset4\1\1_aug\117_25.npy
1,D:\Doctorat\datasets\LUNA 16\classification\subset4\1\1_aug\117_26.npy
1,D:\Doctorat\datasets\LUNA 16\classification\subset4\1\1_aug\117_30.npy
1,D:\Doctorat\datasets\LUNA 16\classification\subset4\1\1_aug\117_34.npy
1,D:\Doctorat\datasets\LUNA 16\classification\subset4\1\1_aug\117_5.npy
1,D:\Doctorat\datasets\LUNA 16\classification\subset4\1\1_aug\117_6.npy
1,D:\Doctorat\datasets\LUNA 16\classification\subset4\1\1_aug\117_7.npy
1,D:\Doctorat\datasets\LUNA 16\classification\subset4\1\1_aug\118_10.npy
1,D:\Doctorat\datasets\LUNA 16\classification\subset4\1\1_aug\118_11.npy
1,D:\Doctorat\datasets\LUNA 16\classification\subset4\1\1_aug\118_25.npy
1,D:\Doctorat\datasets\LUNA 16\classification\subset4\1\1_aug\118_31.npy
1,D:\Doctorat\datasets\LUNA 16\classification\subset4\1\1_aug\118_6.npy
1,D:\Doctorat\datasets\LUNA 16\classification\subset4\1\1_aug\118_8.npy
1,D:\Doctorat\datasets\LUNA 16\classification\subset4\1\1_aug\119_19.npy
1,D:\Doctorat\datasets\LUNA 16\classification\subset4\1\1_aug\119_2.npy
1,D:\Doctorat\datasets\LUNA 16\classification\subset4\1\1_aug\119_22.npy
1,D:\Doctorat\datasets\LUNA 16\classification\subset4\1\1_aug\119_27.npy
1,D:\Doctorat\datasets\LUNA 16\classification\subset4\1\1_aug\119_3.npy
1,D:\Doctorat\datasets\LUNA 16\classification\subset4\1\1_aug\119_34.npy
1,D:\Doctorat\datasets\LUNA 16\classification\subset4\1\1_aug\119_38.npy
1,D:\Doctorat\datasets\LUNA 16\classification\subset4\1\1_aug\119_7.npy
1,D:\Doctorat\datasets\LUNA 16\classification\subset4\1\1_aug\119_8.npy
1,D:\Doctorat\datasets\LUNA 16\classification\subset4\1\1_aug\119_9.npy
1,D:\Doctorat\datasets\LUNA 16\classification\subset4\1\1_aug\11_1.npy
1,D:\Doctorat\datasets\LUNA 16\classification\subset4\1\1_aug\11_16.npy
1,D:\Doctorat\datasets\LUNA 16\classification\subset4\1\1_aug\11_20.npy
1,D:\Doctorat\datasets\LUNA 16\classification\subset4\1\1_aug\11_22.npy
1,D:\Doctorat\datasets\LUNA 16\classification\subset4\1\1_aug\11_25.npy
1,D:\Doctorat\datasets\LUNA 16\classification\subset4\1\1_aug\11_31.npy
1,D:\Doctorat\datasets\LUNA 16\classification\subset4\1\1_aug\11_39.npy
1,D:\Doctorat\datasets\LUNA 16\classification\subset4\1\1_aug\11_4.npy
1,D:\Doctorat\datasets\LUNA 16\classification\subset4\1\1_aug\120_22.npy
1,D:\Doctorat\datasets\LUNA 16\classification\subset4\1\1_aug\120_25.npy
1,D:\Doctorat\datasets\LUNA 16\classification\subset4\1\1_aug\120_3.npy
1,D:\Doctorat\datasets\LUNA 16\classification\subset4\1\1_aug\120_31.npy
1,D:\Doctorat\datasets\LUNA 16\classification\subset4\1\1_aug\120_33.npy
1,D:\Doctorat\datasets\LUNA 16\classification\subset4\1\1_aug\120_37.npy
1,D:\Doctorat\datasets\LUNA 16\classification\subset4\1\1_aug\121_14.npy
1,D:\Doctorat\datasets\LUNA 16\classification\subset4\1\1_aug\121_19.npy
1,D:\Doctorat\datasets\LUNA 16\classification\subset4\1\1_aug\121_28.npy
1,D:\Doctorat\datasets\LUNA 16\classification\subset4\1\1_aug\121_31.npy
1,D:\Doctorat\datasets\LUNA 16\classification\subset4\1\1_aug\121_35.npy
1,D:\Doctorat\datasets\LUNA 16\classification\subset4\1\1_aug\121_6.npy
1,D:\Doctorat\datasets\LUNA 16\classification\subset4\1\1_aug\122_14.npy
1,D:\Doctorat\datasets\LUNA 16\classification\subset4\1\1_aug\122_27.npy
1,D:\Doctorat\datasets\LUNA 16\classification\subset4\1\1_aug\122_29.npy
1,D:\Doctorat\datasets\LUNA 16\classification\subset4\1\1_aug\122_3.npy
1,D:\Doctorat\datasets\LUNA 16\classification\subset4\1\1_aug\122_33.npy
1,D:\Doctorat\datasets\LUNA 16\classification\subset4\1\1_aug\122_37.npy
1,D:\Doctorat\datasets\LUNA 16\classification\subset4\1\1_aug\122_39.npy
1,D:\Doctorat\datasets\LUNA 16\classification\subset4\1\1_aug\122_8.npy
1,D:\Doctorat\datasets\LUNA 16\classification\subset4\1\1_aug\123_11.npy
1,D:\Doctorat\datasets\LUNA 16\classification\subset4\1\1_aug\123_2.npy
1,D:\Doctorat\datasets\LUNA 16\classification\subset4\1\1_aug\123_24.npy
1,D:\Doctorat\datasets\LUNA 16\classification\subset4\1\1_aug\123_27.npy
1,D:\Doctorat\datasets\LUNA 16\classification\subset4\1\1_aug\123_28.npy
1,D:\Doctorat\datasets\LUNA 16\classification\subset4\1\1_aug\123_30.npy
1,D:\Doctorat\datasets\LUNA 16\classification\subset4\1\1_aug\123_35.npy
1,D:\Doctorat\datasets\LUNA 16\classification\subset4\1\1_aug\123_4.npy
1,D:\Doctorat\datasets\LUNA 16\classification\subset4\1\1_aug\124_10.npy
1,D:\Doctorat\datasets\LUNA 16\classification\subset4\1\1_aug\124_14.npy
1,D:\Doctorat\datasets\LUNA 16\classification\subset4\1\1_aug\124_2.npy
1,D:\Doctorat\datasets\LUNA 16\classification\subset4\1\1_aug\124_24.npy
1,D:\Doctorat\datasets\LUNA 16\classification\subset4\1\1_aug\125_12.npy
1,D:\Doctorat\datasets\LUNA 16\classification\subset4\1\1_aug\125_13.npy
1,D:\Doctorat\datasets\LUNA 16\classification\subset4\1\1_aug\125_19.npy
1,D:\Doctorat\datasets\LUNA 16\classification\subset4\1\1_aug\125_2.npy
1,D:\Doctorat\datasets\LUNA 16\classification\subset4\1\1_aug\125_26.npy
1,D:\Doctorat\datasets\LUNA 16\classification\subset4\1\1_aug\125_37.npy
1,D:\Doctorat\datasets\LUNA 16\classification\subset4\1\1_aug\125_7.npy
1,D:\Doctorat\datasets\LUNA 16\classification\subset4\1\1_aug\126_20.npy
1,D:\Doctorat\datasets\LUNA 16\classification\subset4\1\1_aug\126_21.npy
1,D:\Doctorat\datasets\LUNA 16\classification\subset4\1\1_aug\126_23.npy
1,D:\Doctorat\datasets\LUNA 16\classification\subset4\1\1_aug\126_25.npy
1,D:\Doctorat\datasets\LUNA 16\classification\subset4\1\1_aug\126_27.npy
1,D:\Doctorat\datasets\LUNA 16\classification\subset4\1\1_aug\126_32.npy
1,D:\Doctorat\datasets\LUNA 16\classification\subset4\1\1_aug\126_35.npy
1,D:\Doctorat\datasets\LUNA 16\classification\subset4\1\1_aug\126_38.npy
1,D:\Doctorat\datasets\LUNA 16\classification\subset4\1\1_aug\126_39.npy
1,D:\Doctorat\datasets\LUNA 16\classification\subset4\1\1_aug\126_4.npy
1,D:\Doctorat\datasets\LUNA 16\classification\subset4\1\1_aug\126_9.npy
1,D:\Doctorat\datasets\LUNA 16\classification\subset4\1\1_aug\127_10.npy
1,D:\Doctorat\datasets\LUNA 16\classification\subset4\1\1_aug\127_13.npy
1,D:\Doctorat\datasets\LUNA 16\classification\subset4\1\1_aug\127_27.npy
1,D:\Doctorat\datasets\LUNA 16\classification\subset4\1\1_aug\127_32.npy
1,D:\Doctorat\datasets\LUNA 16\classification\subset4\1\1_aug\127_4.npy
1,D:\Doctorat\datasets\LUNA 16\classification\subset4\1\1_aug\127_40.npy
1,D:\Doctorat\datasets\LUNA 16\classification\subset4\1\1_aug\128_1.npy
1,D:\Doctorat\datasets\LUNA 16\classification\subset4\1\1_aug\128_10.npy
1,D:\Doctorat\datasets\LUNA 16\classification\subset4\1\1_aug\128_16.npy
1,D:\Doctorat\datasets\LUNA 16\classification\subset4\1\1_aug\128_26.npy
1,D:\Doctorat\datasets\LUNA 16\classification\subset4\1\1_aug\128_28.npy
1,D:\Doctorat\datasets\LUNA 16\classification\subset4\1\1_aug\128_29.npy
1,D:\Doctorat\datasets\LUNA 16\classification\subset4\1\1_aug\128_37.npy
1,D:\Doctorat\datasets\LUNA 16\classification\subset4\1\1_aug\128_39.npy
1,D:\Doctorat\datasets\LUNA 16\classification\subset4\1\1_aug\128_6.npy
1,D:\Doctorat\datasets\LUNA 16\classification\subset4\1\1_aug\128_9.npy
1,D:\Doctorat\datasets\LUNA 16\classification\subset4\1\1_aug\129_10.npy
1,D:\Doctorat\datasets\LUNA 16\classification\subset4\1\1_aug\129_17.npy
1,D:\Doctorat\datasets\LUNA 16\classification\subset4\1\1_aug\129_27.npy
1,D:\Doctorat\datasets\LUNA 16\classification\subset4\1\1_aug\129_32.npy
1,D:\Doctorat\datasets\LUNA 16\classification\subset4\1\1_aug\129_4.npy
1,D:\Doctorat\datasets\LUNA 16\classification\subset4\1\1_aug\129_6.npy
1,D:\Doctorat\datasets\LUNA 16\classification\subset4\1\1_aug\129_9.npy
1,D:\Doctorat\datasets\LUNA 16\classification\subset4\1\1_aug\12_13.npy
1,D:\Doctorat\datasets\LUNA 16\classification\subset4\1\1_aug\12_15.npy
1,D:\Doctorat\datasets\LUNA 16\classification\subset4\1\1_aug\12_17.npy
1,D:\Doctorat\datasets\LUNA 16\classification\subset4\1\1_aug\12_20.npy
1,D:\Doctorat\datasets\LUNA 16\classification\subset4\1\1_aug\12_22.npy
1,D:\Doctorat\datasets\LUNA 16\classification\subset4\1\1_aug\12_31.npy
1,D:\Doctorat\datasets\LUNA 16\classification\subset4\1\1_aug\12_39.npy
1,D:\Doctorat\datasets\LUNA 16\classification\subset4\1\1_aug\12_4.npy
1,D:\Doctorat\datasets\LUNA 16\classification\subset4\1\1_aug\130_33.npy
1,D:\Doctorat\datasets\LUNA 16\classification\subset4\1\1_aug\130_5.npy
1,D:\Doctorat\datasets\LUNA 16\classification\subset4\1\1_aug\131_17.npy
1,D:\Doctorat\datasets\LUNA 16\classification\subset4\1\1_aug\131_20.npy
1,D:\Doctorat\datasets\LUNA 16\classification\subset4\1\1_aug\131_25.npy
1,D:\Doctorat\datasets\LUNA 16\classification\subset4\1\1_aug\131_39.npy
1,D:\Doctorat\datasets\LUNA 16\classification\subset4\1\1_aug\131_8.npy
1,D:\Doctorat\datasets\LUNA 16\classification\subset4\1\1_aug\132_11.npy
1,D:\Doctorat\datasets\LUNA 16\classification\subset4\1\1_aug\132_16.npy
1,D:\Doctorat\datasets\LUNA 16\classification\subset4\1\1_aug\132_21.npy
1,D:\Doctorat\datasets\LUNA 16\classification\subset4\1\1_aug\132_25.npy
1,D:\Doctorat\datasets\LUNA 16\classification\subset4\1\1_aug\132_31.npy
1,D:\Doctorat\datasets\LUNA 16\classification\subset4\1\1_aug\132_33.npy
1,D:\Doctorat\datasets\LUNA 16\classification\subset4\1\1_aug\132_34.npy
1,D:\Doctorat\datasets\LUNA 16\classification\subset4\1\1_aug\133_10.npy
1,D:\Doctorat\datasets\LUNA 16\classification\subset4\1\1_aug\133_11.npy
1,D:\Doctorat\datasets\LUNA 16\classification\subset4\1\1_aug\133_23.npy
1,D:\Doctorat\datasets\LUNA 16\classification\subset4\1\1_aug\133_32.npy
1,D:\Doctorat\datasets\LUNA 16\classification\subset4\1\1_aug\133_36.npy
1,D:\Doctorat\datasets\LUNA 16\classification\subset4\1\1_aug\133_37.npy
1,D:\Doctorat\datasets\LUNA 16\classification\subset4\1\1_aug\133_5.npy
1,D:\Doctorat\datasets\LUNA 16\classification\subset4\1\1_aug\134_1.npy
1,D:\Doctorat\datasets\LUNA 16\classification\subset4\1\1_aug\134_12.npy
1,D:\Doctorat\datasets\LUNA 16\classification\subset4\1\1_aug\134_2.npy
1,D:\Doctorat\datasets\LUNA 16\classification\subset4\1\1_aug\134_25.npy
1,D:\Doctorat\datasets\LUNA 16\classification\subset4\1\1_aug\134_35.npy
1,D:\Doctorat\datasets\LUNA 16\classification\subset4\1\1_aug\134_36.npy
1,D:\Doctorat\datasets\LUNA 16\classification\subset4\1\1_aug\135_12.npy
1,D:\Doctorat\datasets\LUNA 16\classification\subset4\1\1_aug\135_17.npy
1,D:\Doctorat\datasets\LUNA 16\classification\subset4\1\1_aug\135_19.npy
1,D:\Doctorat\datasets\LUNA 16\classification\subset4\1\1_aug\135_32.npy
1,D:\Doctorat\datasets\LUNA 16\classification\subset4\1\1_aug\135_33.npy
1,D:\Doctorat\datasets\LUNA 16\classification\subset4\1\1_aug\135_37.npy
1,D:\Doctorat\datasets\LUNA 16\classification\subset4\1\1_aug\135_39.npy
1,D:\Doctorat\datasets\LUNA 16\classification\subset4\1\1_aug\135_4.npy
1,D:\Doctorat\datasets\LUNA 16\classification\subset4\1\1_aug\136_11.npy
1,D:\Doctorat\datasets\LUNA 16\classification\subset4\1\1_aug\136_15.npy
1,D:\Doctorat\datasets\LUNA 16\classification\subset4\1\1_aug\136_19.npy
1,D:\Doctorat\datasets\LUNA 16\classification\subset4\1\1_aug\136_20.npy
1,D:\Doctorat\datasets\LUNA 16\classification\subset4\1\1_aug\136_22.npy
1,D:\Doctorat\datasets\LUNA 16\classification\subset4\1\1_aug\136_24.npy
1,D:\Doctorat\datasets\LUNA 16\classification\subset4\1\1_aug\136_27.npy
1,D:\Doctorat\datasets\LUNA 16\classification\subset4\1\1_aug\136_28.npy
1,D:\Doctorat\datasets\LUNA 16\classification\subset4\1\1_aug\136_34.npy
1,D:\Doctorat\datasets\LUNA 16\classification\subset4\1\1_aug\136_4.npy
1,D:\Doctorat\datasets\LUNA 16\classification\subset4\1\1_aug\136_9.npy
1,D:\Doctorat\datasets\LUNA 16\classification\subset4\1\1_aug\137_13.npy
1,D:\Doctorat\datasets\LUNA 16\classification\subset4\1\1_aug\137_21.npy
1,D:\Doctorat\datasets\LUNA 16\classification\subset4\1\1_aug\137_22.npy
1,D:\Doctorat\datasets\LUNA 16\classification\subset4\1\1_aug\137_28.npy
1,D:\Doctorat\datasets\LUNA 16\classification\subset4\1\1_aug\137_34.npy
1,D:\Doctorat\datasets\LUNA 16\classification\subset4\1\1_aug\137_35.npy
1,D:\Doctorat\datasets\LUNA 16\classification\subset4\1\1_aug\137_39.npy
1,D:\Doctorat\datasets\LUNA 16\classification\subset4\1\1_aug\137_40.npy
1,D:\Doctorat\datasets\LUNA 16\classification\subset4\1\1_aug\138_10.npy
1,D:\Doctorat\datasets\LUNA 16\classification\subset4\1\1_aug\138_13.npy
1,D:\Doctorat\datasets\LUNA 16\classification\subset4\1\1_aug\138_14.npy
1,D:\Doctorat\datasets\LUNA 16\classification\subset4\1\1_aug\138_15.npy
1,D:\Doctorat\datasets\LUNA 16\classification\subset4\1\1_aug\138_17.npy
1,D:\Doctorat\datasets\LUNA 16\classification\subset4\1\1_aug\138_18.npy
1,D:\Doctorat\datasets\LUNA 16\classification\subset4\1\1_aug\138_25.npy
1,D:\Doctorat\datasets\LUNA 16\classification\subset4\1\1_aug\138_28.npy
1,D:\Doctorat\datasets\LUNA 16\classification\subset4\1\1_aug\138_30.npy
1,D:\Doctorat\datasets\LUNA 16\classification\subset4\1\1_aug\138_34.npy
1,D:\Doctorat\datasets\LUNA 16\classification\subset4\1\1_aug\138_39.npy
1,D:\Doctorat\datasets\LUNA 16\classification\subset4\1\1_aug\139_16.npy
1,D:\Doctorat\datasets\LUNA 16\classification\subset4\1\1_aug\139_19.npy
1,D:\Doctorat\datasets\LUNA 16\classification\subset4\1\1_aug\139_21.npy
1,D:\Doctorat\datasets\LUNA 16\classification\subset4\1\1_aug\139_26.npy
1,D:\Doctorat\datasets\LUNA 16\classification\subset4\1\1_aug\139_30.npy
1,D:\Doctorat\datasets\LUNA 16\classification\subset4\1\1_aug\139_32.npy
1,D:\Doctorat\datasets\LUNA 16\classification\subset4\1\1_aug\139_36.npy
1,D:\Doctorat\datasets\LUNA 16\classification\subset4\1\1_aug\139_37.npy
1,D:\Doctorat\datasets\LUNA 16\classification\subset4\1\1_aug\139_4.npy
1,D:\Doctorat\datasets\LUNA 16\classification\subset4\1\1_aug\13_18.npy
1,D:\Doctorat\datasets\LUNA 16\classification\subset4\1\1_aug\13_20.npy
1,D:\Doctorat\datasets\LUNA 16\classification\subset4\1\1_aug\13_25.npy
1,D:\Doctorat\datasets\LUNA 16\classification\subset4\1\1_aug\13_27.npy
1,D:\Doctorat\datasets\LUNA 16\classification\subset4\1\1_aug\13_35.npy
1,D:\Doctorat\datasets\LUNA 16\classification\subset4\1\1_aug\140_12.npy
1,D:\Doctorat\datasets\LUNA 16\classification\subset4\1\1_aug\140_15.npy
1,D:\Doctorat\datasets\LUNA 16\classification\subset4\1\1_aug\140_18.npy
1,D:\Doctorat\datasets\LUNA 16\classification\subset4\1\1_aug\140_22.npy
1,D:\Doctorat\datasets\LUNA 16\classification\subset4\1\1_aug\140_24.npy
1,D:\Doctorat\datasets\LUNA 16\classification\subset4\1\1_aug\140_25.npy
1,D:\Doctorat\datasets\LUNA 16\classification\subset4\1\1_aug\140_33.npy
1,D:\Doctorat\datasets\LUNA 16\classification\subset4\1\1_aug\140_38.npy
1,D:\Doctorat\datasets\LUNA 16\classification\subset4\1\1_aug\140_4.npy
1,D:\Doctorat\datasets\LUNA 16\classification\subset4\1\1_aug\140_8.npy
1,D:\Doctorat\datasets\LUNA 16\classification\subset4\1\1_aug\141_12.npy
1,D:\Doctorat\datasets\LUNA 16\classification\subset4\1\1_aug\141_21.npy
1,D:\Doctorat\datasets\LUNA 16\classification\subset4\1\1_aug\141_23.npy
1,D:\Doctorat\datasets\LUNA 16\classification\subset4\1\1_aug\141_28.npy
1,D:\Doctorat\datasets\LUNA 16\classification\subset4\1\1_aug\141_33.npy
1,D:\Doctorat\datasets\LUNA 16\classification\subset4\1\1_aug\141_4.npy
1,D:\Doctorat\datasets\LUNA 16\classification\subset4\1\1_aug\141_40.npy
1,D:\Doctorat\datasets\LUNA 16\classification\subset4\1\1_aug\142_10.npy
1,D:\Doctorat\datasets\LUNA 16\classification\subset4\1\1_aug\142_14.npy
1,D:\Doctorat\datasets\LUNA 16\classification\subset4\1\1_aug\142_16.npy
1,D:\Doctorat\datasets\LUNA 16\classification\subset4\1\1_aug\142_17.npy
1,D:\Doctorat\datasets\LUNA 16\classification\subset4\1\1_aug\142_2.npy
1,D:\Doctorat\datasets\LUNA 16\classification\subset4\1\1_aug\142_20.npy
1,D:\Doctorat\datasets\LUNA 16\classification\subset4\1\1_aug\142_22.npy
1,D:\Doctorat\datasets\LUNA 16\classification\subset4\1\1_aug\142_29.npy
1,D:\Doctorat\datasets\LUNA 16\classification\subset4\1\1_aug\142_30.npy
1,D:\Doctorat\datasets\LUNA 16\classification\subset4\1\1_aug\142_32.npy
1,D:\Doctorat\datasets\LUNA 16\classification\subset4\1\1_aug\142_34.npy
1,D:\Doctorat\datasets\LUNA 16\classification\subset4\1\1_aug\142_38.npy
1,D:\Doctorat\datasets\LUNA 16\classification\subset4\1\1_aug\143_12.npy
1,D:\Doctorat\datasets\LUNA 16\classification\subset4\1\1_aug\143_20.npy
1,D:\Doctorat\datasets\LUNA 16\classification\subset4\1\1_aug\143_26.npy
1,D:\Doctorat\datasets\LUNA 16\classification\subset4\1\1_aug\143_36.npy
1,D:\Doctorat\datasets\LUNA 16\classification\subset4\1\1_aug\143_5.npy
1,D:\Doctorat\datasets\LUNA 16\classification\subset4\1\1_aug\143_6.npy
1,D:\Doctorat\datasets\LUNA 16\classification\subset4\1\1_aug\143_8.npy
1,D:\Doctorat\datasets\LUNA 16\classification\subset4\1\1_aug\143_9.npy
1,D:\Doctorat\datasets\LUNA 16\classification\subset4\1\1_aug\144_10.npy
1,D:\Doctorat\datasets\LUNA 16\classification\subset4\1\1_aug\144_13.npy
1,D:\Doctorat\datasets\LUNA 16\classification\subset4\1\1_aug\144_15.npy
1,D:\Doctorat\datasets\LUNA 16\classification\subset4\1\1_aug\144_3.npy
1,D:\Doctorat\datasets\LUNA 16\classification\subset4\1\1_aug\144_30.npy
1,D:\Doctorat\datasets\LUNA 16\classification\subset4\1\1_aug\145_1.npy
1,D:\Doctorat\datasets\LUNA 16\classification\subset4\1\1_aug\145_10.npy
1,D:\Doctorat\datasets\LUNA 16\classification\subset4\1\1_aug\145_23.npy
1,D:\Doctorat\datasets\LUNA 16\classification\subset4\1\1_aug\145_26.npy
1,D:\Doctorat\datasets\LUNA 16\classification\subset4\1\1_aug\145_27.npy
1,D:\Doctorat\datasets\LUNA 16\classification\subset4\1\1_aug\145_38.npy
1,D:\Doctorat\datasets\LUNA 16\classification\subset4\1\1_aug\145_4.npy
1,D:\Doctorat\datasets\LUNA 16\classification\subset4\1\1_aug\146_10.npy
1,D:\Doctorat\datasets\LUNA 16\classification\subset4\1\1_aug\146_11.npy
1,D:\Doctorat\datasets\LUNA 16\classification\subset4\1\1_aug\146_17.npy
1,D:\Doctorat\datasets\LUNA 16\classification\subset4\1\1_aug\146_18.npy
1,D:\Doctorat\datasets\LUNA 16\classification\subset4\1\1_aug\146_24.npy
1,D:\Doctorat\datasets\LUNA 16\classification\subset4\1\1_aug\146_27.npy
1,D:\Doctorat\datasets\LUNA 16\classification\subset4\1\1_aug\146_28.npy
1,D:\Doctorat\datasets\LUNA 16\classification\subset4\1\1_aug\146_29.npy
1,D:\Doctorat\datasets\LUNA 16\classification\subset4\1\1_aug\146_34.npy
1,D:\Doctorat\datasets\LUNA 16\classification\subset4\1\1_aug\146_35.npy
1,D:\Doctorat\datasets\LUNA 16\classification\subset4\1\1_aug\147_12.npy
1,D:\Doctorat\datasets\LUNA 16\classification\subset4\1\1_aug\147_15.npy
1,D:\Doctorat\datasets\LUNA 16\classification\subset4\1\1_aug\147_16.npy
1,D:\Doctorat\datasets\LUNA 16\classification\subset4\1\1_aug\147_2.npy
1,D:\Doctorat\datasets\LUNA 16\classification\subset4\1\1_aug\147_26.npy
1,D:\Doctorat\datasets\LUNA 16\classification\subset4\1\1_aug\147_27.npy
1,D:\Doctorat\datasets\LUNA 16\classification\subset4\1\1_aug\147_3.npy
1,D:\Doctorat\datasets\LUNA 16\classification\subset4\1\1_aug\147_35.npy
1,D:\Doctorat\datasets\LUNA 16\classification\subset4\1\1_aug\147_37.npy
1,D:\Doctorat\datasets\LUNA 16\classification\subset4\1\1_aug\147_6.npy
1,D:\Doctorat\datasets\LUNA 16\classification\subset4\1\1_aug\147_7.npy
1,D:\Doctorat\datasets\LUNA 16\classification\subset4\1\1_aug\148_32.npy
1,D:\Doctorat\datasets\LUNA 16\classification\subset4\1\1_aug\148_33.npy
1,D:\Doctorat\datasets\LUNA 16\classification\subset4\1\1_aug\148_34.npy
1,D:\Doctorat\datasets\LUNA 16\classification\subset4\1\1_aug\148_38.npy
1,D:\Doctorat\datasets\LUNA 16\classification\subset4\1\1_aug\148_39.npy
1,D:\Doctorat\datasets\LUNA 16\classification\subset4\1\1_aug\148_4.npy
1,D:\Doctorat\datasets\LUNA 16\classification\subset4\1\1_aug\149_10.npy
1,D:\Doctorat\datasets\LUNA 16\classification\subset4\1\1_aug\149_18.npy
1,D:\Doctorat\datasets\LUNA 16\classification\subset4\1\1_aug\149_19.npy
1,D:\Doctorat\datasets\LUNA 16\classification\subset4\1\1_aug\149_27.npy
1,D:\Doctorat\datasets\LUNA 16\classification\subset4\1\1_aug\149_29.npy
1,D:\Doctorat\datasets\LUNA 16\classification\subset4\1\1_aug\149_35.npy
1,D:\Doctorat\datasets\LUNA 16\classification\subset4\1\1_aug\149_5.npy
1,D:\Doctorat\datasets\LUNA 16\classification\subset4\1\1_aug\149_6.npy
1,D:\Doctorat\datasets\LUNA 16\classification\subset4\1\1_aug\149_7.npy
1,D:\Doctorat\datasets\LUNA 16\classification\subset4\1\1_aug\14_11.npy
1,D:\Doctorat\datasets\LUNA 16\classification\subset4\1\1_aug\14_13.npy
1,D:\Doctorat\datasets\LUNA 16\classification\subset4\1\1_aug\14_20.npy
1,D:\Doctorat\datasets\LUNA 16\classification\subset4\1\1_aug\14_23.npy
1,D:\Doctorat\datasets\LUNA 16\classification\subset4\1\1_aug\14_27.npy
1,D:\Doctorat\datasets\LUNA 16\classification\subset4\1\1_aug\14_4.npy
1,D:\Doctorat\datasets\LUNA 16\classification\subset4\1\1_aug\14_40.npy
1,D:\Doctorat\datasets\LUNA 16\classification\subset4\1\1_aug\14_5.npy
1,D:\Doctorat\datasets\LUNA 16\classification\subset4\1\1_aug\150_11.npy
1,D:\Doctorat\datasets\LUNA 16\classification\subset4\1\1_aug\150_22.npy
1,D:\Doctorat\datasets\LUNA 16\classification\subset4\1\1_aug\150_27.npy
1,D:\Doctorat\datasets\LUNA 16\classification\subset4\1\1_aug\150_28.npy
1,D:\Doctorat\datasets\LUNA 16\classification\subset4\1\1_aug\150_3.npy
1,D:\Doctorat\datasets\LUNA 16\classification\subset4\1\1_aug\150_34.npy
1,D:\Doctorat\datasets\LUNA 16\classification\subset4\1\1_aug\150_40.npy
1,D:\Doctorat\datasets\LUNA 16\classification\subset4\1\1_aug\150_8.npy
1,D:\Doctorat\datasets\LUNA 16\classification\subset4\1\1_aug\150_9.npy
1,D:\Doctorat\datasets\LUNA 16\classification\subset4\1\1_aug\151_24.npy
1,D:\Doctorat\datasets\LUNA 16\classification\subset4\1\1_aug\151_25.npy
1,D:\Doctorat\datasets\LUNA 16\classification\subset4\1\1_aug\151_3.npy
1,D:\Doctorat\datasets\LUNA 16\classification\subset4\1\1_aug\151_30.npy
1,D:\Doctorat\datasets\LUNA 16\classification\subset4\1\1_aug\151_36.npy
1,D:\Doctorat\datasets\LUNA 16\classification\subset4\1\1_aug\151_37.npy
1,D:\Doctorat\datasets\LUNA 16\classification\subset4\1\1_aug\151_7.npy
1,D:\Doctorat\datasets\LUNA 16\classification\subset4\1\1_aug\152_1.npy
1,D:\Doctorat\datasets\LUNA 16\classification\subset4\1\1_aug\152_15.npy
1,D:\Doctorat\datasets\LUNA 16\classification\subset4\1\1_aug\152_2.npy
1,D:\Doctorat\datasets\LUNA 16\classification\subset4\1\1_aug\152_20.npy
1,D:\Doctorat\datasets\LUNA 16\classification\subset4\1\1_aug\152_21.npy
1,D:\Doctorat\datasets\LUNA 16\classification\subset4\1\1_aug\152_5.npy
1,D:\Doctorat\datasets\LUNA 16\classification\subset4\1\1_aug\152_9.npy
1,D:\Doctorat\datasets\LUNA 16\classification\subset4\1\1_aug\153_11.npy
1,D:\Doctorat\datasets\LUNA 16\classification\subset4\1\1_aug\153_26.npy
1,D:\Doctorat\datasets\LUNA 16\classification\subset4\1\1_aug\153_27.npy
1,D:\Doctorat\datasets\LUNA 16\classification\subset4\1\1_aug\153_30.npy
1,D:\Doctorat\datasets\LUNA 16\classification\subset4\1\1_aug\153_31.npy
1,D:\Doctorat\datasets\LUNA 16\classification\subset4\1\1_aug\153_6.npy
1,D:\Doctorat\datasets\LUNA 16\classification\subset4\1\1_aug\154_1.npy
1,D:\Doctorat\datasets\LUNA 16\classification\subset4\1\1_aug\154_10.npy
1,D:\Doctorat\datasets\LUNA 16\classification\subset4\1\1_aug\154_16.npy
1,D:\Doctorat\datasets\LUNA 16\classification\subset4\1\1_aug\154_17.npy
1,D:\Doctorat\datasets\LUNA 16\classification\subset4\1\1_aug\154_20.npy
1,D:\Doctorat\datasets\LUNA 16\classification\subset4\1\1_aug\154_26.npy
1,D:\Doctorat\datasets\LUNA 16\classification\subset4\1\1_aug\154_31.npy
1,D:\Doctorat\datasets\LUNA 16\classification\subset4\1\1_aug\154_33.npy
1,D:\Doctorat\datasets\LUNA 16\classification\subset4\1\1_aug\154_35.npy
1,D:\Doctorat\datasets\LUNA 16\classification\subset4\1\1_aug\154_37.npy
1,D:\Doctorat\datasets\LUNA 16\classification\subset4\1\1_aug\154_7.npy
1,D:\Doctorat\datasets\LUNA 16\classification\subset4\1\1_aug\155_1.npy
1,D:\Doctorat\datasets\LUNA 16\classification\subset4\1\1_aug\155_14.npy
1,D:\Doctorat\datasets\LUNA 16\classification\subset4\1\1_aug\155_23.npy
1,D:\Doctorat\datasets\LUNA 16\classification\subset4\1\1_aug\155_26.npy
1,D:\Doctorat\datasets\LUNA 16\classification\subset4\1\1_aug\155_27.npy
1,D:\Doctorat\datasets\LUNA 16\classification\subset4\1\1_aug\155_34.npy
1,D:\Doctorat\datasets\LUNA 16\classification\subset4\1\1_aug\155_5.npy
1,D:\Doctorat\datasets\LUNA 16\classification\subset4\1\1_aug\155_6.npy
1,D:\Doctorat\datasets\LUNA 16\classification\subset4\1\1_aug\156_12.npy
1,D:\Doctorat\datasets\LUNA 16\classification\subset4\1\1_aug\156_17.npy
1,D:\Doctorat\datasets\LUNA 16\classification\subset4\1\1_aug\156_31.npy
1,D:\Doctorat\datasets\LUNA 16\classification\subset4\1\1_aug\156_38.npy
1,D:\Doctorat\datasets\LUNA 16\classification\subset4\1\1_aug\156_4.npy
1,D:\Doctorat\datasets\LUNA 16\classification\subset4\1\1_aug\157_10.npy
1,D:\Doctorat\datasets\LUNA 16\classification\subset4\1\1_aug\157_11.npy
1,D:\Doctorat\datasets\LUNA 16\classification\subset4\1\1_aug\157_18.npy
1,D:\Doctorat\datasets\LUNA 16\classification\subset4\1\1_aug\157_19.npy
1,D:\Doctorat\datasets\LUNA 16\classification\subset4\1\1_aug\157_23.npy
1,D:\Doctorat\datasets\LUNA 16\classification\subset4\1\1_aug\157_32.npy
1,D:\Doctorat\datasets\LUNA 16\classification\subset4\1\1_aug\158_11.npy
1,D:\Doctorat\datasets\LUNA 16\classification\subset4\1\1_aug\158_15.npy
1,D:\Doctorat\datasets\LUNA 16\classification\subset4\1\1_aug\158_16.npy
1,D:\Doctorat\datasets\LUNA 16\classification\subset4\1\1_aug\158_26.npy
1,D:\Doctorat\datasets\LUNA 16\classification\subset4\1\1_aug\158_28.npy
1,D:\Doctorat\datasets\LUNA 16\classification\subset4\1\1_aug\158_3.npy
1,D:\Doctorat\datasets\LUNA 16\classification\subset4\1\1_aug\158_32.npy
1,D:\Doctorat\datasets\LUNA 16\classification\subset4\1\1_aug\158_5.npy
1,D:\Doctorat\datasets\LUNA 16\classification\subset4\1\1_aug\159_16.npy
1,D:\Doctorat\datasets\LUNA 16\classification\subset4\1\1_aug\159_17.npy
1,D:\Doctorat\datasets\LUNA 16\classification\subset4\1\1_aug\159_22.npy
1,D:\Doctorat\datasets\LUNA 16\classification\subset4\1\1_aug\159_31.npy
1,D:\Doctorat\datasets\LUNA 16\classification\subset4\1\1_aug\159_35.npy
1,D:\Doctorat\datasets\LUNA 16\classification\subset4\1\1_aug\159_38.npy
1,D:\Doctorat\datasets\LUNA 16\classification\subset4\1\1_aug\159_39.npy
1,D:\Doctorat\datasets\LUNA 16\classification\subset4\1\1_aug\159_5.npy
1,D:\Doctorat\datasets\LUNA 16\classification\subset4\1\1_aug\15_1.npy
1,D:\Doctorat\datasets\LUNA 16\classification\subset4\1\1_aug\15_14.npy
1,D:\Doctorat\datasets\LUNA 16\classification\subset4\1\1_aug\15_15.npy
1,D:\Doctorat\datasets\LUNA 16\classification\subset4\1\1_aug\15_23.npy
1,D:\Doctorat\datasets\LUNA 16\classification\subset4\1\1_aug\15_24.npy
1,D:\Doctorat\datasets\LUNA 16\classification\subset4\1\1_aug\15_28.npy
1,D:\Doctorat\datasets\LUNA 16\classification\subset4\1\1_aug\15_29.npy
1,D:\Doctorat\datasets\LUNA 16\classification\subset4\1\1_aug\15_3.npy
1,D:\Doctorat\datasets\LUNA 16\classification\subset4\1\1_aug\15_32.npy
1,D:\Doctorat\datasets\LUNA 16\classification\subset4\1\1_aug\15_33.npy
1,D:\Doctorat\datasets\LUNA 16\classification\subset4\1\1_aug\15_36.npy
1,D:\Doctorat\datasets\LUNA 16\classification\subset4\1\1_aug\15_4.npy
1,D:\Doctorat\datasets\LUNA 16\classification\subset4\1\1_aug\160_10.npy
1,D:\Doctorat\datasets\LUNA 16\classification\subset4\1\1_aug\160_13.npy
1,D:\Doctorat\datasets\LUNA 16\classification\subset4\1\1_aug\160_14.npy
1,D:\Doctorat\datasets\LUNA 16\classification\subset4\1\1_aug\160_21.npy
1,D:\Doctorat\datasets\LUNA 16\classification\subset4\1\1_aug\160_3.npy
1,D:\Doctorat\datasets\LUNA 16\classification\subset4\1\1_aug\160_34.npy
1,D:\Doctorat\datasets\LUNA 16\classification\subset4\1\1_aug\160_37.npy
1,D:\Doctorat\datasets\LUNA 16\classification\subset4\1\1_aug\160_40.npy
1,D:\Doctorat\datasets\LUNA 16\classification\subset4\1\1_aug\160_6.npy
1,D:\Doctorat\datasets\LUNA 16\classification\subset4\1\1_aug\160_8.npy
1,D:\Doctorat\datasets\LUNA 16\classification\subset4\1\1_aug\161_1.npy
1,D:\Doctorat\datasets\LUNA 16\classification\subset4\1\1_aug\161_11.npy
1,D:\Doctorat\datasets\LUNA 16\classification\subset4\1\1_aug\161_15.npy
1,D:\Doctorat\datasets\LUNA 16\classification\subset4\1\1_aug\161_18.npy
1,D:\Doctorat\datasets\LUNA 16\classification\subset4\1\1_aug\161_2.npy
1,D:\Doctorat\datasets\LUNA 16\classification\subset4\1\1_aug\161_23.npy
1,D:\Doctorat\datasets\LUNA 16\classification\subset4\1\1_aug\161_26.npy
1,D:\Doctorat\datasets\LUNA 16\classification\subset4\1\1_aug\161_3.npy
1,D:\Doctorat\datasets\LUNA 16\classification\subset4\1\1_aug\161_30.npy
1,D:\Doctorat\datasets\LUNA 16\classification\subset4\1\1_aug\161_33.npy
1,D:\Doctorat\datasets\LUNA 16\classification\subset4\1\1_aug\161_39.npy
1,D:\Doctorat\datasets\LUNA 16\classification\subset4\1\1_aug\161_40.npy
1,D:\Doctorat\datasets\LUNA 16\classification\subset4\1\1_aug\162_19.npy
1,D:\Doctorat\datasets\LUNA 16\classification\subset4\1\1_aug\162_22.npy
1,D:\Doctorat\datasets\LUNA 16\classification\subset4\1\1_aug\162_23.npy
1,D:\Doctorat\datasets\LUNA 16\classification\subset4\1\1_aug\162_26.npy
1,D:\Doctorat\datasets\LUNA 16\classification\subset4\1\1_aug\162_34.npy
1,D:\Doctorat\datasets\LUNA 16\classification\subset4\1\1_aug\162_35.npy
1,D:\Doctorat\datasets\LUNA 16\classification\subset4\1\1_aug\162_4.npy
1,D:\Doctorat\datasets\LUNA 16\classification\subset4\1\1_aug\162_5.npy
1,D:\Doctorat\datasets\LUNA 16\classification\subset4\1\1_aug\162_9.npy
1,D:\Doctorat\datasets\LUNA 16\classification\subset4\1\1_aug\163_11.npy
1,D:\Doctorat\datasets\LUNA 16\classification\subset4\1\1_aug\163_13.npy
1,D:\Doctorat\datasets\LUNA 16\classification\subset4\1\1_aug\163_15.npy
1,D:\Doctorat\datasets\LUNA 16\classification\subset4\1\1_aug\163_19.npy
1,D:\Doctorat\datasets\LUNA 16\classification\subset4\1\1_aug\163_25.npy
1,D:\Doctorat\datasets\LUNA 16\classification\subset4\1\1_aug\163_35.npy
1,D:\Doctorat\datasets\LUNA 16\classification\subset4\1\1_aug\163_4.npy
1,D:\Doctorat\datasets\LUNA 16\classification\subset4\1\1_aug\163_6.npy
1,D:\Doctorat\datasets\LUNA 16\classification\subset4\1\1_aug\164_22.npy
1,D:\Doctorat\datasets\LUNA 16\classification\subset4\1\1_aug\164_24.npy
1,D:\Doctorat\datasets\LUNA 16\classification\subset4\1\1_aug\164_33.npy
1,D:\Doctorat\datasets\LUNA 16\classification\subset4\1\1_aug\164_39.npy
1,D:\Doctorat\datasets\LUNA 16\classification\subset4\1\1_aug\164_4.npy
1,D:\Doctorat\datasets\LUNA 16\classification\subset4\1\1_aug\165_24.npy
1,D:\Doctorat\datasets\LUNA 16\classification\subset4\1\1_aug\165_26.npy
1,D:\Doctorat\datasets\LUNA 16\classification\subset4\1\1_aug\165_27.npy
1,D:\Doctorat\datasets\LUNA 16\classification\subset4\1\1_aug\165_33.npy
1,D:\Doctorat\datasets\LUNA 16\classification\subset4\1\1_aug\165_36.npy
1,D:\Doctorat\datasets\LUNA 16\classification\subset4\1\1_aug\165_39.npy
1,D:\Doctorat\datasets\LUNA 16\classification\subset4\1\1_aug\165_6.npy
1,D:\Doctorat\datasets\LUNA 16\classification\subset4\1\1_aug\166_14.npy
1,D:\Doctorat\datasets\LUNA 16\classification\subset4\1\1_aug\166_15.npy
1,D:\Doctorat\datasets\LUNA 16\classification\subset4\1\1_aug\166_20.npy
1,D:\Doctorat\datasets\LUNA 16\classification\subset4\1\1_aug\166_21.npy
1,D:\Doctorat\datasets\LUNA 16\classification\subset4\1\1_aug\166_27.npy
1,D:\Doctorat\datasets\LUNA 16\classification\subset4\1\1_aug\166_37.npy
1,D:\Doctorat\datasets\LUNA 16\classification\subset4\1\1_aug\166_38.npy
1,D:\Doctorat\datasets\LUNA 16\classification\subset4\1\1_aug\166_4.npy
1,D:\Doctorat\datasets\LUNA 16\classification\subset4\1\1_aug\166_9.npy
1,D:\Doctorat\datasets\LUNA 16\classification\subset4\1\1_aug\167_12.npy
1,D:\Doctorat\datasets\LUNA 16\classification\subset4\1\1_aug\167_21.npy
1,D:\Doctorat\datasets\LUNA 16\classification\subset4\1\1_aug\167_30.npy
1,D:\Doctorat\datasets\LUNA 16\classification\subset4\1\1_aug\167_8.npy
1,D:\Doctorat\datasets\LUNA 16\classification\subset4\1\1_aug\168_13.npy
1,D:\Doctorat\datasets\LUNA 16\classification\subset4\1\1_aug\168_16.npy
1,D:\Doctorat\datasets\LUNA 16\classification\subset4\1\1_aug\168_25.npy
1,D:\Doctorat\datasets\LUNA 16\classification\subset4\1\1_aug\168_27.npy
1,D:\Doctorat\datasets\LUNA 16\classification\subset4\1\1_aug\168_31.npy
1,D:\Doctorat\datasets\LUNA 16\classification\subset4\1\1_aug\168_37.npy
1,D:\Doctorat\datasets\LUNA 16\classification\subset4\1\1_aug\168_8.npy
1,D:\Doctorat\datasets\LUNA 16\classification\subset4\1\1_aug\169_1.npy
1,D:\Doctorat\datasets\LUNA 16\classification\subset4\1\1_aug\169_15.npy
1,D:\Doctorat\datasets\LUNA 16\classification\subset4\1\1_aug\169_22.npy
1,D:\Doctorat\datasets\LUNA 16\classification\subset4\1\1_aug\169_24.npy
1,D:\Doctorat\datasets\LUNA 16\classification\subset4\1\1_aug\169_26.npy
1,D:\Doctorat\datasets\LUNA 16\classification\subset4\1\1_aug\169_28.npy
1,D:\Doctorat\datasets\LUNA 16\classification\subset4\1\1_aug\169_31.npy
1,D:\Doctorat\datasets\LUNA 16\classification\subset4\1\1_aug\169_32.npy
1,D:\Doctorat\datasets\LUNA 16\classification\subset4\1\1_aug\169_33.npy
1,D:\Doctorat\datasets\LUNA 16\classification\subset4\1\1_aug\169_35.npy
1,D:\Doctorat\datasets\LUNA 16\classification\subset4\1\1_aug\169_6.npy
1,D:\Doctorat\datasets\LUNA 16\classification\subset4\1\1_aug\169_9.npy
1,D:\Doctorat\datasets\LUNA 16\classification\subset4\1\1_aug\16_23.npy
1,D:\Doctorat\datasets\LUNA 16\classification\subset4\1\1_aug\16_29.npy
1,D:\Doctorat\datasets\LUNA 16\classification\subset4\1\1_aug\16_3.npy
1,D:\Doctorat\datasets\LUNA 16\classification\subset4\1\1_aug\16_4.npy
1,D:\Doctorat\datasets\LUNA 16\classification\subset4\1\1_aug\17_13.npy
1,D:\Doctorat\datasets\LUNA 16\classification\subset4\1\1_aug\17_14.npy
1,D:\Doctorat\datasets\LUNA 16\classification\subset4\1\1_aug\17_24.npy
1,D:\Doctorat\datasets\LUNA 16\classification\subset4\1\1_aug\17_5.npy
1,D:\Doctorat\datasets\LUNA 16\classification\subset4\1\1_aug\18_13.npy
1,D:\Doctorat\datasets\LUNA 16\classification\subset4\1\1_aug\18_27.npy
1,D:\Doctorat\datasets\LUNA 16\classification\subset4\1\1_aug\18_29.npy
1,D:\Doctorat\datasets\LUNA 16\classification\subset4\1\1_aug\18_3.npy
1,D:\Doctorat\datasets\LUNA 16\classification\subset4\1\1_aug\18_32.npy
1,D:\Doctorat\datasets\LUNA 16\classification\subset4\1\1_aug\18_38.npy
1,D:\Doctorat\datasets\LUNA 16\classification\subset4\1\1_aug\18_4.npy
1,D:\Doctorat\datasets\LUNA 16\classification\subset4\1\1_aug\18_7.npy
1,D:\Doctorat\datasets\LUNA 16\classification\subset4\1\1_aug\18_9.npy
1,D:\Doctorat\datasets\LUNA 16\classification\subset4\1\1_aug\19_10.npy
1,D:\Doctorat\datasets\LUNA 16\classification\subset4\1\1_aug\19_12.npy
1,D:\Doctorat\datasets\LUNA 16\classification\subset4\1\1_aug\19_19.npy
1,D:\Doctorat\datasets\LUNA 16\classification\subset4\1\1_aug\19_30.npy
1,D:\Doctorat\datasets\LUNA 16\classification\subset4\1\1_aug\19_31.npy
1,D:\Doctorat\datasets\LUNA 16\classification\subset4\1\1_aug\19_32.npy
1,D:\Doctorat\datasets\LUNA 16\classification\subset4\1\1_aug\19_33.npy
1,D:\Doctorat\datasets\LUNA 16\classification\subset4\1\1_aug\19_35.npy
1,D:\Doctorat\datasets\LUNA 16\classification\subset4\1\1_aug\19_37.npy
1,D:\Doctorat\datasets\LUNA 16\classification\subset4\1\1_aug\19_5.npy
1,D:\Doctorat\datasets\LUNA 16\classification\subset4\1\1_aug\19_9.npy
1,D:\Doctorat\datasets\LUNA 16\classification\subset4\1\1_aug\1_1.npy
1,D:\Doctorat\datasets\LUNA 16\classification\subset4\1\1_aug\1_14.npy
1,D:\Doctorat\datasets\LUNA 16\classification\subset4\1\1_aug\1_15.npy
1,D:\Doctorat\datasets\LUNA 16\classification\subset4\1\1_aug\1_17.npy
1,D:\Doctorat\datasets\LUNA 16\classification\subset4\1\1_aug\1_29.npy
1,D:\Doctorat\datasets\LUNA 16\classification\subset4\1\1_aug\1_31.npy
1,D:\Doctorat\datasets\LUNA 16\classification\subset4\1\1_aug\1_32.npy
1,D:\Doctorat\datasets\LUNA 16\classification\subset4\1\1_aug\1_37.npy
1,D:\Doctorat\datasets\LUNA 16\classification\subset4\1\1_aug\1_4.npy
1,D:\Doctorat\datasets\LUNA 16\classification\subset4\1\1_aug\20_15.npy
1,D:\Doctorat\datasets\LUNA 16\classification\subset4\1\1_aug\20_18.npy
1,D:\Doctorat\datasets\LUNA 16\classification\subset4\1\1_aug\20_24.npy
1,D:\Doctorat\datasets\LUNA 16\classification\subset4\1\1_aug\20_31.npy
1,D:\Doctorat\datasets\LUNA 16\classification\subset4\1\1_aug\20_34.npy
1,D:\Doctorat\datasets\LUNA 16\classification\subset4\1\1_aug\20_39.npy
1,D:\Doctorat\datasets\LUNA 16\classification\subset4\1\1_aug\21_1.npy
1,D:\Doctorat\datasets\LUNA 16\classification\subset4\1\1_aug\21_11.npy
1,D:\Doctorat\datasets\LUNA 16\classification\subset4\1\1_aug\21_16.npy
1,D:\Doctorat\datasets\LUNA 16\classification\subset4\1\1_aug\21_29.npy
1,D:\Doctorat\datasets\LUNA 16\classification\subset4\1\1_aug\21_3.npy
1,D:\Doctorat\datasets\LUNA 16\classification\subset4\1\1_aug\21_31.npy
1,D:\Doctorat\datasets\LUNA 16\classification\subset4\1\1_aug\21_39.npy
1,D:\Doctorat\datasets\LUNA 16\classification\subset4\1\1_aug\21_40.npy
1,D:\Doctorat\datasets\LUNA 16\classification\subset4\1\1_aug\21_9.npy
1,D:\Doctorat\datasets\LUNA 16\classification\subset4\1\1_aug\22_11.npy
1,D:\Doctorat\datasets\LUNA 16\classification\subset4\1\1_aug\22_12.npy
1,D:\Doctorat\datasets\LUNA 16\classification\subset4\1\1_aug\22_13.npy
1,D:\Doctorat\datasets\LUNA 16\classification\subset4\1\1_aug\22_22.npy
1,D:\Doctorat\datasets\LUNA 16\classification\subset4\1\1_aug\22_3.npy
1,D:\Doctorat\datasets\LUNA 16\classification\subset4\1\1_aug\22_31.npy
1,D:\Doctorat\datasets\LUNA 16\classification\subset4\1\1_aug\22_5.npy
1,D:\Doctorat\datasets\LUNA 16\classification\subset4\1\1_aug\23_13.npy
1,D:\Doctorat\datasets\LUNA 16\classification\subset4\1\1_aug\23_27.npy
1,D:\Doctorat\datasets\LUNA 16\classification\subset4\1\1_aug\23_31.npy
1,D:\Doctorat\datasets\LUNA 16\classification\subset4\1\1_aug\23_36.npy
1,D:\Doctorat\datasets\LUNA 16\classification\subset4\1\1_aug\23_6.npy
1,D:\Doctorat\datasets\LUNA 16\classification\subset4\1\1_aug\24_11.npy
1,D:\Doctorat\datasets\LUNA 16\classification\subset4\1\1_aug\24_18.npy
1,D:\Doctorat\datasets\LUNA 16\classification\subset4\1\1_aug\24_21.npy
1,D:\Doctorat\datasets\LUNA 16\classification\subset4\1\1_aug\24_25.npy
1,D:\Doctorat\datasets\LUNA 16\classification\subset4\1\1_aug\24_33.npy
1,D:\Doctorat\datasets\LUNA 16\classification\subset4\1\1_aug\24_7.npy
1,D:\Doctorat\datasets\LUNA 16\classification\subset4\1\1_aug\25_1.npy
1,D:\Doctorat\datasets\LUNA 16\classification\subset4\1\1_aug\25_10.npy
1,D:\Doctorat\datasets\LUNA 16\classification\subset4\1\1_aug\25_12.npy
1,D:\Doctorat\datasets\LUNA 16\classification\subset4\1\1_aug\25_17.npy
1,D:\Doctorat\datasets\LUNA 16\classification\subset4\1\1_aug\25_20.npy
1,D:\Doctorat\datasets\LUNA 16\classification\subset4\1\1_aug\25_22.npy
1,D:\Doctorat\datasets\LUNA 16\classification\subset4\1\1_aug\25_23.npy
1,D:\Doctorat\datasets\LUNA 16\classification\subset4\1\1_aug\25_27.npy
1,D:\Doctorat\datasets\LUNA 16\classification\subset4\1\1_aug\25_29.npy
1,D:\Doctorat\datasets\LUNA 16\classification\subset4\1\1_aug\25_3.npy
1,D:\Doctorat\datasets\LUNA 16\classification\subset4\1\1_aug\25_31.npy
1,D:\Doctorat\datasets\LUNA 16\classification\subset4\1\1_aug\25_6.npy
1,D:\Doctorat\datasets\LUNA 16\classification\subset4\1\1_aug\25_7.npy
1,D:\Doctorat\datasets\LUNA 16\classification\subset4\1\1_aug\26_11.npy
1,D:\Doctorat\datasets\LUNA 16\classification\subset4\1\1_aug\26_13.npy
1,D:\Doctorat\datasets\LUNA 16\classification\subset4\1\1_aug\26_19.npy
1,D:\Doctorat\datasets\LUNA 16\classification\subset4\1\1_aug\26_21.npy
1,D:\Doctorat\datasets\LUNA 16\classification\subset4\1\1_aug\26_30.npy
1,D:\Doctorat\datasets\LUNA 16\classification\subset4\1\1_aug\26_31.npy
1,D:\Doctorat\datasets\LUNA 16\classification\subset4\1\1_aug\26_33.npy
1,D:\Doctorat\datasets\LUNA 16\classification\subset4\1\1_aug\27_16.npy
1,D:\Doctorat\datasets\LUNA 16\classification\subset4\1\1_aug\27_23.npy
1,D:\Doctorat\datasets\LUNA 16\classification\subset4\1\1_aug\27_26.npy
1,D:\Doctorat\datasets\LUNA 16\classification\subset4\1\1_aug\27_28.npy
1,D:\Doctorat\datasets\LUNA 16\classification\subset4\1\1_aug\27_30.npy
1,D:\Doctorat\datasets\LUNA 16\classification\subset4\1\1_aug\27_32.npy
1,D:\Doctorat\datasets\LUNA 16\classification\subset4\1\1_aug\27_6.npy
1,D:\Doctorat\datasets\LUNA 16\classification\subset4\1\1_aug\28_10.npy
1,D:\Doctorat\datasets\LUNA 16\classification\subset4\1\1_aug\28_16.npy
1,D:\Doctorat\datasets\LUNA 16\classification\subset4\1\1_aug\28_18.npy
1,D:\Doctorat\datasets\LUNA 16\classification\subset4\1\1_aug\28_20.npy
1,D:\Doctorat\datasets\LUNA 16\classification\subset4\1\1_aug\28_34.npy
1,D:\Doctorat\datasets\LUNA 16\classification\subset4\1\1_aug\28_38.npy
1,D:\Doctorat\datasets\LUNA 16\classification\subset4\1\1_aug\29_1.npy
1,D:\Doctorat\datasets\LUNA 16\classification\subset4\1\1_aug\29_15.npy
1,D:\Doctorat\datasets\LUNA 16\classification\subset4\1\1_aug\29_17.npy
1,D:\Doctorat\datasets\LUNA 16\classification\subset4\1\1_aug\29_22.npy
1,D:\Doctorat\datasets\LUNA 16\classification\subset4\1\1_aug\29_28.npy
1,D:\Doctorat\datasets\LUNA 16\classification\subset4\1\1_aug\29_31.npy
1,D:\Doctorat\datasets\LUNA 16\classification\subset4\1\1_aug\29_39.npy
1,D:\Doctorat\datasets\LUNA 16\classification\subset4\1\1_aug\29_4.npy
1,D:\Doctorat\datasets\LUNA 16\classification\subset4\1\1_aug\29_6.npy
1,D:\Doctorat\datasets\LUNA 16\classification\subset4\1\1_aug\29_7.npy
1,D:\Doctorat\datasets\LUNA 16\classification\subset4\1\1_aug\29_8.npy
1,D:\Doctorat\datasets\LUNA 16\classification\subset4\1\1_aug\2_10.npy
1,D:\Doctorat\datasets\LUNA 16\classification\subset4\1\1_aug\2_11.npy
1,D:\Doctorat\datasets\LUNA 16\classification\subset4\1\1_aug\2_15.npy
1,D:\Doctorat\datasets\LUNA 16\classification\subset4\1\1_aug\2_19.npy
1,D:\Doctorat\datasets\LUNA 16\classification\subset4\1\1_aug\2_6.npy
1,D:\Doctorat\datasets\LUNA 16\classification\subset4\1\1_aug\30_14.npy
1,D:\Doctorat\datasets\LUNA 16\classification\subset4\1\1_aug\30_16.npy
1,D:\Doctorat\datasets\LUNA 16\classification\subset4\1\1_aug\30_29.npy
1,D:\Doctorat\datasets\LUNA 16\classification\subset4\1\1_aug\30_32.npy
1,D:\Doctorat\datasets\LUNA 16\classification\subset4\1\1_aug\30_35.npy
1,D:\Doctorat\datasets\LUNA 16\classification\subset4\1\1_aug\30_36.npy
1,D:\Doctorat\datasets\LUNA 16\classification\subset4\1\1_aug\30_38.npy
1,D:\Doctorat\datasets\LUNA 16\classification\subset4\1\1_aug\30_8.npy
1,D:\Doctorat\datasets\LUNA 16\classification\subset4\1\1_aug\31_19.npy
1,D:\Doctorat\datasets\LUNA 16\classification\subset4\1\1_aug\31_21.npy
1,D:\Doctorat\datasets\LUNA 16\classification\subset4\1\1_aug\31_27.npy
1,D:\Doctorat\datasets\LUNA 16\classification\subset4\1\1_aug\31_30.npy
1,D:\Doctorat\datasets\LUNA 16\classification\subset4\1\1_aug\31_31.npy
1,D:\Doctorat\datasets\LUNA 16\classification\subset4\1\1_aug\31_34.npy
1,D:\Doctorat\datasets\LUNA 16\classification\subset4\1\1_aug\31_7.npy
1,D:\Doctorat\datasets\LUNA 16\classification\subset4\1\1_aug\32_17.npy
1,D:\Doctorat\datasets\LUNA 16\classification\subset4\1\1_aug\32_27.npy
1,D:\Doctorat\datasets\LUNA 16\classification\subset4\1\1_aug\32_32.npy
1,D:\Doctorat\datasets\LUNA 16\classification\subset4\1\1_aug\32_33.npy
1,D:\Doctorat\datasets\LUNA 16\classification\subset4\1\1_aug\32_34.npy
1,D:\Doctorat\datasets\LUNA 16\classification\subset4\1\1_aug\32_4.npy
1,D:\Doctorat\datasets\LUNA 16\classification\subset4\1\1_aug\32_8.npy
1,D:\Doctorat\datasets\LUNA 16\classification\subset4\1\1_aug\33_1.npy
1,D:\Doctorat\datasets\LUNA 16\classification\subset4\1\1_aug\33_11.npy
1,D:\Doctorat\datasets\LUNA 16\classification\subset4\1\1_aug\33_17.npy
1,D:\Doctorat\datasets\LUNA 16\classification\subset4\1\1_aug\33_19.npy
1,D:\Doctorat\datasets\LUNA 16\classification\subset4\1\1_aug\33_20.npy
1,D:\Doctorat\datasets\LUNA 16\classification\subset4\1\1_aug\33_30.npy
1,D:\Doctorat\datasets\LUNA 16\classification\subset4\1\1_aug\33_32.npy
1,D:\Doctorat\datasets\LUNA 16\classification\subset4\1\1_aug\33_35.npy
1,D:\Doctorat\datasets\LUNA 16\classification\subset4\1\1_aug\33_36.npy
1,D:\Doctorat\datasets\LUNA 16\classification\subset4\1\1_aug\33_4.npy
1,D:\Doctorat\datasets\LUNA 16\classification\subset4\1\1_aug\34_15.npy
1,D:\Doctorat\datasets\LUNA 16\classification\subset4\1\1_aug\34_17.npy
1,D:\Doctorat\datasets\LUNA 16\classification\subset4\1\1_aug\34_24.npy
1,D:\Doctorat\datasets\LUNA 16\classification\subset4\1\1_aug\34_38.npy
1,D:\Doctorat\datasets\LUNA 16\classification\subset4\1\1_aug\34_5.npy
1,D:\Doctorat\datasets\LUNA 16\classification\subset4\1\1_aug\35_15.npy
1,D:\Doctorat\datasets\LUNA 16\classification\subset4\1\1_aug\35_25.npy
1,D:\Doctorat\datasets\LUNA 16\classification\subset4\1\1_aug\35_26.npy
1,D:\Doctorat\datasets\LUNA 16\classification\subset4\1\1_aug\35_27.npy
1,D:\Doctorat\datasets\LUNA 16\classification\subset4\1\1_aug\35_30.npy
1,D:\Doctorat\datasets\LUNA 16\classification\subset4\1\1_aug\35_35.npy
1,D:\Doctorat\datasets\LUNA 16\classification\subset4\1\1_aug\35_36.npy
1,D:\Doctorat\datasets\LUNA 16\classification\subset4\1\1_aug\35_8.npy
1,D:\Doctorat\datasets\LUNA 16\classification\subset4\1\1_aug\35_9.npy
1,D:\Doctorat\datasets\LUNA 16\classification\subset4\1\1_aug\36_14.npy
1,D:\Doctorat\datasets\LUNA 16\classification\subset4\1\1_aug\36_6.npy
1,D:\Doctorat\datasets\LUNA 16\classification\subset4\1\1_aug\37_10.npy
1,D:\Doctorat\datasets\LUNA 16\classification\subset4\1\1_aug\37_27.npy
1,D:\Doctorat\datasets\LUNA 16\classification\subset4\1\1_aug\37_6.npy
1,D:\Doctorat\datasets\LUNA 16\classification\subset4\1\1_aug\37_7.npy
1,D:\Doctorat\datasets\LUNA 16\classification\subset4\1\1_aug\38_12.npy
1,D:\Doctorat\datasets\LUNA 16\classification\subset4\1\1_aug\38_22.npy
1,D:\Doctorat\datasets\LUNA 16\classification\subset4\1\1_aug\38_27.npy
1,D:\Doctorat\datasets\LUNA 16\classification\subset4\1\1_aug\38_30.npy
1,D:\Doctorat\datasets\LUNA 16\classification\subset4\1\1_aug\38_36.npy
1,D:\Doctorat\datasets\LUNA 16\classification\subset4\1\1_aug\38_37.npy
1,D:\Doctorat\datasets\LUNA 16\classification\subset4\1\1_aug\38_39.npy
1,D:\Doctorat\datasets\LUNA 16\classification\subset4\1\1_aug\39_10.npy
1,D:\Doctorat\datasets\LUNA 16\classification\subset4\1\1_aug\39_13.npy
1,D:\Doctorat\datasets\LUNA 16\classification\subset4\1\1_aug\39_19.npy
1,D:\Doctorat\datasets\LUNA 16\classification\subset4\1\1_aug\39_25.npy
1,D:\Doctorat\datasets\LUNA 16\classification\subset4\1\1_aug\39_29.npy
1,D:\Doctorat\datasets\LUNA 16\classification\subset4\1\1_aug\39_3.npy
1,D:\Doctorat\datasets\LUNA 16\classification\subset4\1\1_aug\39_30.npy
1,D:\Doctorat\datasets\LUNA 16\classification\subset4\1\1_aug\39_31.npy
1,D:\Doctorat\datasets\LUNA 16\classification\subset4\1\1_aug\39_35.npy
1,D:\Doctorat\datasets\LUNA 16\classification\subset4\1\1_aug\39_36.npy
1,D:\Doctorat\datasets\LUNA 16\classification\subset4\1\1_aug\39_7.npy
1,D:\Doctorat\datasets\LUNA 16\classification\subset4\1\1_aug\3_15.npy
1,D:\Doctorat\datasets\LUNA 16\classification\subset4\1\1_aug\3_17.npy
1,D:\Doctorat\datasets\LUNA 16\classification\subset4\1\1_aug\3_18.npy
1,D:\Doctorat\datasets\LUNA 16\classification\subset4\1\1_aug\3_3.npy
1,D:\Doctorat\datasets\LUNA 16\classification\subset4\1\1_aug\3_35.npy
1,D:\Doctorat\datasets\LUNA 16\classification\subset4\1\1_aug\3_4.npy
1,D:\Doctorat\datasets\LUNA 16\classification\subset4\1\1_aug\3_8.npy
1,D:\Doctorat\datasets\LUNA 16\classification\subset4\1\1_aug\3_9.npy
1,D:\Doctorat\datasets\LUNA 16\classification\subset4\1\1_aug\40_11.npy
1,D:\Doctorat\datasets\LUNA 16\classification\subset4\1\1_aug\40_15.npy
1,D:\Doctorat\datasets\LUNA 16\classification\subset4\1\1_aug\40_16.npy
1,D:\Doctorat\datasets\LUNA 16\classification\subset4\1\1_aug\40_17.npy
1,D:\Doctorat\datasets\LUNA 16\classification\subset4\1\1_aug\40_23.npy
1,D:\Doctorat\datasets\LUNA 16\classification\subset4\1\1_aug\40_24.npy
1,D:\Doctorat\datasets\LUNA 16\classification\subset4\1\1_aug\40_26.npy
1,D:\Doctorat\datasets\LUNA 16\classification\subset4\1\1_aug\40_31.npy
1,D:\Doctorat\datasets\LUNA 16\classification\subset4\1\1_aug\40_36.npy
1,D:\Doctorat\datasets\LUNA 16\classification\subset4\1\1_aug\40_4.npy
1,D:\Doctorat\datasets\LUNA 16\classification\subset4\1\1_aug\40_7.npy
1,D:\Doctorat\datasets\LUNA 16\classification\subset4\1\1_aug\40_9.npy
1,D:\Doctorat\datasets\LUNA 16\classification\subset4\1\1_aug\41_1.npy
1,D:\Doctorat\datasets\LUNA 16\classification\subset4\1\1_aug\41_18.npy
1,D:\Doctorat\datasets\LUNA 16\classification\subset4\1\1_aug\41_2.npy
1,D:\Doctorat\datasets\LUNA 16\classification\subset4\1\1_aug\41_23.npy
1,D:\Doctorat\datasets\LUNA 16\classification\subset4\1\1_aug\41_24.npy
1,D:\Doctorat\datasets\LUNA 16\classification\subset4\1\1_aug\41_34.npy
1,D:\Doctorat\datasets\LUNA 16\classification\subset4\1\1_aug\41_38.npy
1,D:\Doctorat\datasets\LUNA 16\classification\subset4\1\1_aug\41_39.npy
1,D:\Doctorat\datasets\LUNA 16\classification\subset4\1\1_aug\41_4.npy
1,D:\Doctorat\datasets\LUNA 16\classification\subset4\1\1_aug\42_14.npy
1,D:\Doctorat\datasets\LUNA 16\classification\subset4\1\1_aug\42_17.npy
1,D:\Doctorat\datasets\LUNA 16\classification\subset4\1\1_aug\42_2.npy
1,D:\Doctorat\datasets\LUNA 16\classification\subset4\1\1_aug\42_22.npy
1,D:\Doctorat\datasets\LUNA 16\classification\subset4\1\1_aug\42_23.npy
1,D:\Doctorat\datasets\LUNA 16\classification\subset4\1\1_aug\42_29.npy
1,D:\Doctorat\datasets\LUNA 16\classification\subset4\1\1_aug\42_33.npy
1,D:\Doctorat\datasets\LUNA 16\classification\subset4\1\1_aug\42_4.npy
1,D:\Doctorat\datasets\LUNA 16\classification\subset4\1\1_aug\42_9.npy
1,D:\Doctorat\datasets\LUNA 16\classification\subset4\1\1_aug\43_1.npy
1,D:\Doctorat\datasets\LUNA 16\classification\subset4\1\1_aug\43_14.npy
1,D:\Doctorat\datasets\LUNA 16\classification\subset4\1\1_aug\43_18.npy
1,D:\Doctorat\datasets\LUNA 16\classification\subset4\1\1_aug\43_24.npy
1,D:\Doctorat\datasets\LUNA 16\classification\subset4\1\1_aug\43_8.npy
1,D:\Doctorat\datasets\LUNA 16\classification\subset4\1\1_aug\44_1.npy
1,D:\Doctorat\datasets\LUNA 16\classification\subset4\1\1_aug\44_20.npy
1,D:\Doctorat\datasets\LUNA 16\classification\subset4\1\1_aug\44_22.npy
1,D:\Doctorat\datasets\LUNA 16\classification\subset4\1\1_aug\44_33.npy
1,D:\Doctorat\datasets\LUNA 16\classification\subset4\1\1_aug\44_6.npy
1,D:\Doctorat\datasets\LUNA 16\classification\subset4\1\1_aug\44_9.npy
1,D:\Doctorat\datasets\LUNA 16\classification\subset4\1\1_aug\45_13.npy
1,D:\Doctorat\datasets\LUNA 16\classification\subset4\1\1_aug\45_15.npy
1,D:\Doctorat\datasets\LUNA 16\classification\subset4\1\1_aug\45_32.npy
1,D:\Doctorat\datasets\LUNA 16\classification\subset4\1\1_aug\46_13.npy
1,D:\Doctorat\datasets\LUNA 16\classification\subset4\1\1_aug\46_14.npy
1,D:\Doctorat\datasets\LUNA 16\classification\subset4\1\1_aug\46_16.npy
1,D:\Doctorat\datasets\LUNA 16\classification\subset4\1\1_aug\46_23.npy
1,D:\Doctorat\datasets\LUNA 16\classification\subset4\1\1_aug\46_24.npy
1,D:\Doctorat\datasets\LUNA 16\classification\subset4\1\1_aug\46_25.npy
1,D:\Doctorat\datasets\LUNA 16\classification\subset4\1\1_aug\46_31.npy
1,D:\Doctorat\datasets\LUNA 16\classification\subset4\1\1_aug\46_32.npy
1,D:\Doctorat\datasets\LUNA 16\classification\subset4\1\1_aug\46_35.npy
1,D:\Doctorat\datasets\LUNA 16\classification\subset4\1\1_aug\46_39.npy
1,D:\Doctorat\datasets\LUNA 16\classification\subset4\1\1_aug\46_9.npy
1,D:\Doctorat\datasets\LUNA 16\classification\subset4\1\1_aug\47_11.npy
1,D:\Doctorat\datasets\LUNA 16\classification\subset4\1\1_aug\47_28.npy
1,D:\Doctorat\datasets\LUNA 16\classification\subset4\1\1_aug\47_30.npy
1,D:\Doctorat\datasets\LUNA 16\classification\subset4\1\1_aug\48_16.npy
1,D:\Doctorat\datasets\LUNA 16\classification\subset4\1\1_aug\48_18.npy
1,D:\Doctorat\datasets\LUNA 16\classification\subset4\1\1_aug\48_2.npy
1,D:\Doctorat\datasets\LUNA 16\classification\subset4\1\1_aug\48_21.npy
1,D:\Doctorat\datasets\LUNA 16\classification\subset4\1\1_aug\48_27.npy
1,D:\Doctorat\datasets\LUNA 16\classification\subset4\1\1_aug\48_30.npy
1,D:\Doctorat\datasets\LUNA 16\classification\subset4\1\1_aug\48_35.npy
1,D:\Doctorat\datasets\LUNA 16\classification\subset4\1\1_aug\48_38.npy
1,D:\Doctorat\datasets\LUNA 16\classification\subset4\1\1_aug\48_40.npy
1,D:\Doctorat\datasets\LUNA 16\classification\subset4\1\1_aug\49_17.npy
1,D:\Doctorat\datasets\LUNA 16\classification\subset4\1\1_aug\49_21.npy
1,D:\Doctorat\datasets\LUNA 16\classification\subset4\1\1_aug\49_33.npy
1,D:\Doctorat\datasets\LUNA 16\classification\subset4\1\1_aug\49_8.npy
1,D:\Doctorat\datasets\LUNA 16\classification\subset4\1\1_aug\4_14.npy
1,D:\Doctorat\datasets\LUNA 16\classification\subset4\1\1_aug\4_21.npy
1,D:\Doctorat\datasets\LUNA 16\classification\subset4\1\1_aug\4_23.npy
1,D:\Doctorat\datasets\LUNA 16\classification\subset4\1\1_aug\4_28.npy
1,D:\Doctorat\datasets\LUNA 16\classification\subset4\1\1_aug\4_36.npy
1,D:\Doctorat\datasets\LUNA 16\classification\subset4\1\1_aug\4_8.npy
1,D:\Doctorat\datasets\LUNA 16\classification\subset4\1\1_aug\50_10.npy
1,D:\Doctorat\datasets\LUNA 16\classification\subset4\1\1_aug\50_16.npy
1,D:\Doctorat\datasets\LUNA 16\classification\subset4\1\1_aug\50_18.npy
1,D:\Doctorat\datasets\LUNA 16\classification\subset4\1\1_aug\50_22.npy
1,D:\Doctorat\datasets\LUNA 16\classification\subset4\1\1_aug\50_3.npy
1,D:\Doctorat\datasets\LUNA 16\classification\subset4\1\1_aug\50_34.npy
1,D:\Doctorat\datasets\LUNA 16\classification\subset4\1\1_aug\51_12.npy
1,D:\Doctorat\datasets\LUNA 16\classification\subset4\1\1_aug\51_18.npy
1,D:\Doctorat\datasets\LUNA 16\classification\subset4\1\1_aug\51_20.npy
1,D:\Doctorat\datasets\LUNA 16\classification\subset4\1\1_aug\51_28.npy
1,D:\Doctorat\datasets\LUNA 16\classification\subset4\1\1_aug\51_35.npy
1,D:\Doctorat\datasets\LUNA 16\classification\subset4\1\1_aug\51_36.npy
1,D:\Doctorat\datasets\LUNA 16\classification\subset4\1\1_aug\51_38.npy
1,D:\Doctorat\datasets\LUNA 16\classification\subset4\1\1_aug\51_8.npy
1,D:\Doctorat\datasets\LUNA 16\classification\subset4\1\1_aug\52_1.npy
1,D:\Doctorat\datasets\LUNA 16\classification\subset4\1\1_aug\52_18.npy
1,D:\Doctorat\datasets\LUNA 16\classification\subset4\1\1_aug\52_28.npy
1,D:\Doctorat\datasets\LUNA 16\classification\subset4\1\1_aug\52_33.npy
1,D:\Doctorat\datasets\LUNA 16\classification\subset4\1\1_aug\52_34.npy
1,D:\Doctorat\datasets\LUNA 16\classification\subset4\1\1_aug\52_37.npy
1,D:\Doctorat\datasets\LUNA 16\classification\subset4\1\1_aug\52_40.npy
1,D:\Doctorat\datasets\LUNA 16\classification\subset4\1\1_aug\52_9.npy
1,D:\Doctorat\datasets\LUNA 16\classification\subset4\1\1_aug\53_17.npy
1,D:\Doctorat\datasets\LUNA 16\classification\subset4\1\1_aug\53_22.npy
1,D:\Doctorat\datasets\LUNA 16\classification\subset4\1\1_aug\53_25.npy
1,D:\Doctorat\datasets\LUNA 16\classification\subset4\1\1_aug\53_28.npy
1,D:\Doctorat\datasets\LUNA 16\classification\subset4\1\1_aug\53_33.npy
1,D:\Doctorat\datasets\LUNA 16\classification\subset4\1\1_aug\53_35.npy
1,D:\Doctorat\datasets\LUNA 16\classification\subset4\1\1_aug\53_36.npy
1,D:\Doctorat\datasets\LUNA 16\classification\subset4\1\1_aug\53_40.npy
1,D:\Doctorat\datasets\LUNA 16\classification\subset4\1\1_aug\53_5.npy
1,D:\Doctorat\datasets\LUNA 16\classification\subset4\1\1_aug\53_6.npy
1,D:\Doctorat\datasets\LUNA 16\classification\subset4\1\1_aug\54_14.npy
1,D:\Doctorat\datasets\LUNA 16\classification\subset4\1\1_aug\54_17.npy
1,D:\Doctorat\datasets\LUNA 16\classification\subset4\1\1_aug\54_27.npy
1,D:\Doctorat\datasets\LUNA 16\classification\subset4\1\1_aug\54_3.npy
1,D:\Doctorat\datasets\LUNA 16\classification\subset4\1\1_aug\54_30.npy
1,D:\Doctorat\datasets\LUNA 16\classification\subset4\1\1_aug\54_32.npy
1,D:\Doctorat\datasets\LUNA 16\classification\subset4\1\1_aug\54_35.npy
1,D:\Doctorat\datasets\LUNA 16\classification\subset4\1\1_aug\54_6.npy
1,D:\Doctorat\datasets\LUNA 16\classification\subset4\1\1_aug\55_15.npy
1,D:\Doctorat\datasets\LUNA 16\classification\subset4\1\1_aug\55_22.npy
1,D:\Doctorat\datasets\LUNA 16\classification\subset4\1\1_aug\55_33.npy
1,D:\Doctorat\datasets\LUNA 16\classification\subset4\1\1_aug\55_35.npy
1,D:\Doctorat\datasets\LUNA 16\classification\subset4\1\1_aug\55_7.npy
1,D:\Doctorat\datasets\LUNA 16\classification\subset4\1\1_aug\56_10.npy
1,D:\Doctorat\datasets\LUNA 16\classification\subset4\1\1_aug\56_12.npy
1,D:\Doctorat\datasets\LUNA 16\classification\subset4\1\1_aug\56_16.npy
1,D:\Doctorat\datasets\LUNA 16\classification\subset4\1\1_aug\56_18.npy
1,D:\Doctorat\datasets\LUNA 16\classification\subset4\1\1_aug\56_20.npy
1,D:\Doctorat\datasets\LUNA 16\classification\subset4\1\1_aug\56_21.npy
1,D:\Doctorat\datasets\LUNA 16\classification\subset4\1\1_aug\56_3.npy
1,D:\Doctorat\datasets\LUNA 16\classification\subset4\1\1_aug\56_32.npy
1,D:\Doctorat\datasets\LUNA 16\classification\subset4\1\1_aug\56_7.npy
1,D:\Doctorat\datasets\LUNA 16\classification\subset4\1\1_aug\57_14.npy
1,D:\Doctorat\datasets\LUNA 16\classification\subset4\1\1_aug\57_21.npy
1,D:\Doctorat\datasets\LUNA 16\classification\subset4\1\1_aug\57_32.npy
1,D:\Doctorat\datasets\LUNA 16\classification\subset4\1\1_aug\57_38.npy
1,D:\Doctorat\datasets\LUNA 16\classification\subset4\1\1_aug\57_40.npy
1,D:\Doctorat\datasets\LUNA 16\classification\subset4\1\1_aug\57_6.npy
1,D:\Doctorat\datasets\LUNA 16\classification\subset4\1\1_aug\57_7.npy
1,D:\Doctorat\datasets\LUNA 16\classification\subset4\1\1_aug\58_1.npy
1,D:\Doctorat\datasets\LUNA 16\classification\subset4\1\1_aug\58_11.npy
1,D:\Doctorat\datasets\LUNA 16\classification\subset4\1\1_aug\58_15.npy
1,D:\Doctorat\datasets\LUNA 16\classification\subset4\1\1_aug\58_17.npy
1,D:\Doctorat\datasets\LUNA 16\classification\subset4\1\1_aug\58_19.npy
1,D:\Doctorat\datasets\LUNA 16\classification\subset4\1\1_aug\58_22.npy
1,D:\Doctorat\datasets\LUNA 16\classification\subset4\1\1_aug\58_9.npy
1,D:\Doctorat\datasets\LUNA 16\classification\subset4\1\1_aug\59_19.npy
1,D:\Doctorat\datasets\LUNA 16\classification\subset4\1\1_aug\59_22.npy
1,D:\Doctorat\datasets\LUNA 16\classification\subset4\1\1_aug\59_28.npy
1,D:\Doctorat\datasets\LUNA 16\classification\subset4\1\1_aug\59_33.npy
1,D:\Doctorat\datasets\LUNA 16\classification\subset4\1\1_aug\59_36.npy
1,D:\Doctorat\datasets\LUNA 16\classification\subset4\1\1_aug\59_8.npy
1,D:\Doctorat\datasets\LUNA 16\classification\subset4\1\1_aug\5_1.npy
1,D:\Doctorat\datasets\LUNA 16\classification\subset4\1\1_aug\5_12.npy
1,D:\Doctorat\datasets\LUNA 16\classification\subset4\1\1_aug\5_13.npy
1,D:\Doctorat\datasets\LUNA 16\classification\subset4\1\1_aug\5_17.npy
1,D:\Doctorat\datasets\LUNA 16\classification\subset4\1\1_aug\5_19.npy
1,D:\Doctorat\datasets\LUNA 16\classification\subset4\1\1_aug\5_28.npy
1,D:\Doctorat\datasets\LUNA 16\classification\subset4\1\1_aug\5_30.npy
1,D:\Doctorat\datasets\LUNA 16\classification\subset4\1\1_aug\5_32.npy
1,D:\Doctorat\datasets\LUNA 16\classification\subset4\1\1_aug\5_34.npy
1,D:\Doctorat\datasets\LUNA 16\classification\subset4\1\1_aug\5_38.npy
1,D:\Doctorat\datasets\LUNA 16\classification\subset4\1\1_aug\5_5.npy
1,D:\Doctorat\datasets\LUNA 16\classification\subset4\1\1_aug\60_17.npy
1,D:\Doctorat\datasets\LUNA 16\classification\subset4\1\1_aug\60_22.npy
1,D:\Doctorat\datasets\LUNA 16\classification\subset4\1\1_aug\60_26.npy
1,D:\Doctorat\datasets\LUNA 16\classification\subset4\1\1_aug\60_34.npy
1,D:\Doctorat\datasets\LUNA 16\classification\subset4\1\1_aug\61_12.npy
1,D:\Doctorat\datasets\LUNA 16\classification\subset4\1\1_aug\61_15.npy
1,D:\Doctorat\datasets\LUNA 16\classification\subset4\1\1_aug\61_18.npy
1,D:\Doctorat\datasets\LUNA 16\classification\subset4\1\1_aug\61_2.npy
1,D:\Doctorat\datasets\LUNA 16\classification\subset4\1\1_aug\61_24.npy
1,D:\Doctorat\datasets\LUNA 16\classification\subset4\1\1_aug\61_27.npy
1,D:\Doctorat\datasets\LUNA 16\classification\subset4\1\1_aug\61_37.npy
1,D:\Doctorat\datasets\LUNA 16\classification\subset4\1\1_aug\61_39.npy
1,D:\Doctorat\datasets\LUNA 16\classification\subset4\1\1_aug\61_40.npy
1,D:\Doctorat\datasets\LUNA 16\classification\subset4\1\1_aug\61_5.npy
1,D:\Doctorat\datasets\LUNA 16\classification\subset4\1\1_aug\62_1.npy
1,D:\Doctorat\datasets\LUNA 16\classification\subset4\1\1_aug\62_19.npy
1,D:\Doctorat\datasets\LUNA 16\classification\subset4\1\1_aug\62_24.npy
1,D:\Doctorat\datasets\LUNA 16\classification\subset4\1\1_aug\62_25.npy
1,D:\Doctorat\datasets\LUNA 16\classification\subset4\1\1_aug\62_3.npy
1,D:\Doctorat\datasets\LUNA 16\classification\subset4\1\1_aug\62_7.npy
1,D:\Doctorat\datasets\LUNA 16\classification\subset4\1\1_aug\63_14.npy
1,D:\Doctorat\datasets\LUNA 16\classification\subset4\1\1_aug\63_27.npy
1,D:\Doctorat\datasets\LUNA 16\classification\subset4\1\1_aug\63_37.npy
1,D:\Doctorat\datasets\LUNA 16\classification\subset4\1\1_aug\63_38.npy
1,D:\Doctorat\datasets\LUNA 16\classification\subset4\1\1_aug\63_5.npy
1,D:\Doctorat\datasets\LUNA 16\classification\subset4\1\1_aug\63_6.npy
1,D:\Doctorat\datasets\LUNA 16\classification\subset4\1\1_aug\63_9.npy
1,D:\Doctorat\datasets\LUNA 16\classification\subset4\1\1_aug\64_18.npy
1,D:\Doctorat\datasets\LUNA 16\classification\subset4\1\1_aug\64_19.npy
1,D:\Doctorat\datasets\LUNA 16\classification\subset4\1\1_aug\64_22.npy
1,D:\Doctorat\datasets\LUNA 16\classification\subset4\1\1_aug\64_26.npy
1,D:\Doctorat\datasets\LUNA 16\classification\subset4\1\1_aug\64_34.npy
1,D:\Doctorat\datasets\LUNA 16\classification\subset4\1\1_aug\64_36.npy
1,D:\Doctorat\datasets\LUNA 16\classification\subset4\1\1_aug\64_5.npy
1,D:\Doctorat\datasets\LUNA 16\classification\subset4\1\1_aug\65_10.npy
1,D:\Doctorat\datasets\LUNA 16\classification\subset4\1\1_aug\65_14.npy
1,D:\Doctorat\datasets\LUNA 16\classification\subset4\1\1_aug\65_19.npy
1,D:\Doctorat\datasets\LUNA 16\classification\subset4\1\1_aug\65_25.npy
1,D:\Doctorat\datasets\LUNA 16\classification\subset4\1\1_aug\65_28.npy
1,D:\Doctorat\datasets\LUNA 16\classification\subset4\1\1_aug\65_29.npy
1,D:\Doctorat\datasets\LUNA 16\classification\subset4\1\1_aug\65_37.npy
1,D:\Doctorat\datasets\LUNA 16\classification\subset4\1\1_aug\65_6.npy
1,D:\Doctorat\datasets\LUNA 16\classification\subset4\1\1_aug\65_8.npy
1,D:\Doctorat\datasets\LUNA 16\classification\subset4\1\1_aug\65_9.npy
1,D:\Doctorat\datasets\LUNA 16\classification\subset4\1\1_aug\66_28.npy
1,D:\Doctorat\datasets\LUNA 16\classification\subset4\1\1_aug\66_30.npy
1,D:\Doctorat\datasets\LUNA 16\classification\subset4\1\1_aug\66_33.npy
1,D:\Doctorat\datasets\LUNA 16\classification\subset4\1\1_aug\66_34.npy
1,D:\Doctorat\datasets\LUNA 16\classification\subset4\1\1_aug\67_12.npy
1,D:\Doctorat\datasets\LUNA 16\classification\subset4\1\1_aug\67_16.npy
1,D:\Doctorat\datasets\LUNA 16\classification\subset4\1\1_aug\67_20.npy
1,D:\Doctorat\datasets\LUNA 16\classification\subset4\1\1_aug\67_21.npy
1,D:\Doctorat\datasets\LUNA 16\classification\subset4\1\1_aug\67_29.npy
1,D:\Doctorat\datasets\LUNA 16\classification\subset4\1\1_aug\67_32.npy
1,D:\Doctorat\datasets\LUNA 16\classification\subset4\1\1_aug\67_34.npy
1,D:\Doctorat\datasets\LUNA 16\classification\subset4\1\1_aug\67_36.npy
1,D:\Doctorat\datasets\LUNA 16\classification\subset4\1\1_aug\67_9.npy
1,D:\Doctorat\datasets\LUNA 16\classification\subset4\1\1_aug\68_11.npy
1,D:\Doctorat\datasets\LUNA 16\classification\subset4\1\1_aug\68_12.npy
1,D:\Doctorat\datasets\LUNA 16\classification\subset4\1\1_aug\68_17.npy
1,D:\Doctorat\datasets\LUNA 16\classification\subset4\1\1_aug\68_22.npy
1,D:\Doctorat\datasets\LUNA 16\classification\subset4\1\1_aug\68_28.npy
1,D:\Doctorat\datasets\LUNA 16\classification\subset4\1\1_aug\68_39.npy
1,D:\Doctorat\datasets\LUNA 16\classification\subset4\1\1_aug\68_5.npy
1,D:\Doctorat\datasets\LUNA 16\classification\subset4\1\1_aug\69_1.npy
1,D:\Doctorat\datasets\LUNA 16\classification\subset4\1\1_aug\69_12.npy
1,D:\Doctorat\datasets\LUNA 16\classification\subset4\1\1_aug\69_15.npy
1,D:\Doctorat\datasets\LUNA 16\classification\subset4\1\1_aug\69_17.npy
1,D:\Doctorat\datasets\LUNA 16\classification\subset4\1\1_aug\69_18.npy
1,D:\Doctorat\datasets\LUNA 16\classification\subset4\1\1_aug\69_25.npy
1,D:\Doctorat\datasets\LUNA 16\classification\subset4\1\1_aug\69_30.npy
1,D:\Doctorat\datasets\LUNA 16\classification\subset4\1\1_aug\69_31.npy
1,D:\Doctorat\datasets\LUNA 16\classification\subset4\1\1_aug\69_34.npy
1,D:\Doctorat\datasets\LUNA 16\classification\subset4\1\1_aug\69_35.npy
1,D:\Doctorat\datasets\LUNA 16\classification\subset4\1\1_aug\69_7.npy
1,D:\Doctorat\datasets\LUNA 16\classification\subset4\1\1_aug\69_8.npy
1,D:\Doctorat\datasets\LUNA 16\classification\subset4\1\1_aug\69_9.npy
1,D:\Doctorat\datasets\LUNA 16\classification\subset4\1\1_aug\6_11.npy
1,D:\Doctorat\datasets\LUNA 16\classification\subset4\1\1_aug\6_13.npy
1,D:\Doctorat\datasets\LUNA 16\classification\subset4\1\1_aug\6_19.npy
1,D:\Doctorat\datasets\LUNA 16\classification\subset4\1\1_aug\6_20.npy
1,D:\Doctorat\datasets\LUNA 16\classification\subset4\1\1_aug\6_26.npy
1,D:\Doctorat\datasets\LUNA 16\classification\subset4\1\1_aug\6_27.npy
1,D:\Doctorat\datasets\LUNA 16\classification\subset4\1\1_aug\6_31.npy
1,D:\Doctorat\datasets\LUNA 16\classification\subset4\1\1_aug\6_32.npy
1,D:\Doctorat\datasets\LUNA 16\classification\subset4\1\1_aug\6_4.npy
1,D:\Doctorat\datasets\LUNA 16\classification\subset4\1\1_aug\70_10.npy
1,D:\Doctorat\datasets\LUNA 16\classification\subset4\1\1_aug\70_12.npy
1,D:\Doctorat\datasets\LUNA 16\classification\subset4\1\1_aug\70_16.npy
1,D:\Doctorat\datasets\LUNA 16\classification\subset4\1\1_aug\70_17.npy
1,D:\Doctorat\datasets\LUNA 16\classification\subset4\1\1_aug\70_19.npy
1,D:\Doctorat\datasets\LUNA 16\classification\subset4\1\1_aug\70_20.npy
1,D:\Doctorat\datasets\LUNA 16\classification\subset4\1\1_aug\70_21.npy
1,D:\Doctorat\datasets\LUNA 16\classification\subset4\1\1_aug\70_34.npy
1,D:\Doctorat\datasets\LUNA 16\classification\subset4\1\1_aug\70_37.npy
1,D:\Doctorat\datasets\LUNA 16\classification\subset4\1\1_aug\70_4.npy
1,D:\Doctorat\datasets\LUNA 16\classification\subset4\1\1_aug\71_1.npy
1,D:\Doctorat\datasets\LUNA 16\classification\subset4\1\1_aug\71_10.npy
1,D:\Doctorat\datasets\LUNA 16\classification\subset4\1\1_aug\71_12.npy
1,D:\Doctorat\datasets\LUNA 16\classification\subset4\1\1_aug\71_16.npy
1,D:\Doctorat\datasets\LUNA 16\classification\subset4\1\1_aug\71_19.npy
1,D:\Doctorat\datasets\LUNA 16\classification\subset4\1\1_aug\71_21.npy
1,D:\Doctorat\datasets\LUNA 16\classification\subset4\1\1_aug\71_6.npy
1,D:\Doctorat\datasets\LUNA 16\classification\subset4\1\1_aug\72_1.npy
1,D:\Doctorat\datasets\LUNA 16\classification\subset4\1\1_aug\72_15.npy
1,D:\Doctorat\datasets\LUNA 16\classification\subset4\1\1_aug\72_18.npy
1,D:\Doctorat\datasets\LUNA 16\classification\subset4\1\1_aug\72_20.npy
1,D:\Doctorat\datasets\LUNA 16\classification\subset4\1\1_aug\72_22.npy
1,D:\Doctorat\datasets\LUNA 16\classification\subset4\1\1_aug\72_29.npy
1,D:\Doctorat\datasets\LUNA 16\classification\subset4\1\1_aug\72_3.npy
1,D:\Doctorat\datasets\LUNA 16\classification\subset4\1\1_aug\72_32.npy
1,D:\Doctorat\datasets\LUNA 16\classification\subset4\1\1_aug\72_33.npy
1,D:\Doctorat\datasets\LUNA 16\classification\subset4\1\1_aug\73_14.npy
1,D:\Doctorat\datasets\LUNA 16\classification\subset4\1\1_aug\73_16.npy
1,D:\Doctorat\datasets\LUNA 16\classification\subset4\1\1_aug\73_17.npy
1,D:\Doctorat\datasets\LUNA 16\classification\subset4\1\1_aug\73_2.npy
1,D:\Doctorat\datasets\LUNA 16\classification\subset4\1\1_aug\73_20.npy
1,D:\Doctorat\datasets\LUNA 16\classification\subset4\1\1_aug\73_21.npy
1,D:\Doctorat\datasets\LUNA 16\classification\subset4\1\1_aug\73_23.npy
1,D:\Doctorat\datasets\LUNA 16\classification\subset4\1\1_aug\73_33.npy
1,D:\Doctorat\datasets\LUNA 16\classification\subset4\1\1_aug\73_36.npy
1,D:\Doctorat\datasets\LUNA 16\classification\subset4\1\1_aug\73_40.npy
1,D:\Doctorat\datasets\LUNA 16\classification\subset4\1\1_aug\73_6.npy
1,D:\Doctorat\datasets\LUNA 16\classification\subset4\1\1_aug\73_8.npy
1,D:\Doctorat\datasets\LUNA 16\classification\subset4\1\1_aug\74_12.npy
1,D:\Doctorat\datasets\LUNA 16\classification\subset4\1\1_aug\74_17.npy
1,D:\Doctorat\datasets\LUNA 16\classification\subset4\1\1_aug\74_21.npy
1,D:\Doctorat\datasets\LUNA 16\classification\subset4\1\1_aug\74_26.npy
1,D:\Doctorat\datasets\LUNA 16\classification\subset4\1\1_aug\74_29.npy
1,D:\Doctorat\datasets\LUNA 16\classification\subset4\1\1_aug\74_3.npy
1,D:\Doctorat\datasets\LUNA 16\classification\subset4\1\1_aug\74_32.npy
1,D:\Doctorat\datasets\LUNA 16\classification\subset4\1\1_aug\74_34.npy
1,D:\Doctorat\datasets\LUNA 16\classification\subset4\1\1_aug\74_38.npy
1,D:\Doctorat\datasets\LUNA 16\classification\subset4\1\1_aug\74_39.npy
1,D:\Doctorat\datasets\LUNA 16\classification\subset4\1\1_aug\74_7.npy
1,D:\Doctorat\datasets\LUNA 16\classification\subset4\1\1_aug\74_9.npy
1,D:\Doctorat\datasets\LUNA 16\classification\subset4\1\1_aug\75_16.npy
1,D:\Doctorat\datasets\LUNA 16\classification\subset4\1\1_aug\75_24.npy
1,D:\Doctorat\datasets\LUNA 16\classification\subset4\1\1_aug\75_3.npy
1,D:\Doctorat\datasets\LUNA 16\classification\subset4\1\1_aug\75_36.npy
1,D:\Doctorat\datasets\LUNA 16\classification\subset4\1\1_aug\75_4.npy
1,D:\Doctorat\datasets\LUNA 16\classification\subset4\1\1_aug\75_5.npy
1,D:\Doctorat\datasets\LUNA 16\classification\subset4\1\1_aug\76_12.npy
1,D:\Doctorat\datasets\LUNA 16\classification\subset4\1\1_aug\76_13.npy
1,D:\Doctorat\datasets\LUNA 16\classification\subset4\1\1_aug\76_19.npy
1,D:\Doctorat\datasets\LUNA 16\classification\subset4\1\1_aug\76_23.npy
1,D:\Doctorat\datasets\LUNA 16\classification\subset4\1\1_aug\76_25.npy
1,D:\Doctorat\datasets\LUNA 16\classification\subset4\1\1_aug\76_31.npy
1,D:\Doctorat\datasets\LUNA 16\classification\subset4\1\1_aug\76_4.npy
1,D:\Doctorat\datasets\LUNA 16\classification\subset4\1\1_aug\77_12.npy
1,D:\Doctorat\datasets\LUNA 16\classification\subset4\1\1_aug\77_13.npy
1,D:\Doctorat\datasets\LUNA 16\classification\subset4\1\1_aug\77_14.npy
1,D:\Doctorat\datasets\LUNA 16\classification\subset4\1\1_aug\77_2.npy
1,D:\Doctorat\datasets\LUNA 16\classification\subset4\1\1_aug\77_22.npy
1,D:\Doctorat\datasets\LUNA 16\classification\subset4\1\1_aug\77_28.npy
1,D:\Doctorat\datasets\LUNA 16\classification\subset4\1\1_aug\77_29.npy
1,D:\Doctorat\datasets\LUNA 16\classification\subset4\1\1_aug\77_30.npy
1,D:\Doctorat\datasets\LUNA 16\classification\subset4\1\1_aug\77_34.npy
1,D:\Doctorat\datasets\LUNA 16\classification\subset4\1\1_aug\77_7.npy
1,D:\Doctorat\datasets\LUNA 16\classification\subset4\1\1_aug\77_8.npy
1,D:\Doctorat\datasets\LUNA 16\classification\subset4\1\1_aug\78_1.npy
1,D:\Doctorat\datasets\LUNA 16\classification\subset4\1\1_aug\78_11.npy
1,D:\Doctorat\datasets\LUNA 16\classification\subset4\1\1_aug\78_21.npy
1,D:\Doctorat\datasets\LUNA 16\classification\subset4\1\1_aug\78_23.npy
1,D:\Doctorat\datasets\LUNA 16\classification\subset4\1\1_aug\78_34.npy
1,D:\Doctorat\datasets\LUNA 16\classification\subset4\1\1_aug\78_37.npy
1,D:\Doctorat\datasets\LUNA 16\classification\subset4\1\1_aug\78_8.npy
1,D:\Doctorat\datasets\LUNA 16\classification\subset4\1\1_aug\79_29.npy
1,D:\Doctorat\datasets\LUNA 16\classification\subset4\1\1_aug\79_3.npy
1,D:\Doctorat\datasets\LUNA 16\classification\subset4\1\1_aug\79_40.npy
1,D:\Doctorat\datasets\LUNA 16\classification\subset4\1\1_aug\7_21.npy
1,D:\Doctorat\datasets\LUNA 16\classification\subset4\1\1_aug\7_26.npy
1,D:\Doctorat\datasets\LUNA 16\classification\subset4\1\1_aug\7_32.npy
1,D:\Doctorat\datasets\LUNA 16\classification\subset4\1\1_aug\7_36.npy
1,D:\Doctorat\datasets\LUNA 16\classification\subset4\1\1_aug\7_38.npy
1,D:\Doctorat\datasets\LUNA 16\classification\subset4\1\1_aug\7_9.npy
1,D:\Doctorat\datasets\LUNA 16\classification\subset4\1\1_aug\80_18.npy
1,D:\Doctorat\datasets\LUNA 16\classification\subset4\1\1_aug\80_21.npy
1,D:\Doctorat\datasets\LUNA 16\classification\subset4\1\1_aug\80_25.npy
1,D:\Doctorat\datasets\LUNA 16\classification\subset4\1\1_aug\80_27.npy
1,D:\Doctorat\datasets\LUNA 16\classification\subset4\1\1_aug\80_29.npy
1,D:\Doctorat\datasets\LUNA 16\classification\subset4\1\1_aug\80_4.npy
1,D:\Doctorat\datasets\LUNA 16\classification\subset4\1\1_aug\80_8.npy
1,D:\Doctorat\datasets\LUNA 16\classification\subset4\1\1_aug\80_9.npy
1,D:\Doctorat\datasets\LUNA 16\classification\subset4\1\1_aug\81_16.npy
1,D:\Doctorat\datasets\LUNA 16\classification\subset4\1\1_aug\81_2.npy
1,D:\Doctorat\datasets\LUNA 16\classification\subset4\1\1_aug\81_29.npy
1,D:\Doctorat\datasets\LUNA 16\classification\subset4\1\1_aug\81_34.npy
1,D:\Doctorat\datasets\LUNA 16\classification\subset4\1\1_aug\81_39.npy
1,D:\Doctorat\datasets\LUNA 16\classification\subset4\1\1_aug\82_10.npy
1,D:\Doctorat\datasets\LUNA 16\classification\subset4\1\1_aug\82_16.npy
1,D:\Doctorat\datasets\LUNA 16\classification\subset4\1\1_aug\82_19.npy
1,D:\Doctorat\datasets\LUNA 16\classification\subset4\1\1_aug\82_21.npy
1,D:\Doctorat\datasets\LUNA 16\classification\subset4\1\1_aug\82_24.npy
1,D:\Doctorat\datasets\LUNA 16\classification\subset4\1\1_aug\82_28.npy
1,D:\Doctorat\datasets\LUNA 16\classification\subset4\1\1_aug\82_3.npy
1,D:\Doctorat\datasets\LUNA 16\classification\subset4\1\1_aug\82_31.npy
1,D:\Doctorat\datasets\LUNA 16\classification\subset4\1\1_aug\82_33.npy
1,D:\Doctorat\datasets\LUNA 16\classification\subset4\1\1_aug\82_34.npy
1,D:\Doctorat\datasets\LUNA 16\classification\subset4\1\1_aug\82_35.npy
1,D:\Doctorat\datasets\LUNA 16\classification\subset4\1\1_aug\82_38.npy
1,D:\Doctorat\datasets\LUNA 16\classification\subset4\1\1_aug\82_7.npy
1,D:\Doctorat\datasets\LUNA 16\classification\subset4\1\1_aug\83_13.npy
1,D:\Doctorat\datasets\LUNA 16\classification\subset4\1\1_aug\83_15.npy
1,D:\Doctorat\datasets\LUNA 16\classification\subset4\1\1_aug\83_16.npy
1,D:\Doctorat\datasets\LUNA 16\classification\subset4\1\1_aug\83_21.npy
1,D:\Doctorat\datasets\LUNA 16\classification\subset4\1\1_aug\83_22.npy
1,D:\Doctorat\datasets\LUNA 16\classification\subset4\1\1_aug\83_31.npy
1,D:\Doctorat\datasets\LUNA 16\classification\subset4\1\1_aug\83_39.npy
1,D:\Doctorat\datasets\LUNA 16\classification\subset4\1\1_aug\83_5.npy
1,D:\Doctorat\datasets\LUNA 16\classification\subset4\1\1_aug\84_1.npy
1,D:\Doctorat\datasets\LUNA 16\classification\subset4\1\1_aug\84_14.npy
1,D:\Doctorat\datasets\LUNA 16\classification\subset4\1\1_aug\84_2.npy
1,D:\Doctorat\datasets\LUNA 16\classification\subset4\1\1_aug\84_24.npy
1,D:\Doctorat\datasets\LUNA 16\classification\subset4\1\1_aug\84_27.npy
1,D:\Doctorat\datasets\LUNA 16\classification\subset4\1\1_aug\84_3.npy
1,D:\Doctorat\datasets\LUNA 16\classification\subset4\1\1_aug\84_33.npy
1,D:\Doctorat\datasets\LUNA 16\classification\subset4\1\1_aug\84_34.npy
1,D:\Doctorat\datasets\LUNA 16\classification\subset4\1\1_aug\84_35.npy
1,D:\Doctorat\datasets\LUNA 16\classification\subset4\1\1_aug\84_37.npy
1,D:\Doctorat\datasets\LUNA 16\classification\subset4\1\1_aug\84_39.npy
1,D:\Doctorat\datasets\LUNA 16\classification\subset4\1\1_aug\84_4.npy
1,D:\Doctorat\datasets\LUNA 16\classification\subset4\1\1_aug\85_12.npy
1,D:\Doctorat\datasets\LUNA 16\classification\subset4\1\1_aug\85_16.npy
1,D:\Doctorat\datasets\LUNA 16\classification\subset4\1\1_aug\85_19.npy
1,D:\Doctorat\datasets\LUNA 16\classification\subset4\1\1_aug\85_2.npy
1,D:\Doctorat\datasets\LUNA 16\classification\subset4\1\1_aug\85_23.npy
1,D:\Doctorat\datasets\LUNA 16\classification\subset4\1\1_aug\85_26.npy
1,D:\Doctorat\datasets\LUNA 16\classification\subset4\1\1_aug\85_9.npy
1,D:\Doctorat\datasets\LUNA 16\classification\subset4\1\1_aug\86_1.npy
1,D:\Doctorat\datasets\LUNA 16\classification\subset4\1\1_aug\86_3.npy
1,D:\Doctorat\datasets\LUNA 16\classification\subset4\1\1_aug\86_32.npy
1,D:\Doctorat\datasets\LUNA 16\classification\subset4\1\1_aug\86_34.npy
1,D:\Doctorat\datasets\LUNA 16\classification\subset4\1\1_aug\86_6.npy
1,D:\Doctorat\datasets\LUNA 16\classification\subset4\1\1_aug\86_8.npy
1,D:\Doctorat\datasets\LUNA 16\classification\subset4\1\1_aug\87_16.npy
1,D:\Doctorat\datasets\LUNA 16\classification\subset4\1\1_aug\87_24.npy
1,D:\Doctorat\datasets\LUNA 16\classification\subset4\1\1_aug\87_31.npy
1,D:\Doctorat\datasets\LUNA 16\classification\subset4\1\1_aug\87_33.npy
1,D:\Doctorat\datasets\LUNA 16\classification\subset4\1\1_aug\87_36.npy
1,D:\Doctorat\datasets\LUNA 16\classification\subset4\1\1_aug\87_39.npy
1,D:\Doctorat\datasets\LUNA 16\classification\subset4\1\1_aug\87_4.npy
1,D:\Doctorat\datasets\LUNA 16\classification\subset4\1\1_aug\87_6.npy
1,D:\Doctorat\datasets\LUNA 16\classification\subset4\1\1_aug\87_9.npy
1,D:\Doctorat\datasets\LUNA 16\classification\subset4\1\1_aug\88_14.npy
1,D:\Doctorat\datasets\LUNA 16\classification\subset4\1\1_aug\88_16.npy
1,D:\Doctorat\datasets\LUNA 16\classification\subset4\1\1_aug\88_17.npy
1,D:\Doctorat\datasets\LUNA 16\classification\subset4\1\1_aug\88_20.npy
1,D:\Doctorat\datasets\LUNA 16\classification\subset4\1\1_aug\88_21.npy
1,D:\Doctorat\datasets\LUNA 16\classification\subset4\1\1_aug\88_24.npy
1,D:\Doctorat\datasets\LUNA 16\classification\subset4\1\1_aug\88_25.npy
1,D:\Doctorat\datasets\LUNA 16\classification\subset4\1\1_aug\88_26.npy
1,D:\Doctorat\datasets\LUNA 16\classification\subset4\1\1_aug\88_27.npy
1,D:\Doctorat\datasets\LUNA 16\classification\subset4\1\1_aug\88_9.npy
1,D:\Doctorat\datasets\LUNA 16\classification\subset4\1\1_aug\89_18.npy
1,D:\Doctorat\datasets\LUNA 16\classification\subset4\1\1_aug\89_19.npy
1,D:\Doctorat\datasets\LUNA 16\classification\subset4\1\1_aug\89_2.npy
1,D:\Doctorat\datasets\LUNA 16\classification\subset4\1\1_aug\89_22.npy
1,D:\Doctorat\datasets\LUNA 16\classification\subset4\1\1_aug\89_26.npy
1,D:\Doctorat\datasets\LUNA 16\classification\subset4\1\1_aug\89_30.npy
1,D:\Doctorat\datasets\LUNA 16\classification\subset4\1\1_aug\89_34.npy
1,D:\Doctorat\datasets\LUNA 16\classification\subset4\1\1_aug\89_37.npy
1,D:\Doctorat\datasets\LUNA 16\classification\subset4\1\1_aug\89_39.npy
1,D:\Doctorat\datasets\LUNA 16\classification\subset4\1\1_aug\89_4.npy
1,D:\Doctorat\datasets\LUNA 16\classification\subset4\1\1_aug\89_7.npy
1,D:\Doctorat\datasets\LUNA 16\classification\subset4\1\1_aug\89_9.npy
1,D:\Doctorat\datasets\LUNA 16\classification\subset4\1\1_aug\8_12.npy
1,D:\Doctorat\datasets\LUNA 16\classification\subset4\1\1_aug\8_16.npy
1,D:\Doctorat\datasets\LUNA 16\classification\subset4\1\1_aug\8_25.npy
1,D:\Doctorat\datasets\LUNA 16\classification\subset4\1\1_aug\8_32.npy
1,D:\Doctorat\datasets\LUNA 16\classification\subset4\1\1_aug\8_36.npy
1,D:\Doctorat\datasets\LUNA 16\classification\subset4\1\1_aug\8_37.npy
1,D:\Doctorat\datasets\LUNA 16\classification\subset4\1\1_aug\8_38.npy
1,D:\Doctorat\datasets\LUNA 16\classification\subset4\1\1_aug\8_40.npy
1,D:\Doctorat\datasets\LUNA 16\classification\subset4\1\1_aug\8_6.npy
1,D:\Doctorat\datasets\LUNA 16\classification\subset4\1\1_aug\90_14.npy
1,D:\Doctorat\datasets\LUNA 16\classification\subset4\1\1_aug\90_19.npy
1,D:\Doctorat\datasets\LUNA 16\classification\subset4\1\1_aug\90_23.npy
1,D:\Doctorat\datasets\LUNA 16\classification\subset4\1\1_aug\90_27.npy
1,D:\Doctorat\datasets\LUNA 16\classification\subset4\1\1_aug\91_12.npy
1,D:\Doctorat\datasets\LUNA 16\classification\subset4\1\1_aug\91_14.npy
1,D:\Doctorat\datasets\LUNA 16\classification\subset4\1\1_aug\91_27.npy
1,D:\Doctorat\datasets\LUNA 16\classification\subset4\1\1_aug\91_29.npy
1,D:\Doctorat\datasets\LUNA 16\classification\subset4\1\1_aug\91_30.npy
1,D:\Doctorat\datasets\LUNA 16\classification\subset4\1\1_aug\91_39.npy
1,D:\Doctorat\datasets\LUNA 16\classification\subset4\1\1_aug\91_6.npy
1,D:\Doctorat\datasets\LUNA 16\classification\subset4\1\1_aug\92_10.npy
1,D:\Doctorat\datasets\LUNA 16\classification\subset4\1\1_aug\92_21.npy
1,D:\Doctorat\datasets\LUNA 16\classification\subset4\1\1_aug\92_25.npy
1,D:\Doctorat\datasets\LUNA 16\classification\subset4\1\1_aug\92_26.npy
1,D:\Doctorat\datasets\LUNA 16\classification\subset4\1\1_aug\92_28.npy
1,D:\Doctorat\datasets\LUNA 16\classification\subset4\1\1_aug\92_35.npy
1,D:\Doctorat\datasets\LUNA 16\classification\subset4\1\1_aug\92_37.npy
1,D:\Doctorat\datasets\LUNA 16\classification\subset4\1\1_aug\92_38.npy
1,D:\Doctorat\datasets\LUNA 16\classification\subset4\1\1_aug\93_12.npy
1,D:\Doctorat\datasets\LUNA 16\classification\subset4\1\1_aug\93_16.npy
1,D:\Doctorat\datasets\LUNA 16\classification\subset4\1\1_aug\93_19.npy
1,D:\Doctorat\datasets\LUNA 16\classification\subset4\1\1_aug\93_2.npy
1,D:\Doctorat\datasets\LUNA 16\classification\subset4\1\1_aug\93_22.npy
1,D:\Doctorat\datasets\LUNA 16\classification\subset4\1\1_aug\93_24.npy
1,D:\Doctorat\datasets\LUNA 16\classification\subset4\1\1_aug\93_30.npy
1,D:\Doctorat\datasets\LUNA 16\classification\subset4\1\1_aug\93_38.npy
1,D:\Doctorat\datasets\LUNA 16\classification\subset4\1\1_aug\93_40.npy
1,D:\Doctorat\datasets\LUNA 16\classification\subset4\1\1_aug\93_5.npy
1,D:\Doctorat\datasets\LUNA 16\classification\subset4\1\1_aug\94_19.npy
1,D:\Doctorat\datasets\LUNA 16\classification\subset4\1\1_aug\94_28.npy
1,D:\Doctorat\datasets\LUNA 16\classification\subset4\1\1_aug\94_29.npy
1,D:\Doctorat\datasets\LUNA 16\classification\subset4\1\1_aug\95_15.npy
1,D:\Doctorat\datasets\LUNA 16\classification\subset4\1\1_aug\95_2.npy
1,D:\Doctorat\datasets\LUNA 16\classification\subset4\1\1_aug\95_26.npy
1,D:\Doctorat\datasets\LUNA 16\classification\subset4\1\1_aug\95_27.npy
1,D:\Doctorat\datasets\LUNA 16\classification\subset4\1\1_aug\95_28.npy
1,D:\Doctorat\datasets\LUNA 16\classification\subset4\1\1_aug\95_3.npy
1,D:\Doctorat\datasets\LUNA 16\classification\subset4\1\1_aug\95_31.npy
1,D:\Doctorat\datasets\LUNA 16\classification\subset4\1\1_aug\95_33.npy
1,D:\Doctorat\datasets\LUNA 16\classification\subset4\1\1_aug\95_5.npy
1,D:\Doctorat\datasets\LUNA 16\classification\subset4\1\1_aug\95_7.npy
1,D:\Doctorat\datasets\LUNA 16\classification\subset4\1\1_aug\95_8.npy
1,D:\Doctorat\datasets\LUNA 16\classification\subset4\1\1_aug\96_10.npy
1,D:\Doctorat\datasets\LUNA 16\classification\subset4\1\1_aug\96_15.npy
1,D:\Doctorat\datasets\LUNA 16\classification\subset4\1\1_aug\96_18.npy
1,D:\Doctorat\datasets\LUNA 16\classification\subset4\1\1_aug\96_27.npy
1,D:\Doctorat\datasets\LUNA 16\classification\subset4\1\1_aug\96_3.npy
1,D:\Doctorat\datasets\LUNA 16\classification\subset4\1\1_aug\96_31.npy
1,D:\Doctorat\datasets\LUNA 16\classification\subset4\1\1_aug\96_35.npy
1,D:\Doctorat\datasets\LUNA 16\classification\subset4\1\1_aug\96_37.npy
1,D:\Doctorat\datasets\LUNA 16\classification\subset4\1\1_aug\96_39.npy
1,D:\Doctorat\datasets\LUNA 16\classification\subset4\1\1_aug\96_6.npy
1,D:\Doctorat\datasets\LUNA 16\classification\subset4\1\1_aug\97_14.npy
1,D:\Doctorat\datasets\LUNA 16\classification\subset4\1\1_aug\97_15.npy
1,D:\Doctorat\datasets\LUNA 16\classification\subset4\1\1_aug\97_25.npy
1,D:\Doctorat\datasets\LUNA 16\classification\subset4\1\1_aug\97_29.npy
1,D:\Doctorat\datasets\LUNA 16\classification\subset4\1\1_aug\97_31.npy
1,D:\Doctorat\datasets\LUNA 16\classification\subset4\1\1_aug\97_8.npy
1,D:\Doctorat\datasets\LUNA 16\classification\subset4\1\1_aug\98_12.npy
1,D:\Doctorat\datasets\LUNA 16\classification\subset4\1\1_aug\98_17.npy
1,D:\Doctorat\datasets\LUNA 16\classification\subset4\1\1_aug\98_2.npy
1,D:\Doctorat\datasets\LUNA 16\classification\subset4\1\1_aug\98_23.npy
1,D:\Doctorat\datasets\LUNA 16\classification\subset4\1\1_aug\98_33.npy
1,D:\Doctorat\datasets\LUNA 16\classification\subset4\1\1_aug\98_39.npy
1,D:\Doctorat\datasets\LUNA 16\classification\subset4\1\1_aug\99_12.npy
1,D:\Doctorat\datasets\LUNA 16\classification\subset4\1\1_aug\99_19.npy
1,D:\Doctorat\datasets\LUNA 16\classification\subset4\1\1_aug\99_21.npy
1,D:\Doctorat\datasets\LUNA 16\classification\subset4\1\1_aug\99_23.npy
1,D:\Doctorat\datasets\LUNA 16\classification\subset4\1\1_aug\99_27.npy
1,D:\Doctorat\datasets\LUNA 16\classification\subset4\1\1_aug\99_29.npy
1,D:\Doctorat\datasets\LUNA 16\classification\subset4\1\1_aug\99_31.npy
1,D:\Doctorat\datasets\LUNA 16\classification\subset4\1\1_aug\99_32.npy
1,D:\Doctorat\datasets\LUNA 16\classification\subset4\1\1_aug\99_8.npy
1,D:\Doctorat\datasets\LUNA 16\classification\subset4\1\1_aug\9_13.npy
1,D:\Doctorat\datasets\LUNA 16\classification\subset4\1\1_aug\9_21.npy
1,D:\Doctorat\datasets\LUNA 16\classification\subset4\1\1_aug\9_22.npy
1,D:\Doctorat\datasets\LUNA 16\classification\subset4\1\1_aug\9_31.npy
1,D:\Doctorat\datasets\LUNA 16\classification\subset4\1\1_aug\9_32.npy
1,D:\Doctorat\datasets\LUNA 16\classification\subset4\1\1_aug\9_33.npy
1,D:\Doctorat\datasets\LUNA 16\classification\subset4\1\1_aug\9_36.npy
1,D:\Doctorat\datasets\LUNA 16\classification\subset4\1\1_aug\9_38.npy
1,D:\Doctorat\datasets\LUNA 16\classification\subset4\1\1_aug\9_40.npy
1,D:\Doctorat\datasets\LUNA 16\classification\subset5\1\1_aug\0_12.npy
1,D:\Doctorat\datasets\LUNA 16\classification\subset5\1\1_aug\0_16.npy
1,D:\Doctorat\datasets\LUNA 16\classification\subset5\1\1_aug\0_17.npy
1,D:\Doctorat\datasets\LUNA 16\classification\subset5\1\1_aug\0_27.npy
1,D:\Doctorat\datasets\LUNA 16\classification\subset5\1\1_aug\0_31.npy
1,D:\Doctorat\datasets\LUNA 16\classification\subset5\1\1_aug\0_37.npy
1,D:\Doctorat\datasets\LUNA 16\classification\subset5\1\1_aug\0_6.npy
1,D:\Doctorat\datasets\LUNA 16\classification\subset5\1\1_aug\0_9.npy
1,D:\Doctorat\datasets\LUNA 16\classification\subset5\1\1_aug\100_10.npy
1,D:\Doctorat\datasets\LUNA 16\classification\subset5\1\1_aug\100_19.npy
1,D:\Doctorat\datasets\LUNA 16\classification\subset5\1\1_aug\100_2.npy
1,D:\Doctorat\datasets\LUNA 16\classification\subset5\1\1_aug\100_27.npy
1,D:\Doctorat\datasets\LUNA 16\classification\subset5\1\1_aug\100_34.npy
1,D:\Doctorat\datasets\LUNA 16\classification\subset5\1\1_aug\101_10.npy
1,D:\Doctorat\datasets\LUNA 16\classification\subset5\1\1_aug\101_11.npy
1,D:\Doctorat\datasets\LUNA 16\classification\subset5\1\1_aug\101_2.npy
1,D:\Doctorat\datasets\LUNA 16\classification\subset5\1\1_aug\101_24.npy
1,D:\Doctorat\datasets\LUNA 16\classification\subset5\1\1_aug\101_25.npy
1,D:\Doctorat\datasets\LUNA 16\classification\subset5\1\1_aug\101_37.npy
1,D:\Doctorat\datasets\LUNA 16\classification\subset5\1\1_aug\101_40.npy
1,D:\Doctorat\datasets\LUNA 16\classification\subset5\1\1_aug\101_5.npy
1,D:\Doctorat\datasets\LUNA 16\classification\subset5\1\1_aug\101_6.npy
1,D:\Doctorat\datasets\LUNA 16\classification\subset5\1\1_aug\102_13.npy
1,D:\Doctorat\datasets\LUNA 16\classification\subset5\1\1_aug\102_17.npy
1,D:\Doctorat\datasets\LUNA 16\classification\subset5\1\1_aug\102_19.npy
1,D:\Doctorat\datasets\LUNA 16\classification\subset5\1\1_aug\102_25.npy
1,D:\Doctorat\datasets\LUNA 16\classification\subset5\1\1_aug\102_27.npy
1,D:\Doctorat\datasets\LUNA 16\classification\subset5\1\1_aug\102_3.npy
1,D:\Doctorat\datasets\LUNA 16\classification\subset5\1\1_aug\102_33.npy
1,D:\Doctorat\datasets\LUNA 16\classification\subset5\1\1_aug\102_35.npy
1,D:\Doctorat\datasets\LUNA 16\classification\subset5\1\1_aug\102_40.npy
1,D:\Doctorat\datasets\LUNA 16\classification\subset5\1\1_aug\102_7.npy
1,D:\Doctorat\datasets\LUNA 16\classification\subset5\1\1_aug\103_1.npy
1,D:\Doctorat\datasets\LUNA 16\classification\subset5\1\1_aug\103_11.npy
1,D:\Doctorat\datasets\LUNA 16\classification\subset5\1\1_aug\103_15.npy
1,D:\Doctorat\datasets\LUNA 16\classification\subset5\1\1_aug\103_21.npy
1,D:\Doctorat\datasets\LUNA 16\classification\subset5\1\1_aug\103_22.npy
1,D:\Doctorat\datasets\LUNA 16\classification\subset5\1\1_aug\103_26.npy
1,D:\Doctorat\datasets\LUNA 16\classification\subset5\1\1_aug\103_29.npy
1,D:\Doctorat\datasets\LUNA 16\classification\subset5\1\1_aug\103_32.npy
1,D:\Doctorat\datasets\LUNA 16\classification\subset5\1\1_aug\103_33.npy
1,D:\Doctorat\datasets\LUNA 16\classification\subset5\1\1_aug\103_38.npy
1,D:\Doctorat\datasets\LUNA 16\classification\subset5\1\1_aug\103_4.npy
1,D:\Doctorat\datasets\LUNA 16\classification\subset5\1\1_aug\103_6.npy
1,D:\Doctorat\datasets\LUNA 16\classification\subset5\1\1_aug\104_1.npy
1,D:\Doctorat\datasets\LUNA 16\classification\subset5\1\1_aug\104_15.npy
1,D:\Doctorat\datasets\LUNA 16\classification\subset5\1\1_aug\104_16.npy
1,D:\Doctorat\datasets\LUNA 16\classification\subset5\1\1_aug\104_29.npy
1,D:\Doctorat\datasets\LUNA 16\classification\subset5\1\1_aug\104_30.npy
1,D:\Doctorat\datasets\LUNA 16\classification\subset5\1\1_aug\105_10.npy
1,D:\Doctorat\datasets\LUNA 16\classification\subset5\1\1_aug\105_14.npy
1,D:\Doctorat\datasets\LUNA 16\classification\subset5\1\1_aug\105_17.npy
1,D:\Doctorat\datasets\LUNA 16\classification\subset5\1\1_aug\105_24.npy
1,D:\Doctorat\datasets\LUNA 16\classification\subset5\1\1_aug\105_5.npy
1,D:\Doctorat\datasets\LUNA 16\classification\subset5\1\1_aug\105_7.npy
1,D:\Doctorat\datasets\LUNA 16\classification\subset5\1\1_aug\106_18.npy
1,D:\Doctorat\datasets\LUNA 16\classification\subset5\1\1_aug\106_23.npy
1,D:\Doctorat\datasets\LUNA 16\classification\subset5\1\1_aug\106_25.npy
1,D:\Doctorat\datasets\LUNA 16\classification\subset5\1\1_aug\106_26.npy
1,D:\Doctorat\datasets\LUNA 16\classification\subset5\1\1_aug\106_29.npy
1,D:\Doctorat\datasets\LUNA 16\classification\subset5\1\1_aug\106_30.npy
1,D:\Doctorat\datasets\LUNA 16\classification\subset5\1\1_aug\106_32.npy
1,D:\Doctorat\datasets\LUNA 16\classification\subset5\1\1_aug\106_34.npy
1,D:\Doctorat\datasets\LUNA 16\classification\subset5\1\1_aug\106_36.npy
1,D:\Doctorat\datasets\LUNA 16\classification\subset5\1\1_aug\106_4.npy
1,D:\Doctorat\datasets\LUNA 16\classification\subset5\1\1_aug\107_1.npy
1,D:\Doctorat\datasets\LUNA 16\classification\subset5\1\1_aug\107_13.npy
1,D:\Doctorat\datasets\LUNA 16\classification\subset5\1\1_aug\107_31.npy
1,D:\Doctorat\datasets\LUNA 16\classification\subset5\1\1_aug\107_38.npy
1,D:\Doctorat\datasets\LUNA 16\classification\subset5\1\1_aug\107_6.npy
1,D:\Doctorat\datasets\LUNA 16\classification\subset5\1\1_aug\107_9.npy
1,D:\Doctorat\datasets\LUNA 16\classification\subset5\1\1_aug\108_1.npy
1,D:\Doctorat\datasets\LUNA 16\classification\subset5\1\1_aug\108_16.npy
1,D:\Doctorat\datasets\LUNA 16\classification\subset5\1\1_aug\108_17.npy
1,D:\Doctorat\datasets\LUNA 16\classification\subset5\1\1_aug\108_20.npy
1,D:\Doctorat\datasets\LUNA 16\classification\subset5\1\1_aug\108_23.npy
1,D:\Doctorat\datasets\LUNA 16\classification\subset5\1\1_aug\108_37.npy
1,D:\Doctorat\datasets\LUNA 16\classification\subset5\1\1_aug\108_40.npy
1,D:\Doctorat\datasets\LUNA 16\classification\subset5\1\1_aug\108_7.npy
1,D:\Doctorat\datasets\LUNA 16\classification\subset5\1\1_aug\109_11.npy
1,D:\Doctorat\datasets\LUNA 16\classification\subset5\1\1_aug\109_19.npy
1,D:\Doctorat\datasets\LUNA 16\classification\subset5\1\1_aug\109_22.npy
1,D:\Doctorat\datasets\LUNA 16\classification\subset5\1\1_aug\109_3.npy
1,D:\Doctorat\datasets\LUNA 16\classification\subset5\1\1_aug\109_30.npy
1,D:\Doctorat\datasets\LUNA 16\classification\subset5\1\1_aug\109_37.npy
1,D:\Doctorat\datasets\LUNA 16\classification\subset5\1\1_aug\10_10.npy
1,D:\Doctorat\datasets\LUNA 16\classification\subset5\1\1_aug\10_15.npy
1,D:\Doctorat\datasets\LUNA 16\classification\subset5\1\1_aug\10_17.npy
1,D:\Doctorat\datasets\LUNA 16\classification\subset5\1\1_aug\10_19.npy
1,D:\Doctorat\datasets\LUNA 16\classification\subset5\1\1_aug\10_21.npy
1,D:\Doctorat\datasets\LUNA 16\classification\subset5\1\1_aug\10_22.npy
1,D:\Doctorat\datasets\LUNA 16\classification\subset5\1\1_aug\10_23.npy
1,D:\Doctorat\datasets\LUNA 16\classification\subset5\1\1_aug\10_24.npy
1,D:\Doctorat\datasets\LUNA 16\classification\subset5\1\1_aug\10_29.npy
1,D:\Doctorat\datasets\LUNA 16\classification\subset5\1\1_aug\10_35.npy
1,D:\Doctorat\datasets\LUNA 16\classification\subset5\1\1_aug\10_4.npy
1,D:\Doctorat\datasets\LUNA 16\classification\subset5\1\1_aug\10_9.npy
1,D:\Doctorat\datasets\LUNA 16\classification\subset5\1\1_aug\110_12.npy
1,D:\Doctorat\datasets\LUNA 16\classification\subset5\1\1_aug\110_18.npy
1,D:\Doctorat\datasets\LUNA 16\classification\subset5\1\1_aug\110_19.npy
1,D:\Doctorat\datasets\LUNA 16\classification\subset5\1\1_aug\110_22.npy
1,D:\Doctorat\datasets\LUNA 16\classification\subset5\1\1_aug\110_25.npy
1,D:\Doctorat\datasets\LUNA 16\classification\subset5\1\1_aug\110_34.npy
1,D:\Doctorat\datasets\LUNA 16\classification\subset5\1\1_aug\110_36.npy
1,D:\Doctorat\datasets\LUNA 16\classification\subset5\1\1_aug\110_37.npy
1,D:\Doctorat\datasets\LUNA 16\classification\subset5\1\1_aug\110_4.npy
1,D:\Doctorat\datasets\LUNA 16\classification\subset5\1\1_aug\111_16.npy
1,D:\Doctorat\datasets\LUNA 16\classification\subset5\1\1_aug\111_19.npy
1,D:\Doctorat\datasets\LUNA 16\classification\subset5\1\1_aug\111_26.npy
1,D:\Doctorat\datasets\LUNA 16\classification\subset5\1\1_aug\111_35.npy
1,D:\Doctorat\datasets\LUNA 16\classification\subset5\1\1_aug\111_4.npy
1,D:\Doctorat\datasets\LUNA 16\classification\subset5\1\1_aug\111_9.npy
1,D:\Doctorat\datasets\LUNA 16\classification\subset5\1\1_aug\112_12.npy
1,D:\Doctorat\datasets\LUNA 16\classification\subset5\1\1_aug\112_2.npy
1,D:\Doctorat\datasets\LUNA 16\classification\subset5\1\1_aug\112_20.npy
1,D:\Doctorat\datasets\LUNA 16\classification\subset5\1\1_aug\112_23.npy
1,D:\Doctorat\datasets\LUNA 16\classification\subset5\1\1_aug\112_33.npy
1,D:\Doctorat\datasets\LUNA 16\classification\subset5\1\1_aug\112_36.npy
1,D:\Doctorat\datasets\LUNA 16\classification\subset5\1\1_aug\112_4.npy
1,D:\Doctorat\datasets\LUNA 16\classification\subset5\1\1_aug\113_11.npy
1,D:\Doctorat\datasets\LUNA 16\classification\subset5\1\1_aug\113_12.npy
1,D:\Doctorat\datasets\LUNA 16\classification\subset5\1\1_aug\113_14.npy
1,D:\Doctorat\datasets\LUNA 16\classification\subset5\1\1_aug\113_16.npy
1,D:\Doctorat\datasets\LUNA 16\classification\subset5\1\1_aug\113_2.npy
1,D:\Doctorat\datasets\LUNA 16\classification\subset5\1\1_aug\113_23.npy
1,D:\Doctorat\datasets\LUNA 16\classification\subset5\1\1_aug\113_34.npy
1,D:\Doctorat\datasets\LUNA 16\classification\subset5\1\1_aug\113_35.npy
1,D:\Doctorat\datasets\LUNA 16\classification\subset5\1\1_aug\114_1.npy
1,D:\Doctorat\datasets\LUNA 16\classification\subset5\1\1_aug\114_13.npy
1,D:\Doctorat\datasets\LUNA 16\classification\subset5\1\1_aug\114_17.npy
1,D:\Doctorat\datasets\LUNA 16\classification\subset5\1\1_aug\114_26.npy
1,D:\Doctorat\datasets\LUNA 16\classification\subset5\1\1_aug\114_27.npy
1,D:\Doctorat\datasets\LUNA 16\classification\subset5\1\1_aug\114_29.npy
1,D:\Doctorat\datasets\LUNA 16\classification\subset5\1\1_aug\114_32.npy
1,D:\Doctorat\datasets\LUNA 16\classification\subset5\1\1_aug\114_35.npy
1,D:\Doctorat\datasets\LUNA 16\classification\subset5\1\1_aug\114_5.npy
1,D:\Doctorat\datasets\LUNA 16\classification\subset5\1\1_aug\114_6.npy
1,D:\Doctorat\datasets\LUNA 16\classification\subset5\1\1_aug\115_14.npy
1,D:\Doctorat\datasets\LUNA 16\classification\subset5\1\1_aug\115_19.npy
1,D:\Doctorat\datasets\LUNA 16\classification\subset5\1\1_aug\115_24.npy
1,D:\Doctorat\datasets\LUNA 16\classification\subset5\1\1_aug\115_27.npy
1,D:\Doctorat\datasets\LUNA 16\classification\subset5\1\1_aug\115_29.npy
1,D:\Doctorat\datasets\LUNA 16\classification\subset5\1\1_aug\115_33.npy
1,D:\Doctorat\datasets\LUNA 16\classification\subset5\1\1_aug\115_36.npy
1,D:\Doctorat\datasets\LUNA 16\classification\subset5\1\1_aug\115_37.npy
1,D:\Doctorat\datasets\LUNA 16\classification\subset5\1\1_aug\115_4.npy
1,D:\Doctorat\datasets\LUNA 16\classification\subset5\1\1_aug\116_11.npy
1,D:\Doctorat\datasets\LUNA 16\classification\subset5\1\1_aug\116_13.npy
1,D:\Doctorat\datasets\LUNA 16\classification\subset5\1\1_aug\116_14.npy
1,D:\Doctorat\datasets\LUNA 16\classification\subset5\1\1_aug\116_15.npy
1,D:\Doctorat\datasets\LUNA 16\classification\subset5\1\1_aug\116_17.npy
1,D:\Doctorat\datasets\LUNA 16\classification\subset5\1\1_aug\116_21.npy
1,D:\Doctorat\datasets\LUNA 16\classification\subset5\1\1_aug\116_24.npy
1,D:\Doctorat\datasets\LUNA 16\classification\subset5\1\1_aug\116_25.npy
1,D:\Doctorat\datasets\LUNA 16\classification\subset5\1\1_aug\116_26.npy
1,D:\Doctorat\datasets\LUNA 16\classification\subset5\1\1_aug\116_30.npy
1,D:\Doctorat\datasets\LUNA 16\classification\subset5\1\1_aug\116_5.npy
1,D:\Doctorat\datasets\LUNA 16\classification\subset5\1\1_aug\116_9.npy
1,D:\Doctorat\datasets\LUNA 16\classification\subset5\1\1_aug\117_10.npy
1,D:\Doctorat\datasets\LUNA 16\classification\subset5\1\1_aug\117_21.npy
1,D:\Doctorat\datasets\LUNA 16\classification\subset5\1\1_aug\117_34.npy
1,D:\Doctorat\datasets\LUNA 16\classification\subset5\1\1_aug\118_1.npy
1,D:\Doctorat\datasets\LUNA 16\classification\subset5\1\1_aug\118_22.npy
1,D:\Doctorat\datasets\LUNA 16\classification\subset5\1\1_aug\118_27.npy
1,D:\Doctorat\datasets\LUNA 16\classification\subset5\1\1_aug\118_31.npy
1,D:\Doctorat\datasets\LUNA 16\classification\subset5\1\1_aug\118_36.npy
1,D:\Doctorat\datasets\LUNA 16\classification\subset5\1\1_aug\118_37.npy
1,D:\Doctorat\datasets\LUNA 16\classification\subset5\1\1_aug\118_38.npy
1,D:\Doctorat\datasets\LUNA 16\classification\subset5\1\1_aug\119_10.npy
1,D:\Doctorat\datasets\LUNA 16\classification\subset5\1\1_aug\119_2.npy
1,D:\Doctorat\datasets\LUNA 16\classification\subset5\1\1_aug\119_20.npy
1,D:\Doctorat\datasets\LUNA 16\classification\subset5\1\1_aug\119_27.npy
1,D:\Doctorat\datasets\LUNA 16\classification\subset5\1\1_aug\119_35.npy
1,D:\Doctorat\datasets\LUNA 16\classification\subset5\1\1_aug\119_37.npy
1,D:\Doctorat\datasets\LUNA 16\classification\subset5\1\1_aug\119_8.npy
1,D:\Doctorat\datasets\LUNA 16\classification\subset5\1\1_aug\119_9.npy
1,D:\Doctorat\datasets\LUNA 16\classification\subset5\1\1_aug\11_12.npy
1,D:\Doctorat\datasets\LUNA 16\classification\subset5\1\1_aug\11_20.npy
1,D:\Doctorat\datasets\LUNA 16\classification\subset5\1\1_aug\11_25.npy
1,D:\Doctorat\datasets\LUNA 16\classification\subset5\1\1_aug\11_26.npy
1,D:\Doctorat\datasets\LUNA 16\classification\subset5\1\1_aug\11_28.npy
1,D:\Doctorat\datasets\LUNA 16\classification\subset5\1\1_aug\11_29.npy
1,D:\Doctorat\datasets\LUNA 16\classification\subset5\1\1_aug\11_3.npy
1,D:\Doctorat\datasets\LUNA 16\classification\subset5\1\1_aug\11_31.npy
1,D:\Doctorat\datasets\LUNA 16\classification\subset5\1\1_aug\11_33.npy
1,D:\Doctorat\datasets\LUNA 16\classification\subset5\1\1_aug\11_36.npy
1,D:\Doctorat\datasets\LUNA 16\classification\subset5\1\1_aug\11_39.npy
1,D:\Doctorat\datasets\LUNA 16\classification\subset5\1\1_aug\120_11.npy
1,D:\Doctorat\datasets\LUNA 16\classification\subset5\1\1_aug\120_17.npy
1,D:\Doctorat\datasets\LUNA 16\classification\subset5\1\1_aug\120_23.npy
1,D:\Doctorat\datasets\LUNA 16\classification\subset5\1\1_aug\120_24.npy
1,D:\Doctorat\datasets\LUNA 16\classification\subset5\1\1_aug\120_27.npy
1,D:\Doctorat\datasets\LUNA 16\classification\subset5\1\1_aug\120_3.npy
1,D:\Doctorat\datasets\LUNA 16\classification\subset5\1\1_aug\120_32.npy
1,D:\Doctorat\datasets\LUNA 16\classification\subset5\1\1_aug\120_33.npy
1,D:\Doctorat\datasets\LUNA 16\classification\subset5\1\1_aug\120_35.npy
1,D:\Doctorat\datasets\LUNA 16\classification\subset5\1\1_aug\120_38.npy
1,D:\Doctorat\datasets\LUNA 16\classification\subset5\1\1_aug\120_6.npy
1,D:\Doctorat\datasets\LUNA 16\classification\subset5\1\1_aug\120_7.npy
1,D:\Doctorat\datasets\LUNA 16\classification\subset5\1\1_aug\121_12.npy
1,D:\Doctorat\datasets\LUNA 16\classification\subset5\1\1_aug\121_14.npy
1,D:\Doctorat\datasets\LUNA 16\classification\subset5\1\1_aug\121_16.npy
1,D:\Doctorat\datasets\LUNA 16\classification\subset5\1\1_aug\121_26.npy
1,D:\Doctorat\datasets\LUNA 16\classification\subset5\1\1_aug\121_27.npy
1,D:\Doctorat\datasets\LUNA 16\classification\subset5\1\1_aug\121_28.npy
1,D:\Doctorat\datasets\LUNA 16\classification\subset5\1\1_aug\121_3.npy
1,D:\Doctorat\datasets\LUNA 16\classification\subset5\1\1_aug\121_34.npy
1,D:\Doctorat\datasets\LUNA 16\classification\subset5\1\1_aug\121_35.npy
1,D:\Doctorat\datasets\LUNA 16\classification\subset5\1\1_aug\121_36.npy
1,D:\Doctorat\datasets\LUNA 16\classification\subset5\1\1_aug\121_5.npy
1,D:\Doctorat\datasets\LUNA 16\classification\subset5\1\1_aug\121_8.npy
1,D:\Doctorat\datasets\LUNA 16\classification\subset5\1\1_aug\122_11.npy
1,D:\Doctorat\datasets\LUNA 16\classification\subset5\1\1_aug\122_18.npy
1,D:\Doctorat\datasets\LUNA 16\classification\subset5\1\1_aug\122_19.npy
1,D:\Doctorat\datasets\LUNA 16\classification\subset5\1\1_aug\122_24.npy
1,D:\Doctorat\datasets\LUNA 16\classification\subset5\1\1_aug\122_33.npy
1,D:\Doctorat\datasets\LUNA 16\classification\subset5\1\1_aug\122_39.npy
1,D:\Doctorat\datasets\LUNA 16\classification\subset5\1\1_aug\123_1.npy
1,D:\Doctorat\datasets\LUNA 16\classification\subset5\1\1_aug\123_24.npy
1,D:\Doctorat\datasets\LUNA 16\classification\subset5\1\1_aug\123_25.npy
1,D:\Doctorat\datasets\LUNA 16\classification\subset5\1\1_aug\123_28.npy
1,D:\Doctorat\datasets\LUNA 16\classification\subset5\1\1_aug\123_9.npy
1,D:\Doctorat\datasets\LUNA 16\classification\subset5\1\1_aug\124_14.npy
1,D:\Doctorat\datasets\LUNA 16\classification\subset5\1\1_aug\124_21.npy
1,D:\Doctorat\datasets\LUNA 16\classification\subset5\1\1_aug\124_22.npy
1,D:\Doctorat\datasets\LUNA 16\classification\subset5\1\1_aug\124_34.npy
1,D:\Doctorat\datasets\LUNA 16\classification\subset5\1\1_aug\124_37.npy
1,D:\Doctorat\datasets\LUNA 16\classification\subset5\1\1_aug\124_4.npy
1,D:\Doctorat\datasets\LUNA 16\classification\subset5\1\1_aug\124_40.npy
1,D:\Doctorat\datasets\LUNA 16\classification\subset5\1\1_aug\124_5.npy
1,D:\Doctorat\datasets\LUNA 16\classification\subset5\1\1_aug\124_8.npy
1,D:\Doctorat\datasets\LUNA 16\classification\subset5\1\1_aug\124_9.npy
1,D:\Doctorat\datasets\LUNA 16\classification\subset5\1\1_aug\125_1.npy
1,D:\Doctorat\datasets\LUNA 16\classification\subset5\1\1_aug\125_13.npy
1,D:\Doctorat\datasets\LUNA 16\classification\subset5\1\1_aug\125_19.npy
1,D:\Doctorat\datasets\LUNA 16\classification\subset5\1\1_aug\125_21.npy
1,D:\Doctorat\datasets\LUNA 16\classification\subset5\1\1_aug\125_23.npy
1,D:\Doctorat\datasets\LUNA 16\classification\subset5\1\1_aug\125_24.npy
1,D:\Doctorat\datasets\LUNA 16\classification\subset5\1\1_aug\125_28.npy
1,D:\Doctorat\datasets\LUNA 16\classification\subset5\1\1_aug\125_3.npy
1,D:\Doctorat\datasets\LUNA 16\classification\subset5\1\1_aug\125_31.npy
1,D:\Doctorat\datasets\LUNA 16\classification\subset5\1\1_aug\125_35.npy
1,D:\Doctorat\datasets\LUNA 16\classification\subset5\1\1_aug\126_15.npy
1,D:\Doctorat\datasets\LUNA 16\classification\subset5\1\1_aug\126_17.npy
1,D:\Doctorat\datasets\LUNA 16\classification\subset5\1\1_aug\126_27.npy
1,D:\Doctorat\datasets\LUNA 16\classification\subset5\1\1_aug\126_39.npy
1,D:\Doctorat\datasets\LUNA 16\classification\subset5\1\1_aug\126_40.npy
1,D:\Doctorat\datasets\LUNA 16\classification\subset5\1\1_aug\126_5.npy
1,D:\Doctorat\datasets\LUNA 16\classification\subset5\1\1_aug\126_6.npy
1,D:\Doctorat\datasets\LUNA 16\classification\subset5\1\1_aug\12_18.npy
1,D:\Doctorat\datasets\LUNA 16\classification\subset5\1\1_aug\12_21.npy
1,D:\Doctorat\datasets\LUNA 16\classification\subset5\1\1_aug\12_23.npy
1,D:\Doctorat\datasets\LUNA 16\classification\subset5\1\1_aug\12_3.npy
1,D:\Doctorat\datasets\LUNA 16\classification\subset5\1\1_aug\12_30.npy
1,D:\Doctorat\datasets\LUNA 16\classification\subset5\1\1_aug\12_31.npy
1,D:\Doctorat\datasets\LUNA 16\classification\subset5\1\1_aug\12_5.npy
1,D:\Doctorat\datasets\LUNA 16\classification\subset5\1\1_aug\12_8.npy
1,D:\Doctorat\datasets\LUNA 16\classification\subset5\1\1_aug\13_1.npy
1,D:\Doctorat\datasets\LUNA 16\classification\subset5\1\1_aug\13_13.npy
1,D:\Doctorat\datasets\LUNA 16\classification\subset5\1\1_aug\13_25.npy
1,D:\Doctorat\datasets\LUNA 16\classification\subset5\1\1_aug\13_27.npy
1,D:\Doctorat\datasets\LUNA 16\classification\subset5\1\1_aug\13_30.npy
1,D:\Doctorat\datasets\LUNA 16\classification\subset5\1\1_aug\13_4.npy
1,D:\Doctorat\datasets\LUNA 16\classification\subset5\1\1_aug\13_9.npy
1,D:\Doctorat\datasets\LUNA 16\classification\subset5\1\1_aug\14_11.npy
1,D:\Doctorat\datasets\LUNA 16\classification\subset5\1\1_aug\14_16.npy
1,D:\Doctorat\datasets\LUNA 16\classification\subset5\1\1_aug\14_24.npy
1,D:\Doctorat\datasets\LUNA 16\classification\subset5\1\1_aug\14_27.npy
1,D:\Doctorat\datasets\LUNA 16\classification\subset5\1\1_aug\14_29.npy
1,D:\Doctorat\datasets\LUNA 16\classification\subset5\1\1_aug\14_35.npy
1,D:\Doctorat\datasets\LUNA 16\classification\subset5\1\1_aug\14_4.npy
1,D:\Doctorat\datasets\LUNA 16\classification\subset5\1\1_aug\14_5.npy
1,D:\Doctorat\datasets\LUNA 16\classification\subset5\1\1_aug\14_9.npy
1,D:\Doctorat\datasets\LUNA 16\classification\subset5\1\1_aug\15_13.npy
1,D:\Doctorat\datasets\LUNA 16\classification\subset5\1\1_aug\15_16.npy
1,D:\Doctorat\datasets\LUNA 16\classification\subset5\1\1_aug\15_21.npy
1,D:\Doctorat\datasets\LUNA 16\classification\subset5\1\1_aug\15_22.npy
1,D:\Doctorat\datasets\LUNA 16\classification\subset5\1\1_aug\15_25.npy
1,D:\Doctorat\datasets\LUNA 16\classification\subset5\1\1_aug\15_30.npy
1,D:\Doctorat\datasets\LUNA 16\classification\subset5\1\1_aug\15_7.npy
1,D:\Doctorat\datasets\LUNA 16\classification\subset5\1\1_aug\15_8.npy
1,D:\Doctorat\datasets\LUNA 16\classification\subset5\1\1_aug\16_11.npy
1,D:\Doctorat\datasets\LUNA 16\classification\subset5\1\1_aug\16_14.npy
1,D:\Doctorat\datasets\LUNA 16\classification\subset5\1\1_aug\16_17.npy
1,D:\Doctorat\datasets\LUNA 16\classification\subset5\1\1_aug\16_2.npy
1,D:\Doctorat\datasets\LUNA 16\classification\subset5\1\1_aug\16_31.npy
1,D:\Doctorat\datasets\LUNA 16\classification\subset5\1\1_aug\16_34.npy
1,D:\Doctorat\datasets\LUNA 16\classification\subset5\1\1_aug\16_36.npy
1,D:\Doctorat\datasets\LUNA 16\classification\subset5\1\1_aug\16_4.npy
1,D:\Doctorat\datasets\LUNA 16\classification\subset5\1\1_aug\16_5.npy
1,D:\Doctorat\datasets\LUNA 16\classification\subset5\1\1_aug\17_11.npy
1,D:\Doctorat\datasets\LUNA 16\classification\subset5\1\1_aug\17_14.npy
1,D:\Doctorat\datasets\LUNA 16\classification\subset5\1\1_aug\17_18.npy
1,D:\Doctorat\datasets\LUNA 16\classification\subset5\1\1_aug\17_30.npy
1,D:\Doctorat\datasets\LUNA 16\classification\subset5\1\1_aug\17_35.npy
1,D:\Doctorat\datasets\LUNA 16\classification\subset5\1\1_aug\17_38.npy
1,D:\Doctorat\datasets\LUNA 16\classification\subset5\1\1_aug\17_5.npy
1,D:\Doctorat\datasets\LUNA 16\classification\subset5\1\1_aug\17_9.npy
1,D:\Doctorat\datasets\LUNA 16\classification\subset5\1\1_aug\18_10.npy
1,D:\Doctorat\datasets\LUNA 16\classification\subset5\1\1_aug\18_12.npy
1,D:\Doctorat\datasets\LUNA 16\classification\subset5\1\1_aug\18_17.npy
1,D:\Doctorat\datasets\LUNA 16\classification\subset5\1\1_aug\18_22.npy
1,D:\Doctorat\datasets\LUNA 16\classification\subset5\1\1_aug\18_28.npy
1,D:\Doctorat\datasets\LUNA 16\classification\subset5\1\1_aug\18_29.npy
1,D:\Doctorat\datasets\LUNA 16\classification\subset5\1\1_aug\18_32.npy
1,D:\Doctorat\datasets\LUNA 16\classification\subset5\1\1_aug\18_5.npy
1,D:\Doctorat\datasets\LUNA 16\classification\subset5\1\1_aug\19_15.npy
1,D:\Doctorat\datasets\LUNA 16\classification\subset5\1\1_aug\19_21.npy
1,D:\Doctorat\datasets\LUNA 16\classification\subset5\1\1_aug\19_22.npy
1,D:\Doctorat\datasets\LUNA 16\classification\subset5\1\1_aug\19_26.npy
1,D:\Doctorat\datasets\LUNA 16\classification\subset5\1\1_aug\19_31.npy
1,D:\Doctorat\datasets\LUNA 16\classification\subset5\1\1_aug\19_32.npy
1,D:\Doctorat\datasets\LUNA 16\classification\subset5\1\1_aug\19_7.npy
1,D:\Doctorat\datasets\LUNA 16\classification\subset5\1\1_aug\19_8.npy
1,D:\Doctorat\datasets\LUNA 16\classification\subset5\1\1_aug\1_11.npy
1,D:\Doctorat\datasets\LUNA 16\classification\subset5\1\1_aug\1_2.npy
1,D:\Doctorat\datasets\LUNA 16\classification\subset5\1\1_aug\1_21.npy
1,D:\Doctorat\datasets\LUNA 16\classification\subset5\1\1_aug\1_22.npy
1,D:\Doctorat\datasets\LUNA 16\classification\subset5\1\1_aug\1_3.npy
1,D:\Doctorat\datasets\LUNA 16\classification\subset5\1\1_aug\1_40.npy
1,D:\Doctorat\datasets\LUNA 16\classification\subset5\1\1_aug\20_15.npy
1,D:\Doctorat\datasets\LUNA 16\classification\subset5\1\1_aug\20_19.npy
1,D:\Doctorat\datasets\LUNA 16\classification\subset5\1\1_aug\20_25.npy
1,D:\Doctorat\datasets\LUNA 16\classification\subset5\1\1_aug\20_27.npy
1,D:\Doctorat\datasets\LUNA 16\classification\subset5\1\1_aug\20_29.npy
1,D:\Doctorat\datasets\LUNA 16\classification\subset5\1\1_aug\20_6.npy
1,D:\Doctorat\datasets\LUNA 16\classification\subset5\1\1_aug\21_17.npy
1,D:\Doctorat\datasets\LUNA 16\classification\subset5\1\1_aug\21_23.npy
1,D:\Doctorat\datasets\LUNA 16\classification\subset5\1\1_aug\21_25.npy
1,D:\Doctorat\datasets\LUNA 16\classification\subset5\1\1_aug\21_27.npy
1,D:\Doctorat\datasets\LUNA 16\classification\subset5\1\1_aug\21_31.npy
1,D:\Doctorat\datasets\LUNA 16\classification\subset5\1\1_aug\21_34.npy
1,D:\Doctorat\datasets\LUNA 16\classification\subset5\1\1_aug\21_37.npy
1,D:\Doctorat\datasets\LUNA 16\classification\subset5\1\1_aug\21_38.npy
1,D:\Doctorat\datasets\LUNA 16\classification\subset5\1\1_aug\21_4.npy
1,D:\Doctorat\datasets\LUNA 16\classification\subset5\1\1_aug\21_5.npy
1,D:\Doctorat\datasets\LUNA 16\classification\subset5\1\1_aug\21_9.npy
1,D:\Doctorat\datasets\LUNA 16\classification\subset5\1\1_aug\22_17.npy
1,D:\Doctorat\datasets\LUNA 16\classification\subset5\1\1_aug\22_2.npy
1,D:\Doctorat\datasets\LUNA 16\classification\subset5\1\1_aug\22_21.npy
1,D:\Doctorat\datasets\LUNA 16\classification\subset5\1\1_aug\22_24.npy
1,D:\Doctorat\datasets\LUNA 16\classification\subset5\1\1_aug\22_32.npy
1,D:\Doctorat\datasets\LUNA 16\classification\subset5\1\1_aug\22_35.npy
1,D:\Doctorat\datasets\LUNA 16\classification\subset5\1\1_aug\23_1.npy
1,D:\Doctorat\datasets\LUNA 16\classification\subset5\1\1_aug\23_19.npy
1,D:\Doctorat\datasets\LUNA 16\classification\subset5\1\1_aug\23_20.npy
1,D:\Doctorat\datasets\LUNA 16\classification\subset5\1\1_aug\23_23.npy
1,D:\Doctorat\datasets\LUNA 16\classification\subset5\1\1_aug\23_29.npy
1,D:\Doctorat\datasets\LUNA 16\classification\subset5\1\1_aug\23_34.npy
1,D:\Doctorat\datasets\LUNA 16\classification\subset5\1\1_aug\23_36.npy
1,D:\Doctorat\datasets\LUNA 16\classification\subset5\1\1_aug\23_38.npy
1,D:\Doctorat\datasets\LUNA 16\classification\subset5\1\1_aug\23_6.npy
1,D:\Doctorat\datasets\LUNA 16\classification\subset5\1\1_aug\23_9.npy
1,D:\Doctorat\datasets\LUNA 16\classification\subset5\1\1_aug\24_17.npy
1,D:\Doctorat\datasets\LUNA 16\classification\subset5\1\1_aug\24_18.npy
1,D:\Doctorat\datasets\LUNA 16\classification\subset5\1\1_aug\24_28.npy
1,D:\Doctorat\datasets\LUNA 16\classification\subset5\1\1_aug\24_32.npy
1,D:\Doctorat\datasets\LUNA 16\classification\subset5\1\1_aug\24_33.npy
1,D:\Doctorat\datasets\LUNA 16\classification\subset5\1\1_aug\24_34.npy
1,D:\Doctorat\datasets\LUNA 16\classification\subset5\1\1_aug\24_35.npy
1,D:\Doctorat\datasets\LUNA 16\classification\subset5\1\1_aug\24_39.npy
1,D:\Doctorat\datasets\LUNA 16\classification\subset5\1\1_aug\24_4.npy
1,D:\Doctorat\datasets\LUNA 16\classification\subset5\1\1_aug\24_5.npy
1,D:\Doctorat\datasets\LUNA 16\classification\subset5\1\1_aug\24_9.npy
1,D:\Doctorat\datasets\LUNA 16\classification\subset5\1\1_aug\25_14.npy
1,D:\Doctorat\datasets\LUNA 16\classification\subset5\1\1_aug\25_16.npy
1,D:\Doctorat\datasets\LUNA 16\classification\subset5\1\1_aug\25_18.npy
1,D:\Doctorat\datasets\LUNA 16\classification\subset5\1\1_aug\25_20.npy
1,D:\Doctorat\datasets\LUNA 16\classification\subset5\1\1_aug\25_3.npy
1,D:\Doctorat\datasets\LUNA 16\classification\subset5\1\1_aug\25_31.npy
1,D:\Doctorat\datasets\LUNA 16\classification\subset5\1\1_aug\25_32.npy
1,D:\Doctorat\datasets\LUNA 16\classification\subset5\1\1_aug\25_35.npy
1,D:\Doctorat\datasets\LUNA 16\classification\subset5\1\1_aug\25_38.npy
1,D:\Doctorat\datasets\LUNA 16\classification\subset5\1\1_aug\25_39.npy
1,D:\Doctorat\datasets\LUNA 16\classification\subset5\1\1_aug\25_8.npy
1,D:\Doctorat\datasets\LUNA 16\classification\subset5\1\1_aug\26_10.npy
1,D:\Doctorat\datasets\LUNA 16\classification\subset5\1\1_aug\26_11.npy
1,D:\Doctorat\datasets\LUNA 16\classification\subset5\1\1_aug\26_16.npy
1,D:\Doctorat\datasets\LUNA 16\classification\subset5\1\1_aug\26_17.npy
1,D:\Doctorat\datasets\LUNA 16\classification\subset5\1\1_aug\26_31.npy
1,D:\Doctorat\datasets\LUNA 16\classification\subset5\1\1_aug\26_35.npy
1,D:\Doctorat\datasets\LUNA 16\classification\subset5\1\1_aug\26_37.npy
1,D:\Doctorat\datasets\LUNA 16\classification\subset5\1\1_aug\26_6.npy
1,D:\Doctorat\datasets\LUNA 16\classification\subset5\1\1_aug\26_8.npy
1,D:\Doctorat\datasets\LUNA 16\classification\subset5\1\1_aug\26_9.npy
1,D:\Doctorat\datasets\LUNA 16\classification\subset5\1\1_aug\27_12.npy
1,D:\Doctorat\datasets\LUNA 16\classification\subset5\1\1_aug\27_15.npy
1,D:\Doctorat\datasets\LUNA 16\classification\subset5\1\1_aug\27_16.npy
1,D:\Doctorat\datasets\LUNA 16\classification\subset5\1\1_aug\27_23.npy
1,D:\Doctorat\datasets\LUNA 16\classification\subset5\1\1_aug\27_24.npy
1,D:\Doctorat\datasets\LUNA 16\classification\subset5\1\1_aug\27_26.npy
1,D:\Doctorat\datasets\LUNA 16\classification\subset5\1\1_aug\27_28.npy
1,D:\Doctorat\datasets\LUNA 16\classification\subset5\1\1_aug\27_3.npy
1,D:\Doctorat\datasets\LUNA 16\classification\subset5\1\1_aug\27_36.npy
1,D:\Doctorat\datasets\LUNA 16\classification\subset5\1\1_aug\27_37.npy
1,D:\Doctorat\datasets\LUNA 16\classification\subset5\1\1_aug\27_38.npy
1,D:\Doctorat\datasets\LUNA 16\classification\subset5\1\1_aug\27_4.npy
1,D:\Doctorat\datasets\LUNA 16\classification\subset5\1\1_aug\28_1.npy
1,D:\Doctorat\datasets\LUNA 16\classification\subset5\1\1_aug\28_11.npy
1,D:\Doctorat\datasets\LUNA 16\classification\subset5\1\1_aug\28_2.npy
1,D:\Doctorat\datasets\LUNA 16\classification\subset5\1\1_aug\28_21.npy
1,D:\Doctorat\datasets\LUNA 16\classification\subset5\1\1_aug\28_36.npy
1,D:\Doctorat\datasets\LUNA 16\classification\subset5\1\1_aug\28_8.npy
1,D:\Doctorat\datasets\LUNA 16\classification\subset5\1\1_aug\29_25.npy
1,D:\Doctorat\datasets\LUNA 16\classification\subset5\1\1_aug\29_30.npy
1,D:\Doctorat\datasets\LUNA 16\classification\subset5\1\1_aug\29_33.npy
1,D:\Doctorat\datasets\LUNA 16\classification\subset5\1\1_aug\29_7.npy
1,D:\Doctorat\datasets\LUNA 16\classification\subset5\1\1_aug\2_10.npy
1,D:\Doctorat\datasets\LUNA 16\classification\subset5\1\1_aug\2_15.npy
1,D:\Doctorat\datasets\LUNA 16\classification\subset5\1\1_aug\2_16.npy
1,D:\Doctorat\datasets\LUNA 16\classification\subset5\1\1_aug\2_30.npy
1,D:\Doctorat\datasets\LUNA 16\classification\subset5\1\1_aug\2_32.npy
1,D:\Doctorat\datasets\LUNA 16\classification\subset5\1\1_aug\2_38.npy
1,D:\Doctorat\datasets\LUNA 16\classification\subset5\1\1_aug\30_16.npy
1,D:\Doctorat\datasets\LUNA 16\classification\subset5\1\1_aug\30_23.npy
1,D:\Doctorat\datasets\LUNA 16\classification\subset5\1\1_aug\30_25.npy
1,D:\Doctorat\datasets\LUNA 16\classification\subset5\1\1_aug\30_37.npy
1,D:\Doctorat\datasets\LUNA 16\classification\subset5\1\1_aug\30_39.npy
1,D:\Doctorat\datasets\LUNA 16\classification\subset5\1\1_aug\31_29.npy
1,D:\Doctorat\datasets\LUNA 16\classification\subset5\1\1_aug\31_30.npy
1,D:\Doctorat\datasets\LUNA 16\classification\subset5\1\1_aug\31_37.npy
1,D:\Doctorat\datasets\LUNA 16\classification\subset5\1\1_aug\31_4.npy
1,D:\Doctorat\datasets\LUNA 16\classification\subset5\1\1_aug\31_5.npy
1,D:\Doctorat\datasets\LUNA 16\classification\subset5\1\1_aug\31_9.npy
1,D:\Doctorat\datasets\LUNA 16\classification\subset5\1\1_aug\32_13.npy
1,D:\Doctorat\datasets\LUNA 16\classification\subset5\1\1_aug\32_15.npy
1,D:\Doctorat\datasets\LUNA 16\classification\subset5\1\1_aug\32_20.npy
1,D:\Doctorat\datasets\LUNA 16\classification\subset5\1\1_aug\32_22.npy
1,D:\Doctorat\datasets\LUNA 16\classification\subset5\1\1_aug\32_29.npy
1,D:\Doctorat\datasets\LUNA 16\classification\subset5\1\1_aug\32_34.npy
1,D:\Doctorat\datasets\LUNA 16\classification\subset5\1\1_aug\32_35.npy
1,D:\Doctorat\datasets\LUNA 16\classification\subset5\1\1_aug\32_40.npy
1,D:\Doctorat\datasets\LUNA 16\classification\subset5\1\1_aug\32_5.npy
1,D:\Doctorat\datasets\LUNA 16\classification\subset5\1\1_aug\32_9.npy
1,D:\Doctorat\datasets\LUNA 16\classification\subset5\1\1_aug\33_11.npy
1,D:\Doctorat\datasets\LUNA 16\classification\subset5\1\1_aug\33_15.npy
1,D:\Doctorat\datasets\LUNA 16\classification\subset5\1\1_aug\33_18.npy
1,D:\Doctorat\datasets\LUNA 16\classification\subset5\1\1_aug\33_21.npy
1,D:\Doctorat\datasets\LUNA 16\classification\subset5\1\1_aug\33_29.npy
1,D:\Doctorat\datasets\LUNA 16\classification\subset5\1\1_aug\33_3.npy
1,D:\Doctorat\datasets\LUNA 16\classification\subset5\1\1_aug\33_31.npy
1,D:\Doctorat\datasets\LUNA 16\classification\subset5\1\1_aug\33_37.npy
1,D:\Doctorat\datasets\LUNA 16\classification\subset5\1\1_aug\33_39.npy
1,D:\Doctorat\datasets\LUNA 16\classification\subset5\1\1_aug\33_8.npy
1,D:\Doctorat\datasets\LUNA 16\classification\subset5\1\1_aug\34_1.npy
1,D:\Doctorat\datasets\LUNA 16\classification\subset5\1\1_aug\34_12.npy
1,D:\Doctorat\datasets\LUNA 16\classification\subset5\1\1_aug\34_16.npy
1,D:\Doctorat\datasets\LUNA 16\classification\subset5\1\1_aug\34_2.npy
1,D:\Doctorat\datasets\LUNA 16\classification\subset5\1\1_aug\34_23.npy
1,D:\Doctorat\datasets\LUNA 16\classification\subset5\1\1_aug\34_28.npy
1,D:\Doctorat\datasets\LUNA 16\classification\subset5\1\1_aug\34_3.npy
1,D:\Doctorat\datasets\LUNA 16\classification\subset5\1\1_aug\34_36.npy
1,D:\Doctorat\datasets\LUNA 16\classification\subset5\1\1_aug\34_6.npy
1,D:\Doctorat\datasets\LUNA 16\classification\subset5\1\1_aug\34_7.npy
1,D:\Doctorat\datasets\LUNA 16\classification\subset5\1\1_aug\35_10.npy
1,D:\Doctorat\datasets\LUNA 16\classification\subset5\1\1_aug\35_14.npy
1,D:\Doctorat\datasets\LUNA 16\classification\subset5\1\1_aug\35_19.npy
1,D:\Doctorat\datasets\LUNA 16\classification\subset5\1\1_aug\35_20.npy
1,D:\Doctorat\datasets\LUNA 16\classification\subset5\1\1_aug\35_23.npy
1,D:\Doctorat\datasets\LUNA 16\classification\subset5\1\1_aug\35_24.npy
1,D:\Doctorat\datasets\LUNA 16\classification\subset5\1\1_aug\35_26.npy
1,D:\Doctorat\datasets\LUNA 16\classification\subset5\1\1_aug\35_27.npy
1,D:\Doctorat\datasets\LUNA 16\classification\subset5\1\1_aug\35_28.npy
1,D:\Doctorat\datasets\LUNA 16\classification\subset5\1\1_aug\35_3.npy
1,D:\Doctorat\datasets\LUNA 16\classification\subset5\1\1_aug\35_30.npy
1,D:\Doctorat\datasets\LUNA 16\classification\subset5\1\1_aug\35_33.npy
1,D:\Doctorat\datasets\LUNA 16\classification\subset5\1\1_aug\35_36.npy
1,D:\Doctorat\datasets\LUNA 16\classification\subset5\1\1_aug\35_39.npy
1,D:\Doctorat\datasets\LUNA 16\classification\subset5\1\1_aug\36_1.npy
1,D:\Doctorat\datasets\LUNA 16\classification\subset5\1\1_aug\36_14.npy
1,D:\Doctorat\datasets\LUNA 16\classification\subset5\1\1_aug\36_19.npy
1,D:\Doctorat\datasets\LUNA 16\classification\subset5\1\1_aug\36_23.npy
1,D:\Doctorat\datasets\LUNA 16\classification\subset5\1\1_aug\36_28.npy
1,D:\Doctorat\datasets\LUNA 16\classification\subset5\1\1_aug\36_30.npy
1,D:\Doctorat\datasets\LUNA 16\classification\subset5\1\1_aug\36_32.npy
1,D:\Doctorat\datasets\LUNA 16\classification\subset5\1\1_aug\36_9.npy
1,D:\Doctorat\datasets\LUNA 16\classification\subset5\1\1_aug\37_11.npy
1,D:\Doctorat\datasets\LUNA 16\classification\subset5\1\1_aug\37_14.npy
1,D:\Doctorat\datasets\LUNA 16\classification\subset5\1\1_aug\37_17.npy
1,D:\Doctorat\datasets\LUNA 16\classification\subset5\1\1_aug\37_19.npy
1,D:\Doctorat\datasets\LUNA 16\classification\subset5\1\1_aug\37_24.npy
1,D:\Doctorat\datasets\LUNA 16\classification\subset5\1\1_aug\37_28.npy
1,D:\Doctorat\datasets\LUNA 16\classification\subset5\1\1_aug\37_3.npy
1,D:\Doctorat\datasets\LUNA 16\classification\subset5\1\1_aug\37_39.npy
1,D:\Doctorat\datasets\LUNA 16\classification\subset5\1\1_aug\37_7.npy
1,D:\Doctorat\datasets\LUNA 16\classification\subset5\1\1_aug\38_11.npy
1,D:\Doctorat\datasets\LUNA 16\classification\subset5\1\1_aug\38_21.npy
1,D:\Doctorat\datasets\LUNA 16\classification\subset5\1\1_aug\38_24.npy
1,D:\Doctorat\datasets\LUNA 16\classification\subset5\1\1_aug\38_28.npy
1,D:\Doctorat\datasets\LUNA 16\classification\subset5\1\1_aug\38_34.npy
1,D:\Doctorat\datasets\LUNA 16\classification\subset5\1\1_aug\38_37.npy
1,D:\Doctorat\datasets\LUNA 16\classification\subset5\1\1_aug\38_4.npy
1,D:\Doctorat\datasets\LUNA 16\classification\subset5\1\1_aug\38_7.npy
1,D:\Doctorat\datasets\LUNA 16\classification\subset5\1\1_aug\38_9.npy
1,D:\Doctorat\datasets\LUNA 16\classification\subset5\1\1_aug\39_10.npy
1,D:\Doctorat\datasets\LUNA 16\classification\subset5\1\1_aug\39_24.npy
1,D:\Doctorat\datasets\LUNA 16\classification\subset5\1\1_aug\39_30.npy
1,D:\Doctorat\datasets\LUNA 16\classification\subset5\1\1_aug\39_31.npy
1,D:\Doctorat\datasets\LUNA 16\classification\subset5\1\1_aug\39_35.npy
1,D:\Doctorat\datasets\LUNA 16\classification\subset5\1\1_aug\39_40.npy
1,D:\Doctorat\datasets\LUNA 16\classification\subset5\1\1_aug\39_5.npy
1,D:\Doctorat\datasets\LUNA 16\classification\subset5\1\1_aug\3_10.npy
1,D:\Doctorat\datasets\LUNA 16\classification\subset5\1\1_aug\3_11.npy
1,D:\Doctorat\datasets\LUNA 16\classification\subset5\1\1_aug\3_14.npy
1,D:\Doctorat\datasets\LUNA 16\classification\subset5\1\1_aug\3_16.npy
1,D:\Doctorat\datasets\LUNA 16\classification\subset5\1\1_aug\3_20.npy
1,D:\Doctorat\datasets\LUNA 16\classification\subset5\1\1_aug\3_28.npy
1,D:\Doctorat\datasets\LUNA 16\classification\subset5\1\1_aug\3_37.npy
1,D:\Doctorat\datasets\LUNA 16\classification\subset5\1\1_aug\3_40.npy
1,D:\Doctorat\datasets\LUNA 16\classification\subset5\1\1_aug\3_9.npy
1,D:\Doctorat\datasets\LUNA 16\classification\subset5\1\1_aug\40_11.npy
1,D:\Doctorat\datasets\LUNA 16\classification\subset5\1\1_aug\40_17.npy
1,D:\Doctorat\datasets\LUNA 16\classification\subset5\1\1_aug\40_18.npy
1,D:\Doctorat\datasets\LUNA 16\classification\subset5\1\1_aug\40_22.npy
1,D:\Doctorat\datasets\LUNA 16\classification\subset5\1\1_aug\40_24.npy
1,D:\Doctorat\datasets\LUNA 16\classification\subset5\1\1_aug\40_27.npy
1,D:\Doctorat\datasets\LUNA 16\classification\subset5\1\1_aug\40_30.npy
1,D:\Doctorat\datasets\LUNA 16\classification\subset5\1\1_aug\40_37.npy
1,D:\Doctorat\datasets\LUNA 16\classification\subset5\1\1_aug\41_10.npy
1,D:\Doctorat\datasets\LUNA 16\classification\subset5\1\1_aug\41_13.npy
1,D:\Doctorat\datasets\LUNA 16\classification\subset5\1\1_aug\41_20.npy
1,D:\Doctorat\datasets\LUNA 16\classification\subset5\1\1_aug\41_22.npy
1,D:\Doctorat\datasets\LUNA 16\classification\subset5\1\1_aug\41_26.npy
1,D:\Doctorat\datasets\LUNA 16\classification\subset5\1\1_aug\41_31.npy
1,D:\Doctorat\datasets\LUNA 16\classification\subset5\1\1_aug\41_35.npy
1,D:\Doctorat\datasets\LUNA 16\classification\subset5\1\1_aug\41_36.npy
1,D:\Doctorat\datasets\LUNA 16\classification\subset5\1\1_aug\41_37.npy
1,D:\Doctorat\datasets\LUNA 16\classification\subset5\1\1_aug\41_38.npy
1,D:\Doctorat\datasets\LUNA 16\classification\subset5\1\1_aug\41_5.npy
1,D:\Doctorat\datasets\LUNA 16\classification\subset5\1\1_aug\41_6.npy
1,D:\Doctorat\datasets\LUNA 16\classification\subset5\1\1_aug\42_12.npy
1,D:\Doctorat\datasets\LUNA 16\classification\subset5\1\1_aug\42_19.npy
1,D:\Doctorat\datasets\LUNA 16\classification\subset5\1\1_aug\42_25.npy
1,D:\Doctorat\datasets\LUNA 16\classification\subset5\1\1_aug\42_28.npy
1,D:\Doctorat\datasets\LUNA 16\classification\subset5\1\1_aug\42_34.npy
1,D:\Doctorat\datasets\LUNA 16\classification\subset5\1\1_aug\42_35.npy
1,D:\Doctorat\datasets\LUNA 16\classification\subset5\1\1_aug\42_36.npy
1,D:\Doctorat\datasets\LUNA 16\classification\subset5\1\1_aug\42_39.npy
1,D:\Doctorat\datasets\LUNA 16\classification\subset5\1\1_aug\42_4.npy
1,D:\Doctorat\datasets\LUNA 16\classification\subset5\1\1_aug\43_1.npy
1,D:\Doctorat\datasets\LUNA 16\classification\subset5\1\1_aug\43_12.npy
1,D:\Doctorat\datasets\LUNA 16\classification\subset5\1\1_aug\43_13.npy
1,D:\Doctorat\datasets\LUNA 16\classification\subset5\1\1_aug\43_15.npy
1,D:\Doctorat\datasets\LUNA 16\classification\subset5\1\1_aug\43_2.npy
1,D:\Doctorat\datasets\LUNA 16\classification\subset5\1\1_aug\43_21.npy
1,D:\Doctorat\datasets\LUNA 16\classification\subset5\1\1_aug\43_22.npy
1,D:\Doctorat\datasets\LUNA 16\classification\subset5\1\1_aug\43_26.npy
1,D:\Doctorat\datasets\LUNA 16\classification\subset5\1\1_aug\43_28.npy
1,D:\Doctorat\datasets\LUNA 16\classification\subset5\1\1_aug\43_36.npy
1,D:\Doctorat\datasets\LUNA 16\classification\subset5\1\1_aug\43_39.npy
1,D:\Doctorat\datasets\LUNA 16\classification\subset5\1\1_aug\43_8.npy
1,D:\Doctorat\datasets\LUNA 16\classification\subset5\1\1_aug\43_9.npy
1,D:\Doctorat\datasets\LUNA 16\classification\subset5\1\1_aug\44_10.npy
1,D:\Doctorat\datasets\LUNA 16\classification\subset5\1\1_aug\44_25.npy
1,D:\Doctorat\datasets\LUNA 16\classification\subset5\1\1_aug\44_33.npy
1,D:\Doctorat\datasets\LUNA 16\classification\subset5\1\1_aug\44_35.npy
1,D:\Doctorat\datasets\LUNA 16\classification\subset5\1\1_aug\44_36.npy
1,D:\Doctorat\datasets\LUNA 16\classification\subset5\1\1_aug\45_1.npy
1,D:\Doctorat\datasets\LUNA 16\classification\subset5\1\1_aug\45_12.npy
1,D:\Doctorat\datasets\LUNA 16\classification\subset5\1\1_aug\45_13.npy
1,D:\Doctorat\datasets\LUNA 16\classification\subset5\1\1_aug\45_16.npy
1,D:\Doctorat\datasets\LUNA 16\classification\subset5\1\1_aug\45_20.npy
1,D:\Doctorat\datasets\LUNA 16\classification\subset5\1\1_aug\45_3.npy
1,D:\Doctorat\datasets\LUNA 16\classification\subset5\1\1_aug\45_31.npy
1,D:\Doctorat\datasets\LUNA 16\classification\subset5\1\1_aug\45_33.npy
1,D:\Doctorat\datasets\LUNA 16\classification\subset5\1\1_aug\45_40.npy
1,D:\Doctorat\datasets\LUNA 16\classification\subset5\1\1_aug\45_5.npy
1,D:\Doctorat\datasets\LUNA 16\classification\subset5\1\1_aug\46_11.npy
1,D:\Doctorat\datasets\LUNA 16\classification\subset5\1\1_aug\46_16.npy
1,D:\Doctorat\datasets\LUNA 16\classification\subset5\1\1_aug\46_18.npy
1,D:\Doctorat\datasets\LUNA 16\classification\subset5\1\1_aug\46_2.npy
1,D:\Doctorat\datasets\LUNA 16\classification\subset5\1\1_aug\46_33.npy
1,D:\Doctorat\datasets\LUNA 16\classification\subset5\1\1_aug\46_7.npy
1,D:\Doctorat\datasets\LUNA 16\classification\subset5\1\1_aug\47_16.npy
1,D:\Doctorat\datasets\LUNA 16\classification\subset5\1\1_aug\47_22.npy
1,D:\Doctorat\datasets\LUNA 16\classification\subset5\1\1_aug\47_27.npy
1,D:\Doctorat\datasets\LUNA 16\classification\subset5\1\1_aug\47_28.npy
1,D:\Doctorat\datasets\LUNA 16\classification\subset5\1\1_aug\47_30.npy
1,D:\Doctorat\datasets\LUNA 16\classification\subset5\1\1_aug\47_35.npy
1,D:\Doctorat\datasets\LUNA 16\classification\subset5\1\1_aug\47_38.npy
1,D:\Doctorat\datasets\LUNA 16\classification\subset5\1\1_aug\48_24.npy
1,D:\Doctorat\datasets\LUNA 16\classification\subset5\1\1_aug\48_26.npy
1,D:\Doctorat\datasets\LUNA 16\classification\subset5\1\1_aug\48_27.npy
1,D:\Doctorat\datasets\LUNA 16\classification\subset5\1\1_aug\48_29.npy
1,D:\Doctorat\datasets\LUNA 16\classification\subset5\1\1_aug\48_8.npy
1,D:\Doctorat\datasets\LUNA 16\classification\subset5\1\1_aug\49_12.npy
1,D:\Doctorat\datasets\LUNA 16\classification\subset5\1\1_aug\49_16.npy
1,D:\Doctorat\datasets\LUNA 16\classification\subset5\1\1_aug\49_17.npy
1,D:\Doctorat\datasets\LUNA 16\classification\subset5\1\1_aug\49_19.npy
1,D:\Doctorat\datasets\LUNA 16\classification\subset5\1\1_aug\49_28.npy
1,D:\Doctorat\datasets\LUNA 16\classification\subset5\1\1_aug\49_30.npy
1,D:\Doctorat\datasets\LUNA 16\classification\subset5\1\1_aug\49_7.npy
1,D:\Doctorat\datasets\LUNA 16\classification\subset5\1\1_aug\49_9.npy
1,D:\Doctorat\datasets\LUNA 16\classification\subset5\1\1_aug\4_12.npy
1,D:\Doctorat\datasets\LUNA 16\classification\subset5\1\1_aug\4_15.npy
1,D:\Doctorat\datasets\LUNA 16\classification\subset5\1\1_aug\4_21.npy
1,D:\Doctorat\datasets\LUNA 16\classification\subset5\1\1_aug\4_26.npy
1,D:\Doctorat\datasets\LUNA 16\classification\subset5\1\1_aug\4_35.npy
1,D:\Doctorat\datasets\LUNA 16\classification\subset5\1\1_aug\4_7.npy
1,D:\Doctorat\datasets\LUNA 16\classification\subset5\1\1_aug\4_8.npy
1,D:\Doctorat\datasets\LUNA 16\classification\subset5\1\1_aug\50_30.npy
1,D:\Doctorat\datasets\LUNA 16\classification\subset5\1\1_aug\50_35.npy
1,D:\Doctorat\datasets\LUNA 16\classification\subset5\1\1_aug\50_38.npy
1,D:\Doctorat\datasets\LUNA 16\classification\subset5\1\1_aug\50_8.npy
1,D:\Doctorat\datasets\LUNA 16\classification\subset5\1\1_aug\51_1.npy
1,D:\Doctorat\datasets\LUNA 16\classification\subset5\1\1_aug\51_20.npy
1,D:\Doctorat\datasets\LUNA 16\classification\subset5\1\1_aug\51_30.npy
1,D:\Doctorat\datasets\LUNA 16\classification\subset5\1\1_aug\51_4.npy
1,D:\Doctorat\datasets\LUNA 16\classification\subset5\1\1_aug\52_12.npy
1,D:\Doctorat\datasets\LUNA 16\classification\subset5\1\1_aug\52_16.npy
1,D:\Doctorat\datasets\LUNA 16\classification\subset5\1\1_aug\52_18.npy
1,D:\Doctorat\datasets\LUNA 16\classification\subset5\1\1_aug\53_14.npy
1,D:\Doctorat\datasets\LUNA 16\classification\subset5\1\1_aug\53_18.npy
1,D:\Doctorat\datasets\LUNA 16\classification\subset5\1\1_aug\53_27.npy
1,D:\Doctorat\datasets\LUNA 16\classification\subset5\1\1_aug\53_34.npy
1,D:\Doctorat\datasets\LUNA 16\classification\subset5\1\1_aug\54_12.npy
1,D:\Doctorat\datasets\LUNA 16\classification\subset5\1\1_aug\54_17.npy
1,D:\Doctorat\datasets\LUNA 16\classification\subset5\1\1_aug\54_2.npy
1,D:\Doctorat\datasets\LUNA 16\classification\subset5\1\1_aug\54_22.npy
1,D:\Doctorat\datasets\LUNA 16\classification\subset5\1\1_aug\54_25.npy
1,D:\Doctorat\datasets\LUNA 16\classification\subset5\1\1_aug\54_27.npy
1,D:\Doctorat\datasets\LUNA 16\classification\subset5\1\1_aug\54_28.npy
1,D:\Doctorat\datasets\LUNA 16\classification\subset5\1\1_aug\54_4.npy
1,D:\Doctorat\datasets\LUNA 16\classification\subset5\1\1_aug\54_5.npy
1,D:\Doctorat\datasets\LUNA 16\classification\subset5\1\1_aug\54_6.npy
1,D:\Doctorat\datasets\LUNA 16\classification\subset5\1\1_aug\55_1.npy
1,D:\Doctorat\datasets\LUNA 16\classification\subset5\1\1_aug\55_11.npy
1,D:\Doctorat\datasets\LUNA 16\classification\subset5\1\1_aug\55_17.npy
1,D:\Doctorat\datasets\LUNA 16\classification\subset5\1\1_aug\55_18.npy
1,D:\Doctorat\datasets\LUNA 16\classification\subset5\1\1_aug\55_24.npy
1,D:\Doctorat\datasets\LUNA 16\classification\subset5\1\1_aug\55_25.npy
1,D:\Doctorat\datasets\LUNA 16\classification\subset5\1\1_aug\55_28.npy
1,D:\Doctorat\datasets\LUNA 16\classification\subset5\1\1_aug\55_31.npy
1,D:\Doctorat\datasets\LUNA 16\classification\subset5\1\1_aug\55_33.npy
1,D:\Doctorat\datasets\LUNA 16\classification\subset5\1\1_aug\56_12.npy
1,D:\Doctorat\datasets\LUNA 16\classification\subset5\1\1_aug\56_21.npy
1,D:\Doctorat\datasets\LUNA 16\classification\subset5\1\1_aug\56_24.npy
1,D:\Doctorat\datasets\LUNA 16\classification\subset5\1\1_aug\56_27.npy
1,D:\Doctorat\datasets\LUNA 16\classification\subset5\1\1_aug\56_31.npy
1,D:\Doctorat\datasets\LUNA 16\classification\subset5\1\1_aug\56_37.npy
1,D:\Doctorat\datasets\LUNA 16\classification\subset5\1\1_aug\56_40.npy
1,D:\Doctorat\datasets\LUNA 16\classification\subset5\1\1_aug\56_8.npy
1,D:\Doctorat\datasets\LUNA 16\classification\subset5\1\1_aug\57_33.npy
1,D:\Doctorat\datasets\LUNA 16\classification\subset5\1\1_aug\57_35.npy
1,D:\Doctorat\datasets\LUNA 16\classification\subset5\1\1_aug\57_4.npy
1,D:\Doctorat\datasets\LUNA 16\classification\subset5\1\1_aug\57_6.npy
1,D:\Doctorat\datasets\LUNA 16\classification\subset5\1\1_aug\57_9.npy
1,D:\Doctorat\datasets\LUNA 16\classification\subset5\1\1_aug\58_10.npy
1,D:\Doctorat\datasets\LUNA 16\classification\subset5\1\1_aug\58_16.npy
1,D:\Doctorat\datasets\LUNA 16\classification\subset5\1\1_aug\58_23.npy
1,D:\Doctorat\datasets\LUNA 16\classification\subset5\1\1_aug\58_33.npy
1,D:\Doctorat\datasets\LUNA 16\classification\subset5\1\1_aug\58_8.npy
1,D:\Doctorat\datasets\LUNA 16\classification\subset5\1\1_aug\59_10.npy
1,D:\Doctorat\datasets\LUNA 16\classification\subset5\1\1_aug\59_11.npy
1,D:\Doctorat\datasets\LUNA 16\classification\subset5\1\1_aug\59_18.npy
1,D:\Doctorat\datasets\LUNA 16\classification\subset5\1\1_aug\59_19.npy
1,D:\Doctorat\datasets\LUNA 16\classification\subset5\1\1_aug\59_22.npy
1,D:\Doctorat\datasets\LUNA 16\classification\subset5\1\1_aug\59_28.npy
1,D:\Doctorat\datasets\LUNA 16\classification\subset5\1\1_aug\59_34.npy
1,D:\Doctorat\datasets\LUNA 16\classification\subset5\1\1_aug\59_38.npy
1,D:\Doctorat\datasets\LUNA 16\classification\subset5\1\1_aug\59_5.npy
1,D:\Doctorat\datasets\LUNA 16\classification\subset5\1\1_aug\59_6.npy
1,D:\Doctorat\datasets\LUNA 16\classification\subset5\1\1_aug\5_10.npy
1,D:\Doctorat\datasets\LUNA 16\classification\subset5\1\1_aug\5_12.npy
1,D:\Doctorat\datasets\LUNA 16\classification\subset5\1\1_aug\5_25.npy
1,D:\Doctorat\datasets\LUNA 16\classification\subset5\1\1_aug\5_27.npy
1,D:\Doctorat\datasets\LUNA 16\classification\subset5\1\1_aug\5_3.npy
1,D:\Doctorat\datasets\LUNA 16\classification\subset5\1\1_aug\5_37.npy
1,D:\Doctorat\datasets\LUNA 16\classification\subset5\1\1_aug\5_38.npy
1,D:\Doctorat\datasets\LUNA 16\classification\subset5\1\1_aug\60_11.npy
1,D:\Doctorat\datasets\LUNA 16\classification\subset5\1\1_aug\60_14.npy
1,D:\Doctorat\datasets\LUNA 16\classification\subset5\1\1_aug\60_17.npy
1,D:\Doctorat\datasets\LUNA 16\classification\subset5\1\1_aug\60_18.npy
1,D:\Doctorat\datasets\LUNA 16\classification\subset5\1\1_aug\60_19.npy
1,D:\Doctorat\datasets\LUNA 16\classification\subset5\1\1_aug\60_22.npy
1,D:\Doctorat\datasets\LUNA 16\classification\subset5\1\1_aug\60_29.npy
1,D:\Doctorat\datasets\LUNA 16\classification\subset5\1\1_aug\60_3.npy
1,D:\Doctorat\datasets\LUNA 16\classification\subset5\1\1_aug\60_38.npy
1,D:\Doctorat\datasets\LUNA 16\classification\subset5\1\1_aug\60_40.npy
1,D:\Doctorat\datasets\LUNA 16\classification\subset5\1\1_aug\60_7.npy
1,D:\Doctorat\datasets\LUNA 16\classification\subset5\1\1_aug\61_10.npy
1,D:\Doctorat\datasets\LUNA 16\classification\subset5\1\1_aug\61_12.npy
1,D:\Doctorat\datasets\LUNA 16\classification\subset5\1\1_aug\61_16.npy
1,D:\Doctorat\datasets\LUNA 16\classification\subset5\1\1_aug\61_17.npy
1,D:\Doctorat\datasets\LUNA 16\classification\subset5\1\1_aug\61_21.npy
1,D:\Doctorat\datasets\LUNA 16\classification\subset5\1\1_aug\61_23.npy
1,D:\Doctorat\datasets\LUNA 16\classification\subset5\1\1_aug\61_24.npy
1,D:\Doctorat\datasets\LUNA 16\classification\subset5\1\1_aug\61_25.npy
1,D:\Doctorat\datasets\LUNA 16\classification\subset5\1\1_aug\61_26.npy
1,D:\Doctorat\datasets\LUNA 16\classification\subset5\1\1_aug\61_28.npy
1,D:\Doctorat\datasets\LUNA 16\classification\subset5\1\1_aug\61_31.npy
1,D:\Doctorat\datasets\LUNA 16\classification\subset5\1\1_aug\62_17.npy
1,D:\Doctorat\datasets\LUNA 16\classification\subset5\1\1_aug\62_21.npy
1,D:\Doctorat\datasets\LUNA 16\classification\subset5\1\1_aug\62_29.npy
1,D:\Doctorat\datasets\LUNA 16\classification\subset5\1\1_aug\62_37.npy
1,D:\Doctorat\datasets\LUNA 16\classification\subset5\1\1_aug\62_38.npy
1,D:\Doctorat\datasets\LUNA 16\classification\subset5\1\1_aug\62_6.npy
1,D:\Doctorat\datasets\LUNA 16\classification\subset5\1\1_aug\63_1.npy
1,D:\Doctorat\datasets\LUNA 16\classification\subset5\1\1_aug\63_14.npy
1,D:\Doctorat\datasets\LUNA 16\classification\subset5\1\1_aug\63_15.npy
1,D:\Doctorat\datasets\LUNA 16\classification\subset5\1\1_aug\63_19.npy
1,D:\Doctorat\datasets\LUNA 16\classification\subset5\1\1_aug\63_3.npy
1,D:\Doctorat\datasets\LUNA 16\classification\subset5\1\1_aug\63_31.npy
1,D:\Doctorat\datasets\LUNA 16\classification\subset5\1\1_aug\63_33.npy
1,D:\Doctorat\datasets\LUNA 16\classification\subset5\1\1_aug\63_35.npy
1,D:\Doctorat\datasets\LUNA 16\classification\subset5\1\1_aug\63_36.npy
1,D:\Doctorat\datasets\LUNA 16\classification\subset5\1\1_aug\63_4.npy
1,D:\Doctorat\datasets\LUNA 16\classification\subset5\1\1_aug\63_40.npy
1,D:\Doctorat\datasets\LUNA 16\classification\subset5\1\1_aug\64_10.npy
1,D:\Doctorat\datasets\LUNA 16\classification\subset5\1\1_aug\64_28.npy
1,D:\Doctorat\datasets\LUNA 16\classification\subset5\1\1_aug\64_3.npy
1,D:\Doctorat\datasets\LUNA 16\classification\subset5\1\1_aug\64_32.npy
1,D:\Doctorat\datasets\LUNA 16\classification\subset5\1\1_aug\65_14.npy
1,D:\Doctorat\datasets\LUNA 16\classification\subset5\1\1_aug\65_27.npy
1,D:\Doctorat\datasets\LUNA 16\classification\subset5\1\1_aug\65_33.npy
1,D:\Doctorat\datasets\LUNA 16\classification\subset5\1\1_aug\65_8.npy
1,D:\Doctorat\datasets\LUNA 16\classification\subset5\1\1_aug\65_9.npy
1,D:\Doctorat\datasets\LUNA 16\classification\subset5\1\1_aug\66_10.npy
1,D:\Doctorat\datasets\LUNA 16\classification\subset5\1\1_aug\66_14.npy
1,D:\Doctorat\datasets\LUNA 16\classification\subset5\1\1_aug\66_19.npy
1,D:\Doctorat\datasets\LUNA 16\classification\subset5\1\1_aug\66_25.npy
1,D:\Doctorat\datasets\LUNA 16\classification\subset5\1\1_aug\66_28.npy
1,D:\Doctorat\datasets\LUNA 16\classification\subset5\1\1_aug\66_3.npy
1,D:\Doctorat\datasets\LUNA 16\classification\subset5\1\1_aug\66_34.npy
1,D:\Doctorat\datasets\LUNA 16\classification\subset5\1\1_aug\66_35.npy
1,D:\Doctorat\datasets\LUNA 16\classification\subset5\1\1_aug\66_36.npy
1,D:\Doctorat\datasets\LUNA 16\classification\subset5\1\1_aug\66_6.npy
1,D:\Doctorat\datasets\LUNA 16\classification\subset5\1\1_aug\67_15.npy
1,D:\Doctorat\datasets\LUNA 16\classification\subset5\1\1_aug\67_20.npy
1,D:\Doctorat\datasets\LUNA 16\classification\subset5\1\1_aug\67_23.npy
1,D:\Doctorat\datasets\LUNA 16\classification\subset5\1\1_aug\67_28.npy
1,D:\Doctorat\datasets\LUNA 16\classification\subset5\1\1_aug\67_29.npy
1,D:\Doctorat\datasets\LUNA 16\classification\subset5\1\1_aug\67_36.npy
1,D:\Doctorat\datasets\LUNA 16\classification\subset5\1\1_aug\67_9.npy
1,D:\Doctorat\datasets\LUNA 16\classification\subset5\1\1_aug\68_11.npy
1,D:\Doctorat\datasets\LUNA 16\classification\subset5\1\1_aug\68_17.npy
1,D:\Doctorat\datasets\LUNA 16\classification\subset5\1\1_aug\68_22.npy
1,D:\Doctorat\datasets\LUNA 16\classification\subset5\1\1_aug\68_24.npy
1,D:\Doctorat\datasets\LUNA 16\classification\subset5\1\1_aug\68_25.npy
1,D:\Doctorat\datasets\LUNA 16\classification\subset5\1\1_aug\68_29.npy
1,D:\Doctorat\datasets\LUNA 16\classification\subset5\1\1_aug\68_31.npy
1,D:\Doctorat\datasets\LUNA 16\classification\subset5\1\1_aug\68_36.npy
1,D:\Doctorat\datasets\LUNA 16\classification\subset5\1\1_aug\68_37.npy
1,D:\Doctorat\datasets\LUNA 16\classification\subset5\1\1_aug\68_8.npy
1,D:\Doctorat\datasets\LUNA 16\classification\subset5\1\1_aug\68_9.npy
1,D:\Doctorat\datasets\LUNA 16\classification\subset5\1\1_aug\69_1.npy
1,D:\Doctorat\datasets\LUNA 16\classification\subset5\1\1_aug\69_15.npy
1,D:\Doctorat\datasets\LUNA 16\classification\subset5\1\1_aug\69_29.npy
1,D:\Doctorat\datasets\LUNA 16\classification\subset5\1\1_aug\69_30.npy
1,D:\Doctorat\datasets\LUNA 16\classification\subset5\1\1_aug\6_1.npy
1,D:\Doctorat\datasets\LUNA 16\classification\subset5\1\1_aug\6_11.npy
1,D:\Doctorat\datasets\LUNA 16\classification\subset5\1\1_aug\6_12.npy
1,D:\Doctorat\datasets\LUNA 16\classification\subset5\1\1_aug\6_14.npy
1,D:\Doctorat\datasets\LUNA 16\classification\subset5\1\1_aug\6_24.npy
1,D:\Doctorat\datasets\LUNA 16\classification\subset5\1\1_aug\6_25.npy
1,D:\Doctorat\datasets\LUNA 16\classification\subset5\1\1_aug\6_27.npy
1,D:\Doctorat\datasets\LUNA 16\classification\subset5\1\1_aug\6_29.npy
1,D:\Doctorat\datasets\LUNA 16\classification\subset5\1\1_aug\6_36.npy
1,D:\Doctorat\datasets\LUNA 16\classification\subset5\1\1_aug\6_40.npy
1,D:\Doctorat\datasets\LUNA 16\classification\subset5\1\1_aug\6_6.npy
1,D:\Doctorat\datasets\LUNA 16\classification\subset5\1\1_aug\70_1.npy
1,D:\Doctorat\datasets\LUNA 16\classification\subset5\1\1_aug\70_21.npy
1,D:\Doctorat\datasets\LUNA 16\classification\subset5\1\1_aug\70_26.npy
1,D:\Doctorat\datasets\LUNA 16\classification\subset5\1\1_aug\70_28.npy
1,D:\Doctorat\datasets\LUNA 16\classification\subset5\1\1_aug\70_29.npy
1,D:\Doctorat\datasets\LUNA 16\classification\subset5\1\1_aug\70_4.npy
1,D:\Doctorat\datasets\LUNA 16\classification\subset5\1\1_aug\70_9.npy
1,D:\Doctorat\datasets\LUNA 16\classification\subset5\1\1_aug\71_17.npy
1,D:\Doctorat\datasets\LUNA 16\classification\subset5\1\1_aug\71_21.npy
1,D:\Doctorat\datasets\LUNA 16\classification\subset5\1\1_aug\71_27.npy
1,D:\Doctorat\datasets\LUNA 16\classification\subset5\1\1_aug\71_31.npy
1,D:\Doctorat\datasets\LUNA 16\classification\subset5\1\1_aug\71_35.npy
1,D:\Doctorat\datasets\LUNA 16\classification\subset5\1\1_aug\71_36.npy
1,D:\Doctorat\datasets\LUNA 16\classification\subset5\1\1_aug\72_12.npy
1,D:\Doctorat\datasets\LUNA 16\classification\subset5\1\1_aug\72_17.npy
1,D:\Doctorat\datasets\LUNA 16\classification\subset5\1\1_aug\72_18.npy
1,D:\Doctorat\datasets\LUNA 16\classification\subset5\1\1_aug\72_19.npy
1,D:\Doctorat\datasets\LUNA 16\classification\subset5\1\1_aug\72_25.npy
1,D:\Doctorat\datasets\LUNA 16\classification\subset5\1\1_aug\72_27.npy
1,D:\Doctorat\datasets\LUNA 16\classification\subset5\1\1_aug\72_3.npy
1,D:\Doctorat\datasets\LUNA 16\classification\subset5\1\1_aug\72_30.npy
1,D:\Doctorat\datasets\LUNA 16\classification\subset5\1\1_aug\72_34.npy
1,D:\Doctorat\datasets\LUNA 16\classification\subset5\1\1_aug\72_40.npy
1,D:\Doctorat\datasets\LUNA 16\classification\subset5\1\1_aug\72_6.npy
1,D:\Doctorat\datasets\LUNA 16\classification\subset5\1\1_aug\73_12.npy
1,D:\Doctorat\datasets\LUNA 16\classification\subset5\1\1_aug\73_24.npy
1,D:\Doctorat\datasets\LUNA 16\classification\subset5\1\1_aug\73_28.npy
1,D:\Doctorat\datasets\LUNA 16\classification\subset5\1\1_aug\73_33.npy
1,D:\Doctorat\datasets\LUNA 16\classification\subset5\1\1_aug\73_39.npy
1,D:\Doctorat\datasets\LUNA 16\classification\subset5\1\1_aug\73_4.npy
1,D:\Doctorat\datasets\LUNA 16\classification\subset5\1\1_aug\73_7.npy
1,D:\Doctorat\datasets\LUNA 16\classification\subset5\1\1_aug\74_10.npy
1,D:\Doctorat\datasets\LUNA 16\classification\subset5\1\1_aug\74_14.npy
1,D:\Doctorat\datasets\LUNA 16\classification\subset5\1\1_aug\74_25.npy
1,D:\Doctorat\datasets\LUNA 16\classification\subset5\1\1_aug\74_27.npy
1,D:\Doctorat\datasets\LUNA 16\classification\subset5\1\1_aug\74_7.npy
1,D:\Doctorat\datasets\LUNA 16\classification\subset5\1\1_aug\75_18.npy
1,D:\Doctorat\datasets\LUNA 16\classification\subset5\1\1_aug\75_28.npy
1,D:\Doctorat\datasets\LUNA 16\classification\subset5\1\1_aug\75_3.npy
1,D:\Doctorat\datasets\LUNA 16\classification\subset5\1\1_aug\76_10.npy
1,D:\Doctorat\datasets\LUNA 16\classification\subset5\1\1_aug\76_12.npy
1,D:\Doctorat\datasets\LUNA 16\classification\subset5\1\1_aug\76_13.npy
1,D:\Doctorat\datasets\LUNA 16\classification\subset5\1\1_aug\76_21.npy
1,D:\Doctorat\datasets\LUNA 16\classification\subset5\1\1_aug\76_23.npy
1,D:\Doctorat\datasets\LUNA 16\classification\subset5\1\1_aug\76_26.npy
1,D:\Doctorat\datasets\LUNA 16\classification\subset5\1\1_aug\76_28.npy
1,D:\Doctorat\datasets\LUNA 16\classification\subset5\1\1_aug\76_3.npy
1,D:\Doctorat\datasets\LUNA 16\classification\subset5\1\1_aug\76_39.npy
1,D:\Doctorat\datasets\LUNA 16\classification\subset5\1\1_aug\76_4.npy
1,D:\Doctorat\datasets\LUNA 16\classification\subset5\1\1_aug\76_7.npy
1,D:\Doctorat\datasets\LUNA 16\classification\subset5\1\1_aug\76_9.npy
1,D:\Doctorat\datasets\LUNA 16\classification\subset5\1\1_aug\77_10.npy
1,D:\Doctorat\datasets\LUNA 16\classification\subset5\1\1_aug\77_14.npy
1,D:\Doctorat\datasets\LUNA 16\classification\subset5\1\1_aug\77_21.npy
1,D:\Doctorat\datasets\LUNA 16\classification\subset5\1\1_aug\77_25.npy
1,D:\Doctorat\datasets\LUNA 16\classification\subset5\1\1_aug\77_31.npy
1,D:\Doctorat\datasets\LUNA 16\classification\subset5\1\1_aug\77_35.npy
1,D:\Doctorat\datasets\LUNA 16\classification\subset5\1\1_aug\77_40.npy
1,D:\Doctorat\datasets\LUNA 16\classification\subset5\1\1_aug\77_5.npy
1,D:\Doctorat\datasets\LUNA 16\classification\subset5\1\1_aug\77_6.npy
1,D:\Doctorat\datasets\LUNA 16\classification\subset5\1\1_aug\77_8.npy
1,D:\Doctorat\datasets\LUNA 16\classification\subset5\1\1_aug\78_21.npy
1,D:\Doctorat\datasets\LUNA 16\classification\subset5\1\1_aug\78_31.npy
1,D:\Doctorat\datasets\LUNA 16\classification\subset5\1\1_aug\78_8.npy
1,D:\Doctorat\datasets\LUNA 16\classification\subset5\1\1_aug\79_1.npy
1,D:\Doctorat\datasets\LUNA 16\classification\subset5\1\1_aug\79_14.npy
1,D:\Doctorat\datasets\LUNA 16\classification\subset5\1\1_aug\79_15.npy
1,D:\Doctorat\datasets\LUNA 16\classification\subset5\1\1_aug\79_29.npy
1,D:\Doctorat\datasets\LUNA 16\classification\subset5\1\1_aug\79_5.npy
1,D:\Doctorat\datasets\LUNA 16\classification\subset5\1\1_aug\79_6.npy
1,D:\Doctorat\datasets\LUNA 16\classification\subset5\1\1_aug\7_10.npy
1,D:\Doctorat\datasets\LUNA 16\classification\subset5\1\1_aug\7_16.npy
1,D:\Doctorat\datasets\LUNA 16\classification\subset5\1\1_aug\7_2.npy
1,D:\Doctorat\datasets\LUNA 16\classification\subset5\1\1_aug\7_25.npy
1,D:\Doctorat\datasets\LUNA 16\classification\subset5\1\1_aug\7_28.npy
1,D:\Doctorat\datasets\LUNA 16\classification\subset5\1\1_aug\7_3.npy
1,D:\Doctorat\datasets\LUNA 16\classification\subset5\1\1_aug\7_4.npy
1,D:\Doctorat\datasets\LUNA 16\classification\subset5\1\1_aug\80_11.npy
1,D:\Doctorat\datasets\LUNA 16\classification\subset5\1\1_aug\80_13.npy
1,D:\Doctorat\datasets\LUNA 16\classification\subset5\1\1_aug\80_15.npy
1,D:\Doctorat\datasets\LUNA 16\classification\subset5\1\1_aug\80_16.npy
1,D:\Doctorat\datasets\LUNA 16\classification\subset5\1\1_aug\80_18.npy
1,D:\Doctorat\datasets\LUNA 16\classification\subset5\1\1_aug\80_2.npy
1,D:\Doctorat\datasets\LUNA 16\classification\subset5\1\1_aug\80_21.npy
1,D:\Doctorat\datasets\LUNA 16\classification\subset5\1\1_aug\80_26.npy
1,D:\Doctorat\datasets\LUNA 16\classification\subset5\1\1_aug\80_4.npy
1,D:\Doctorat\datasets\LUNA 16\classification\subset5\1\1_aug\80_6.npy
1,D:\Doctorat\datasets\LUNA 16\classification\subset5\1\1_aug\80_7.npy
1,D:\Doctorat\datasets\LUNA 16\classification\subset5\1\1_aug\81_11.npy
1,D:\Doctorat\datasets\LUNA 16\classification\subset5\1\1_aug\81_13.npy
1,D:\Doctorat\datasets\LUNA 16\classification\subset5\1\1_aug\81_17.npy
1,D:\Doctorat\datasets\LUNA 16\classification\subset5\1\1_aug\81_23.npy
1,D:\Doctorat\datasets\LUNA 16\classification\subset5\1\1_aug\81_28.npy
1,D:\Doctorat\datasets\LUNA 16\classification\subset5\1\1_aug\81_34.npy
1,D:\Doctorat\datasets\LUNA 16\classification\subset5\1\1_aug\81_36.npy
1,D:\Doctorat\datasets\LUNA 16\classification\subset5\1\1_aug\81_9.npy
1,D:\Doctorat\datasets\LUNA 16\classification\subset5\1\1_aug\82_11.npy
1,D:\Doctorat\datasets\LUNA 16\classification\subset5\1\1_aug\82_14.npy
1,D:\Doctorat\datasets\LUNA 16\classification\subset5\1\1_aug\82_16.npy
1,D:\Doctorat\datasets\LUNA 16\classification\subset5\1\1_aug\82_18.npy
1,D:\Doctorat\datasets\LUNA 16\classification\subset5\1\1_aug\82_20.npy
1,D:\Doctorat\datasets\LUNA 16\classification\subset5\1\1_aug\82_22.npy
1,D:\Doctorat\datasets\LUNA 16\classification\subset5\1\1_aug\82_23.npy
1,D:\Doctorat\datasets\LUNA 16\classification\subset5\1\1_aug\82_25.npy
1,D:\Doctorat\datasets\LUNA 16\classification\subset5\1\1_aug\83_10.npy
1,D:\Doctorat\datasets\LUNA 16\classification\subset5\1\1_aug\83_11.npy
1,D:\Doctorat\datasets\LUNA 16\classification\subset5\1\1_aug\83_17.npy
1,D:\Doctorat\datasets\LUNA 16\classification\subset5\1\1_aug\83_18.npy
1,D:\Doctorat\datasets\LUNA 16\classification\subset5\1\1_aug\83_22.npy
1,D:\Doctorat\datasets\LUNA 16\classification\subset5\1\1_aug\83_23.npy
1,D:\Doctorat\datasets\LUNA 16\classification\subset5\1\1_aug\83_25.npy
1,D:\Doctorat\datasets\LUNA 16\classification\subset5\1\1_aug\83_26.npy
1,D:\Doctorat\datasets\LUNA 16\classification\subset5\1\1_aug\83_32.npy
1,D:\Doctorat\datasets\LUNA 16\classification\subset5\1\1_aug\83_34.npy
1,D:\Doctorat\datasets\LUNA 16\classification\subset5\1\1_aug\83_38.npy
1,D:\Doctorat\datasets\LUNA 16\classification\subset5\1\1_aug\84_16.npy
1,D:\Doctorat\datasets\LUNA 16\classification\subset5\1\1_aug\84_2.npy
1,D:\Doctorat\datasets\LUNA 16\classification\subset5\1\1_aug\84_26.npy
1,D:\Doctorat\datasets\LUNA 16\classification\subset5\1\1_aug\84_32.npy
1,D:\Doctorat\datasets\LUNA 16\classification\subset5\1\1_aug\84_4.npy
1,D:\Doctorat\datasets\LUNA 16\classification\subset5\1\1_aug\84_5.npy
1,D:\Doctorat\datasets\LUNA 16\classification\subset5\1\1_aug\84_6.npy
1,D:\Doctorat\datasets\LUNA 16\classification\subset5\1\1_aug\84_9.npy
1,D:\Doctorat\datasets\LUNA 16\classification\subset5\1\1_aug\85_22.npy
1,D:\Doctorat\datasets\LUNA 16\classification\subset5\1\1_aug\85_26.npy
1,D:\Doctorat\datasets\LUNA 16\classification\subset5\1\1_aug\85_34.npy
1,D:\Doctorat\datasets\LUNA 16\classification\subset5\1\1_aug\85_37.npy
1,D:\Doctorat\datasets\LUNA 16\classification\subset5\1\1_aug\85_38.npy
1,D:\Doctorat\datasets\LUNA 16\classification\subset5\1\1_aug\85_4.npy
1,D:\Doctorat\datasets\LUNA 16\classification\subset5\1\1_aug\86_11.npy
1,D:\Doctorat\datasets\LUNA 16\classification\subset5\1\1_aug\86_14.npy
1,D:\Doctorat\datasets\LUNA 16\classification\subset5\1\1_aug\86_2.npy
1,D:\Doctorat\datasets\LUNA 16\classification\subset5\1\1_aug\86_20.npy
1,D:\Doctorat\datasets\LUNA 16\classification\subset5\1\1_aug\86_23.npy
1,D:\Doctorat\datasets\LUNA 16\classification\subset5\1\1_aug\86_28.npy
1,D:\Doctorat\datasets\LUNA 16\classification\subset5\1\1_aug\86_36.npy
1,D:\Doctorat\datasets\LUNA 16\classification\subset5\1\1_aug\86_40.npy
1,D:\Doctorat\datasets\LUNA 16\classification\subset5\1\1_aug\87_16.npy
1,D:\Doctorat\datasets\LUNA 16\classification\subset5\1\1_aug\87_17.npy
1,D:\Doctorat\datasets\LUNA 16\classification\subset5\1\1_aug\87_24.npy
1,D:\Doctorat\datasets\LUNA 16\classification\subset5\1\1_aug\87_33.npy
1,D:\Doctorat\datasets\LUNA 16\classification\subset5\1\1_aug\87_35.npy
1,D:\Doctorat\datasets\LUNA 16\classification\subset5\1\1_aug\87_37.npy
1,D:\Doctorat\datasets\LUNA 16\classification\subset5\1\1_aug\88_14.npy
1,D:\Doctorat\datasets\LUNA 16\classification\subset5\1\1_aug\88_15.npy
1,D:\Doctorat\datasets\LUNA 16\classification\subset5\1\1_aug\88_16.npy
1,D:\Doctorat\datasets\LUNA 16\classification\subset5\1\1_aug\88_17.npy
1,D:\Doctorat\datasets\LUNA 16\classification\subset5\1\1_aug\88_18.npy
1,D:\Doctorat\datasets\LUNA 16\classification\subset5\1\1_aug\88_2.npy
1,D:\Doctorat\datasets\LUNA 16\classification\subset5\1\1_aug\88_22.npy
1,D:\Doctorat\datasets\LUNA 16\classification\subset5\1\1_aug\88_23.npy
1,D:\Doctorat\datasets\LUNA 16\classification\subset5\1\1_aug\88_3.npy
1,D:\Doctorat\datasets\LUNA 16\classification\subset5\1\1_aug\88_30.npy
1,D:\Doctorat\datasets\LUNA 16\classification\subset5\1\1_aug\88_33.npy
1,D:\Doctorat\datasets\LUNA 16\classification\subset5\1\1_aug\88_36.npy
1,D:\Doctorat\datasets\LUNA 16\classification\subset5\1\1_aug\89_13.npy
1,D:\Doctorat\datasets\LUNA 16\classification\subset5\1\1_aug\89_2.npy
1,D:\Doctorat\datasets\LUNA 16\classification\subset5\1\1_aug\89_25.npy
1,D:\Doctorat\datasets\LUNA 16\classification\subset5\1\1_aug\89_32.npy
1,D:\Doctorat\datasets\LUNA 16\classification\subset5\1\1_aug\8_18.npy
1,D:\Doctorat\datasets\LUNA 16\classification\subset5\1\1_aug\8_2.npy
1,D:\Doctorat\datasets\LUNA 16\classification\subset5\1\1_aug\8_3.npy
1,D:\Doctorat\datasets\LUNA 16\classification\subset5\1\1_aug\8_30.npy
1,D:\Doctorat\datasets\LUNA 16\classification\subset5\1\1_aug\8_36.npy
1,D:\Doctorat\datasets\LUNA 16\classification\subset5\1\1_aug\8_38.npy
1,D:\Doctorat\datasets\LUNA 16\classification\subset5\1\1_aug\90_10.npy
1,D:\Doctorat\datasets\LUNA 16\classification\subset5\1\1_aug\90_14.npy
1,D:\Doctorat\datasets\LUNA 16\classification\subset5\1\1_aug\90_16.npy
1,D:\Doctorat\datasets\LUNA 16\classification\subset5\1\1_aug\90_18.npy
1,D:\Doctorat\datasets\LUNA 16\classification\subset5\1\1_aug\90_3.npy
1,D:\Doctorat\datasets\LUNA 16\classification\subset5\1\1_aug\90_30.npy
1,D:\Doctorat\datasets\LUNA 16\classification\subset5\1\1_aug\90_40.npy
1,D:\Doctorat\datasets\LUNA 16\classification\subset5\1\1_aug\91_3.npy
1,D:\Doctorat\datasets\LUNA 16\classification\subset5\1\1_aug\91_35.npy
1,D:\Doctorat\datasets\LUNA 16\classification\subset5\1\1_aug\91_4.npy
1,D:\Doctorat\datasets\LUNA 16\classification\subset5\1\1_aug\92_11.npy
1,D:\Doctorat\datasets\LUNA 16\classification\subset5\1\1_aug\92_14.npy
1,D:\Doctorat\datasets\LUNA 16\classification\subset5\1\1_aug\92_17.npy
1,D:\Doctorat\datasets\LUNA 16\classification\subset5\1\1_aug\92_26.npy
1,D:\Doctorat\datasets\LUNA 16\classification\subset5\1\1_aug\92_27.npy
1,D:\Doctorat\datasets\LUNA 16\classification\subset5\1\1_aug\92_28.npy
1,D:\Doctorat\datasets\LUNA 16\classification\subset5\1\1_aug\92_39.npy
1,D:\Doctorat\datasets\LUNA 16\classification\subset5\1\1_aug\92_7.npy
1,D:\Doctorat\datasets\LUNA 16\classification\subset5\1\1_aug\93_14.npy
1,D:\Doctorat\datasets\LUNA 16\classification\subset5\1\1_aug\93_28.npy
1,D:\Doctorat\datasets\LUNA 16\classification\subset5\1\1_aug\93_3.npy
1,D:\Doctorat\datasets\LUNA 16\classification\subset5\1\1_aug\93_6.npy
1,D:\Doctorat\datasets\LUNA 16\classification\subset5\1\1_aug\94_11.npy
1,D:\Doctorat\datasets\LUNA 16\classification\subset5\1\1_aug\94_12.npy
1,D:\Doctorat\datasets\LUNA 16\classification\subset5\1\1_aug\94_15.npy
1,D:\Doctorat\datasets\LUNA 16\classification\subset5\1\1_aug\94_16.npy
1,D:\Doctorat\datasets\LUNA 16\classification\subset5\1\1_aug\94_27.npy
1,D:\Doctorat\datasets\LUNA 16\classification\subset5\1\1_aug\94_3.npy
1,D:\Doctorat\datasets\LUNA 16\classification\subset5\1\1_aug\94_38.npy
1,D:\Doctorat\datasets\LUNA 16\classification\subset5\1\1_aug\94_39.npy
1,D:\Doctorat\datasets\LUNA 16\classification\subset5\1\1_aug\95_2.npy
1,D:\Doctorat\datasets\LUNA 16\classification\subset5\1\1_aug\95_24.npy
1,D:\Doctorat\datasets\LUNA 16\classification\subset5\1\1_aug\95_25.npy
1,D:\Doctorat\datasets\LUNA 16\classification\subset5\1\1_aug\95_7.npy
1,D:\Doctorat\datasets\LUNA 16\classification\subset5\1\1_aug\96_11.npy
1,D:\Doctorat\datasets\LUNA 16\classification\subset5\1\1_aug\96_20.npy
1,D:\Doctorat\datasets\LUNA 16\classification\subset5\1\1_aug\96_21.npy
1,D:\Doctorat\datasets\LUNA 16\classification\subset5\1\1_aug\96_3.npy
1,D:\Doctorat\datasets\LUNA 16\classification\subset5\1\1_aug\96_31.npy
1,D:\Doctorat\datasets\LUNA 16\classification\subset5\1\1_aug\96_5.npy
1,D:\Doctorat\datasets\LUNA 16\classification\subset5\1\1_aug\97_17.npy
1,D:\Doctorat\datasets\LUNA 16\classification\subset5\1\1_aug\97_18.npy
1,D:\Doctorat\datasets\LUNA 16\classification\subset5\1\1_aug\97_27.npy
1,D:\Doctorat\datasets\LUNA 16\classification\subset5\1\1_aug\97_3.npy
1,D:\Doctorat\datasets\LUNA 16\classification\subset5\1\1_aug\97_33.npy
1,D:\Doctorat\datasets\LUNA 16\classification\subset5\1\1_aug\97_35.npy
1,D:\Doctorat\datasets\LUNA 16\classification\subset5\1\1_aug\97_37.npy
1,D:\Doctorat\datasets\LUNA 16\classification\subset5\1\1_aug\98_10.npy
1,D:\Doctorat\datasets\LUNA 16\classification\subset5\1\1_aug\98_12.npy
1,D:\Doctorat\datasets\LUNA 16\classification\subset5\1\1_aug\98_19.npy
1,D:\Doctorat\datasets\LUNA 16\classification\subset5\1\1_aug\98_2.npy
1,D:\Doctorat\datasets\LUNA 16\classification\subset5\1\1_aug\98_40.npy
1,D:\Doctorat\datasets\LUNA 16\classification\subset5\1\1_aug\98_7.npy
1,D:\Doctorat\datasets\LUNA 16\classification\subset5\1\1_aug\99_10.npy
1,D:\Doctorat\datasets\LUNA 16\classification\subset5\1\1_aug\99_11.npy
1,D:\Doctorat\datasets\LUNA 16\classification\subset5\1\1_aug\99_23.npy
1,D:\Doctorat\datasets\LUNA 16\classification\subset5\1\1_aug\99_28.npy
1,D:\Doctorat\datasets\LUNA 16\classification\subset5\1\1_aug\99_34.npy
1,D:\Doctorat\datasets\LUNA 16\classification\subset5\1\1_aug\99_37.npy
1,D:\Doctorat\datasets\LUNA 16\classification\subset5\1\1_aug\9_1.npy
1,D:\Doctorat\datasets\LUNA 16\classification\subset5\1\1_aug\9_16.npy
1,D:\Doctorat\datasets\LUNA 16\classification\subset5\1\1_aug\9_20.npy
1,D:\Doctorat\datasets\LUNA 16\classification\subset5\1\1_aug\9_25.npy
1,D:\Doctorat\datasets\LUNA 16\classification\subset5\1\1_aug\9_26.npy
1,D:\Doctorat\datasets\LUNA 16\classification\subset5\1\1_aug\9_37.npy
1,D:\Doctorat\datasets\LUNA 16\classification\subset5\1\1_aug\9_38.npy
1,D:\Doctorat\datasets\LUNA 16\classification\subset5\1\1_aug\9_39.npy
1,D:\Doctorat\datasets\LUNA 16\classification\subset5\1\1_aug\9_40.npy
1,D:\Doctorat\datasets\LUNA 16\classification\subset5\1\1_aug\9_6.npy
1,D:\Doctorat\datasets\LUNA 16\classification\subset5\1\1_aug\9_7.npy
1,D:\Doctorat\datasets\LUNA 16\classification\subset6\1\1_aug\0_1.npy
1,D:\Doctorat\datasets\LUNA 16\classification\subset6\1\1_aug\0_17.npy
1,D:\Doctorat\datasets\LUNA 16\classification\subset6\1\1_aug\0_2.npy
1,D:\Doctorat\datasets\LUNA 16\classification\subset6\1\1_aug\0_20.npy
1,D:\Doctorat\datasets\LUNA 16\classification\subset6\1\1_aug\0_23.npy
1,D:\Doctorat\datasets\LUNA 16\classification\subset6\1\1_aug\0_26.npy
1,D:\Doctorat\datasets\LUNA 16\classification\subset6\1\1_aug\0_27.npy
1,D:\Doctorat\datasets\LUNA 16\classification\subset6\1\1_aug\0_30.npy
1,D:\Doctorat\datasets\LUNA 16\classification\subset6\1\1_aug\0_31.npy
1,D:\Doctorat\datasets\LUNA 16\classification\subset6\1\1_aug\0_34.npy
1,D:\Doctorat\datasets\LUNA 16\classification\subset6\1\1_aug\0_35.npy
1,D:\Doctorat\datasets\LUNA 16\classification\subset6\1\1_aug\0_37.npy
1,D:\Doctorat\datasets\LUNA 16\classification\subset6\1\1_aug\0_39.npy
1,D:\Doctorat\datasets\LUNA 16\classification\subset6\1\1_aug\0_4.npy
1,D:\Doctorat\datasets\LUNA 16\classification\subset6\1\1_aug\100_1.npy
1,D:\Doctorat\datasets\LUNA 16\classification\subset6\1\1_aug\100_12.npy
1,D:\Doctorat\datasets\LUNA 16\classification\subset6\1\1_aug\100_17.npy
1,D:\Doctorat\datasets\LUNA 16\classification\subset6\1\1_aug\100_26.npy
1,D:\Doctorat\datasets\LUNA 16\classification\subset6\1\1_aug\100_27.npy
1,D:\Doctorat\datasets\LUNA 16\classification\subset6\1\1_aug\100_33.npy
1,D:\Doctorat\datasets\LUNA 16\classification\subset6\1\1_aug\100_34.npy
1,D:\Doctorat\datasets\LUNA 16\classification\subset6\1\1_aug\101_11.npy
1,D:\Doctorat\datasets\LUNA 16\classification\subset6\1\1_aug\101_32.npy
1,D:\Doctorat\datasets\LUNA 16\classification\subset6\1\1_aug\101_33.npy
1,D:\Doctorat\datasets\LUNA 16\classification\subset6\1\1_aug\101_34.npy
1,D:\Doctorat\datasets\LUNA 16\classification\subset6\1\1_aug\101_37.npy
1,D:\Doctorat\datasets\LUNA 16\classification\subset6\1\1_aug\101_5.npy
1,D:\Doctorat\datasets\LUNA 16\classification\subset6\1\1_aug\101_6.npy
1,D:\Doctorat\datasets\LUNA 16\classification\subset6\1\1_aug\102_14.npy
1,D:\Doctorat\datasets\LUNA 16\classification\subset6\1\1_aug\102_18.npy
1,D:\Doctorat\datasets\LUNA 16\classification\subset6\1\1_aug\102_22.npy
1,D:\Doctorat\datasets\LUNA 16\classification\subset6\1\1_aug\102_23.npy
1,D:\Doctorat\datasets\LUNA 16\classification\subset6\1\1_aug\102_32.npy
1,D:\Doctorat\datasets\LUNA 16\classification\subset6\1\1_aug\102_36.npy
1,D:\Doctorat\datasets\LUNA 16\classification\subset6\1\1_aug\102_6.npy
1,D:\Doctorat\datasets\LUNA 16\classification\subset6\1\1_aug\103_21.npy
1,D:\Doctorat\datasets\LUNA 16\classification\subset6\1\1_aug\103_28.npy
1,D:\Doctorat\datasets\LUNA 16\classification\subset6\1\1_aug\103_3.npy
1,D:\Doctorat\datasets\LUNA 16\classification\subset6\1\1_aug\103_33.npy
1,D:\Doctorat\datasets\LUNA 16\classification\subset6\1\1_aug\103_39.npy
1,D:\Doctorat\datasets\LUNA 16\classification\subset6\1\1_aug\104_10.npy
1,D:\Doctorat\datasets\LUNA 16\classification\subset6\1\1_aug\104_15.npy
1,D:\Doctorat\datasets\LUNA 16\classification\subset6\1\1_aug\104_2.npy
1,D:\Doctorat\datasets\LUNA 16\classification\subset6\1\1_aug\104_23.npy
1,D:\Doctorat\datasets\LUNA 16\classification\subset6\1\1_aug\104_28.npy
1,D:\Doctorat\datasets\LUNA 16\classification\subset6\1\1_aug\104_30.npy
1,D:\Doctorat\datasets\LUNA 16\classification\subset6\1\1_aug\104_34.npy
1,D:\Doctorat\datasets\LUNA 16\classification\subset6\1\1_aug\104_35.npy
1,D:\Doctorat\datasets\LUNA 16\classification\subset6\1\1_aug\105_15.npy
1,D:\Doctorat\datasets\LUNA 16\classification\subset6\1\1_aug\105_25.npy
1,D:\Doctorat\datasets\LUNA 16\classification\subset6\1\1_aug\105_34.npy
1,D:\Doctorat\datasets\LUNA 16\classification\subset6\1\1_aug\105_36.npy
1,D:\Doctorat\datasets\LUNA 16\classification\subset6\1\1_aug\105_38.npy
1,D:\Doctorat\datasets\LUNA 16\classification\subset6\1\1_aug\105_39.npy
1,D:\Doctorat\datasets\LUNA 16\classification\subset6\1\1_aug\105_6.npy
1,D:\Doctorat\datasets\LUNA 16\classification\subset6\1\1_aug\106_15.npy
1,D:\Doctorat\datasets\LUNA 16\classification\subset6\1\1_aug\106_25.npy
1,D:\Doctorat\datasets\LUNA 16\classification\subset6\1\1_aug\106_27.npy
1,D:\Doctorat\datasets\LUNA 16\classification\subset6\1\1_aug\106_28.npy
1,D:\Doctorat\datasets\LUNA 16\classification\subset6\1\1_aug\106_33.npy
1,D:\Doctorat\datasets\LUNA 16\classification\subset6\1\1_aug\106_5.npy
1,D:\Doctorat\datasets\LUNA 16\classification\subset6\1\1_aug\107_11.npy
1,D:\Doctorat\datasets\LUNA 16\classification\subset6\1\1_aug\107_13.npy
1,D:\Doctorat\datasets\LUNA 16\classification\subset6\1\1_aug\107_17.npy
1,D:\Doctorat\datasets\LUNA 16\classification\subset6\1\1_aug\107_22.npy
1,D:\Doctorat\datasets\LUNA 16\classification\subset6\1\1_aug\107_26.npy
1,D:\Doctorat\datasets\LUNA 16\classification\subset6\1\1_aug\107_3.npy
1,D:\Doctorat\datasets\LUNA 16\classification\subset6\1\1_aug\107_38.npy
1,D:\Doctorat\datasets\LUNA 16\classification\subset6\1\1_aug\107_39.npy
1,D:\Doctorat\datasets\LUNA 16\classification\subset6\1\1_aug\107_40.npy
1,D:\Doctorat\datasets\LUNA 16\classification\subset6\1\1_aug\108_1.npy
1,D:\Doctorat\datasets\LUNA 16\classification\subset6\1\1_aug\108_10.npy
1,D:\Doctorat\datasets\LUNA 16\classification\subset6\1\1_aug\108_11.npy
1,D:\Doctorat\datasets\LUNA 16\classification\subset6\1\1_aug\108_33.npy
1,D:\Doctorat\datasets\LUNA 16\classification\subset6\1\1_aug\108_36.npy
1,D:\Doctorat\datasets\LUNA 16\classification\subset6\1\1_aug\108_5.npy
1,D:\Doctorat\datasets\LUNA 16\classification\subset6\1\1_aug\109_1.npy
1,D:\Doctorat\datasets\LUNA 16\classification\subset6\1\1_aug\109_18.npy
1,D:\Doctorat\datasets\LUNA 16\classification\subset6\1\1_aug\109_2.npy
1,D:\Doctorat\datasets\LUNA 16\classification\subset6\1\1_aug\109_20.npy
1,D:\Doctorat\datasets\LUNA 16\classification\subset6\1\1_aug\109_21.npy
1,D:\Doctorat\datasets\LUNA 16\classification\subset6\1\1_aug\109_22.npy
1,D:\Doctorat\datasets\LUNA 16\classification\subset6\1\1_aug\109_3.npy
1,D:\Doctorat\datasets\LUNA 16\classification\subset6\1\1_aug\109_32.npy
1,D:\Doctorat\datasets\LUNA 16\classification\subset6\1\1_aug\10_14.npy
1,D:\Doctorat\datasets\LUNA 16\classification\subset6\1\1_aug\10_15.npy
1,D:\Doctorat\datasets\LUNA 16\classification\subset6\1\1_aug\10_16.npy
1,D:\Doctorat\datasets\LUNA 16\classification\subset6\1\1_aug\10_17.npy
1,D:\Doctorat\datasets\LUNA 16\classification\subset6\1\1_aug\10_2.npy
1,D:\Doctorat\datasets\LUNA 16\classification\subset6\1\1_aug\10_20.npy
1,D:\Doctorat\datasets\LUNA 16\classification\subset6\1\1_aug\10_24.npy
1,D:\Doctorat\datasets\LUNA 16\classification\subset6\1\1_aug\10_30.npy
1,D:\Doctorat\datasets\LUNA 16\classification\subset6\1\1_aug\10_35.npy
1,D:\Doctorat\datasets\LUNA 16\classification\subset6\1\1_aug\10_4.npy
1,D:\Doctorat\datasets\LUNA 16\classification\subset6\1\1_aug\10_6.npy
1,D:\Doctorat\datasets\LUNA 16\classification\subset6\1\1_aug\110_17.npy
1,D:\Doctorat\datasets\LUNA 16\classification\subset6\1\1_aug\110_21.npy
1,D:\Doctorat\datasets\LUNA 16\classification\subset6\1\1_aug\110_26.npy
1,D:\Doctorat\datasets\LUNA 16\classification\subset6\1\1_aug\110_27.npy
1,D:\Doctorat\datasets\LUNA 16\classification\subset6\1\1_aug\110_29.npy
1,D:\Doctorat\datasets\LUNA 16\classification\subset6\1\1_aug\110_3.npy
1,D:\Doctorat\datasets\LUNA 16\classification\subset6\1\1_aug\110_30.npy
1,D:\Doctorat\datasets\LUNA 16\classification\subset6\1\1_aug\110_34.npy
1,D:\Doctorat\datasets\LUNA 16\classification\subset6\1\1_aug\110_35.npy
1,D:\Doctorat\datasets\LUNA 16\classification\subset6\1\1_aug\110_6.npy
1,D:\Doctorat\datasets\LUNA 16\classification\subset6\1\1_aug\111_15.npy
1,D:\Doctorat\datasets\LUNA 16\classification\subset6\1\1_aug\111_17.npy
1,D:\Doctorat\datasets\LUNA 16\classification\subset6\1\1_aug\111_18.npy
1,D:\Doctorat\datasets\LUNA 16\classification\subset6\1\1_aug\111_19.npy
1,D:\Doctorat\datasets\LUNA 16\classification\subset6\1\1_aug\111_22.npy
1,D:\Doctorat\datasets\LUNA 16\classification\subset6\1\1_aug\111_23.npy
1,D:\Doctorat\datasets\LUNA 16\classification\subset6\1\1_aug\111_25.npy
1,D:\Doctorat\datasets\LUNA 16\classification\subset6\1\1_aug\111_28.npy
1,D:\Doctorat\datasets\LUNA 16\classification\subset6\1\1_aug\111_31.npy
1,D:\Doctorat\datasets\LUNA 16\classification\subset6\1\1_aug\111_35.npy
1,D:\Doctorat\datasets\LUNA 16\classification\subset6\1\1_aug\112_2.npy
1,D:\Doctorat\datasets\LUNA 16\classification\subset6\1\1_aug\112_20.npy
1,D:\Doctorat\datasets\LUNA 16\classification\subset6\1\1_aug\112_22.npy
1,D:\Doctorat\datasets\LUNA 16\classification\subset6\1\1_aug\112_23.npy
1,D:\Doctorat\datasets\LUNA 16\classification\subset6\1\1_aug\112_24.npy
1,D:\Doctorat\datasets\LUNA 16\classification\subset6\1\1_aug\112_25.npy
1,D:\Doctorat\datasets\LUNA 16\classification\subset6\1\1_aug\112_36.npy
1,D:\Doctorat\datasets\LUNA 16\classification\subset6\1\1_aug\112_37.npy
1,D:\Doctorat\datasets\LUNA 16\classification\subset6\1\1_aug\112_38.npy
1,D:\Doctorat\datasets\LUNA 16\classification\subset6\1\1_aug\112_9.npy
1,D:\Doctorat\datasets\LUNA 16\classification\subset6\1\1_aug\113_14.npy
1,D:\Doctorat\datasets\LUNA 16\classification\subset6\1\1_aug\113_30.npy
1,D:\Doctorat\datasets\LUNA 16\classification\subset6\1\1_aug\113_33.npy
1,D:\Doctorat\datasets\LUNA 16\classification\subset6\1\1_aug\113_35.npy
1,D:\Doctorat\datasets\LUNA 16\classification\subset6\1\1_aug\113_9.npy
1,D:\Doctorat\datasets\LUNA 16\classification\subset6\1\1_aug\114_11.npy
1,D:\Doctorat\datasets\LUNA 16\classification\subset6\1\1_aug\114_2.npy
1,D:\Doctorat\datasets\LUNA 16\classification\subset6\1\1_aug\114_24.npy
1,D:\Doctorat\datasets\LUNA 16\classification\subset6\1\1_aug\114_27.npy
1,D:\Doctorat\datasets\LUNA 16\classification\subset6\1\1_aug\114_34.npy
1,D:\Doctorat\datasets\LUNA 16\classification\subset6\1\1_aug\114_6.npy
1,D:\Doctorat\datasets\LUNA 16\classification\subset6\1\1_aug\115_24.npy
1,D:\Doctorat\datasets\LUNA 16\classification\subset6\1\1_aug\115_28.npy
1,D:\Doctorat\datasets\LUNA 16\classification\subset6\1\1_aug\115_3.npy
1,D:\Doctorat\datasets\LUNA 16\classification\subset6\1\1_aug\115_32.npy
1,D:\Doctorat\datasets\LUNA 16\classification\subset6\1\1_aug\115_34.npy
1,D:\Doctorat\datasets\LUNA 16\classification\subset6\1\1_aug\115_37.npy
1,D:\Doctorat\datasets\LUNA 16\classification\subset6\1\1_aug\115_8.npy
1,D:\Doctorat\datasets\LUNA 16\classification\subset6\1\1_aug\116_10.npy
1,D:\Doctorat\datasets\LUNA 16\classification\subset6\1\1_aug\116_21.npy
1,D:\Doctorat\datasets\LUNA 16\classification\subset6\1\1_aug\116_23.npy
1,D:\Doctorat\datasets\LUNA 16\classification\subset6\1\1_aug\116_26.npy
1,D:\Doctorat\datasets\LUNA 16\classification\subset6\1\1_aug\116_27.npy
1,D:\Doctorat\datasets\LUNA 16\classification\subset6\1\1_aug\116_31.npy
1,D:\Doctorat\datasets\LUNA 16\classification\subset6\1\1_aug\116_34.npy
1,D:\Doctorat\datasets\LUNA 16\classification\subset6\1\1_aug\116_39.npy
1,D:\Doctorat\datasets\LUNA 16\classification\subset6\1\1_aug\116_40.npy
1,D:\Doctorat\datasets\LUNA 16\classification\subset6\1\1_aug\117_1.npy
1,D:\Doctorat\datasets\LUNA 16\classification\subset6\1\1_aug\117_11.npy
1,D:\Doctorat\datasets\LUNA 16\classification\subset6\1\1_aug\117_16.npy
1,D:\Doctorat\datasets\LUNA 16\classification\subset6\1\1_aug\117_24.npy
1,D:\Doctorat\datasets\LUNA 16\classification\subset6\1\1_aug\117_26.npy
1,D:\Doctorat\datasets\LUNA 16\classification\subset6\1\1_aug\117_3.npy
1,D:\Doctorat\datasets\LUNA 16\classification\subset6\1\1_aug\117_36.npy
1,D:\Doctorat\datasets\LUNA 16\classification\subset6\1\1_aug\117_6.npy
1,D:\Doctorat\datasets\LUNA 16\classification\subset6\1\1_aug\117_7.npy
1,D:\Doctorat\datasets\LUNA 16\classification\subset6\1\1_aug\117_9.npy
1,D:\Doctorat\datasets\LUNA 16\classification\subset6\1\1_aug\118_1.npy
1,D:\Doctorat\datasets\LUNA 16\classification\subset6\1\1_aug\118_13.npy
1,D:\Doctorat\datasets\LUNA 16\classification\subset6\1\1_aug\118_20.npy
1,D:\Doctorat\datasets\LUNA 16\classification\subset6\1\1_aug\118_22.npy
1,D:\Doctorat\datasets\LUNA 16\classification\subset6\1\1_aug\118_34.npy
1,D:\Doctorat\datasets\LUNA 16\classification\subset6\1\1_aug\118_6.npy
1,D:\Doctorat\datasets\LUNA 16\classification\subset6\1\1_aug\118_7.npy
1,D:\Doctorat\datasets\LUNA 16\classification\subset6\1\1_aug\118_9.npy
1,D:\Doctorat\datasets\LUNA 16\classification\subset6\1\1_aug\119_1.npy
1,D:\Doctorat\datasets\LUNA 16\classification\subset6\1\1_aug\119_10.npy
1,D:\Doctorat\datasets\LUNA 16\classification\subset6\1\1_aug\119_11.npy
1,D:\Doctorat\datasets\LUNA 16\classification\subset6\1\1_aug\119_14.npy
1,D:\Doctorat\datasets\LUNA 16\classification\subset6\1\1_aug\119_28.npy
1,D:\Doctorat\datasets\LUNA 16\classification\subset6\1\1_aug\119_40.npy
1,D:\Doctorat\datasets\LUNA 16\classification\subset6\1\1_aug\11_1.npy
1,D:\Doctorat\datasets\LUNA 16\classification\subset6\1\1_aug\11_10.npy
1,D:\Doctorat\datasets\LUNA 16\classification\subset6\1\1_aug\11_12.npy
1,D:\Doctorat\datasets\LUNA 16\classification\subset6\1\1_aug\11_23.npy
1,D:\Doctorat\datasets\LUNA 16\classification\subset6\1\1_aug\11_38.npy
1,D:\Doctorat\datasets\LUNA 16\classification\subset6\1\1_aug\120_10.npy
1,D:\Doctorat\datasets\LUNA 16\classification\subset6\1\1_aug\120_14.npy
1,D:\Doctorat\datasets\LUNA 16\classification\subset6\1\1_aug\120_2.npy
1,D:\Doctorat\datasets\LUNA 16\classification\subset6\1\1_aug\120_25.npy
1,D:\Doctorat\datasets\LUNA 16\classification\subset6\1\1_aug\120_6.npy
1,D:\Doctorat\datasets\LUNA 16\classification\subset6\1\1_aug\120_8.npy
1,D:\Doctorat\datasets\LUNA 16\classification\subset6\1\1_aug\121_12.npy
1,D:\Doctorat\datasets\LUNA 16\classification\subset6\1\1_aug\121_14.npy
1,D:\Doctorat\datasets\LUNA 16\classification\subset6\1\1_aug\121_23.npy
1,D:\Doctorat\datasets\LUNA 16\classification\subset6\1\1_aug\121_25.npy
1,D:\Doctorat\datasets\LUNA 16\classification\subset6\1\1_aug\121_35.npy
1,D:\Doctorat\datasets\LUNA 16\classification\subset6\1\1_aug\121_40.npy
1,D:\Doctorat\datasets\LUNA 16\classification\subset6\1\1_aug\121_6.npy
1,D:\Doctorat\datasets\LUNA 16\classification\subset6\1\1_aug\121_7.npy
1,D:\Doctorat\datasets\LUNA 16\classification\subset6\1\1_aug\122_18.npy
1,D:\Doctorat\datasets\LUNA 16\classification\subset6\1\1_aug\122_19.npy
1,D:\Doctorat\datasets\LUNA 16\classification\subset6\1\1_aug\122_38.npy
1,D:\Doctorat\datasets\LUNA 16\classification\subset6\1\1_aug\123_14.npy
1,D:\Doctorat\datasets\LUNA 16\classification\subset6\1\1_aug\123_17.npy
1,D:\Doctorat\datasets\LUNA 16\classification\subset6\1\1_aug\123_29.npy
1,D:\Doctorat\datasets\LUNA 16\classification\subset6\1\1_aug\123_30.npy
1,D:\Doctorat\datasets\LUNA 16\classification\subset6\1\1_aug\123_31.npy
1,D:\Doctorat\datasets\LUNA 16\classification\subset6\1\1_aug\123_35.npy
1,D:\Doctorat\datasets\LUNA 16\classification\subset6\1\1_aug\123_39.npy
1,D:\Doctorat\datasets\LUNA 16\classification\subset6\1\1_aug\124_18.npy
1,D:\Doctorat\datasets\LUNA 16\classification\subset6\1\1_aug\124_20.npy
1,D:\Doctorat\datasets\LUNA 16\classification\subset6\1\1_aug\124_22.npy
1,D:\Doctorat\datasets\LUNA 16\classification\subset6\1\1_aug\124_23.npy
1,D:\Doctorat\datasets\LUNA 16\classification\subset6\1\1_aug\124_26.npy
1,D:\Doctorat\datasets\LUNA 16\classification\subset6\1\1_aug\124_32.npy
1,D:\Doctorat\datasets\LUNA 16\classification\subset6\1\1_aug\124_33.npy
1,D:\Doctorat\datasets\LUNA 16\classification\subset6\1\1_aug\124_35.npy
1,D:\Doctorat\datasets\LUNA 16\classification\subset6\1\1_aug\124_39.npy
1,D:\Doctorat\datasets\LUNA 16\classification\subset6\1\1_aug\124_7.npy
1,D:\Doctorat\datasets\LUNA 16\classification\subset6\1\1_aug\125_16.npy
1,D:\Doctorat\datasets\LUNA 16\classification\subset6\1\1_aug\125_20.npy
1,D:\Doctorat\datasets\LUNA 16\classification\subset6\1\1_aug\125_21.npy
1,D:\Doctorat\datasets\LUNA 16\classification\subset6\1\1_aug\125_29.npy
1,D:\Doctorat\datasets\LUNA 16\classification\subset6\1\1_aug\125_32.npy
1,D:\Doctorat\datasets\LUNA 16\classification\subset6\1\1_aug\125_38.npy
1,D:\Doctorat\datasets\LUNA 16\classification\subset6\1\1_aug\125_40.npy
1,D:\Doctorat\datasets\LUNA 16\classification\subset6\1\1_aug\126_12.npy
1,D:\Doctorat\datasets\LUNA 16\classification\subset6\1\1_aug\126_13.npy
1,D:\Doctorat\datasets\LUNA 16\classification\subset6\1\1_aug\126_16.npy
1,D:\Doctorat\datasets\LUNA 16\classification\subset6\1\1_aug\126_18.npy
1,D:\Doctorat\datasets\LUNA 16\classification\subset6\1\1_aug\126_20.npy
1,D:\Doctorat\datasets\LUNA 16\classification\subset6\1\1_aug\126_22.npy
1,D:\Doctorat\datasets\LUNA 16\classification\subset6\1\1_aug\126_27.npy
1,D:\Doctorat\datasets\LUNA 16\classification\subset6\1\1_aug\126_29.npy
1,D:\Doctorat\datasets\LUNA 16\classification\subset6\1\1_aug\126_30.npy
1,D:\Doctorat\datasets\LUNA 16\classification\subset6\1\1_aug\126_31.npy
1,D:\Doctorat\datasets\LUNA 16\classification\subset6\1\1_aug\126_35.npy
1,D:\Doctorat\datasets\LUNA 16\classification\subset6\1\1_aug\127_1.npy
1,D:\Doctorat\datasets\LUNA 16\classification\subset6\1\1_aug\127_16.npy
1,D:\Doctorat\datasets\LUNA 16\classification\subset6\1\1_aug\127_26.npy
1,D:\Doctorat\datasets\LUNA 16\classification\subset6\1\1_aug\127_36.npy
1,D:\Doctorat\datasets\LUNA 16\classification\subset6\1\1_aug\127_39.npy
1,D:\Doctorat\datasets\LUNA 16\classification\subset6\1\1_aug\127_7.npy
1,D:\Doctorat\datasets\LUNA 16\classification\subset6\1\1_aug\128_13.npy
1,D:\Doctorat\datasets\LUNA 16\classification\subset6\1\1_aug\128_20.npy
1,D:\Doctorat\datasets\LUNA 16\classification\subset6\1\1_aug\128_32.npy
1,D:\Doctorat\datasets\LUNA 16\classification\subset6\1\1_aug\128_4.npy
1,D:\Doctorat\datasets\LUNA 16\classification\subset6\1\1_aug\128_8.npy
1,D:\Doctorat\datasets\LUNA 16\classification\subset6\1\1_aug\129_11.npy
1,D:\Doctorat\datasets\LUNA 16\classification\subset6\1\1_aug\129_13.npy
1,D:\Doctorat\datasets\LUNA 16\classification\subset6\1\1_aug\129_15.npy
1,D:\Doctorat\datasets\LUNA 16\classification\subset6\1\1_aug\129_16.npy
1,D:\Doctorat\datasets\LUNA 16\classification\subset6\1\1_aug\129_2.npy
1,D:\Doctorat\datasets\LUNA 16\classification\subset6\1\1_aug\129_29.npy
1,D:\Doctorat\datasets\LUNA 16\classification\subset6\1\1_aug\129_33.npy
1,D:\Doctorat\datasets\LUNA 16\classification\subset6\1\1_aug\129_4.npy
1,D:\Doctorat\datasets\LUNA 16\classification\subset6\1\1_aug\12_1.npy
1,D:\Doctorat\datasets\LUNA 16\classification\subset6\1\1_aug\12_10.npy
1,D:\Doctorat\datasets\LUNA 16\classification\subset6\1\1_aug\12_12.npy
1,D:\Doctorat\datasets\LUNA 16\classification\subset6\1\1_aug\12_17.npy
1,D:\Doctorat\datasets\LUNA 16\classification\subset6\1\1_aug\12_18.npy
1,D:\Doctorat\datasets\LUNA 16\classification\subset6\1\1_aug\12_20.npy
1,D:\Doctorat\datasets\LUNA 16\classification\subset6\1\1_aug\12_21.npy
1,D:\Doctorat\datasets\LUNA 16\classification\subset6\1\1_aug\12_29.npy
1,D:\Doctorat\datasets\LUNA 16\classification\subset6\1\1_aug\12_3.npy
1,D:\Doctorat\datasets\LUNA 16\classification\subset6\1\1_aug\12_6.npy
1,D:\Doctorat\datasets\LUNA 16\classification\subset6\1\1_aug\12_9.npy
1,D:\Doctorat\datasets\LUNA 16\classification\subset6\1\1_aug\130_10.npy
1,D:\Doctorat\datasets\LUNA 16\classification\subset6\1\1_aug\130_11.npy
1,D:\Doctorat\datasets\LUNA 16\classification\subset6\1\1_aug\130_17.npy
1,D:\Doctorat\datasets\LUNA 16\classification\subset6\1\1_aug\130_21.npy
1,D:\Doctorat\datasets\LUNA 16\classification\subset6\1\1_aug\130_25.npy
1,D:\Doctorat\datasets\LUNA 16\classification\subset6\1\1_aug\130_40.npy
1,D:\Doctorat\datasets\LUNA 16\classification\subset6\1\1_aug\130_7.npy
1,D:\Doctorat\datasets\LUNA 16\classification\subset6\1\1_aug\131_11.npy
1,D:\Doctorat\datasets\LUNA 16\classification\subset6\1\1_aug\131_14.npy
1,D:\Doctorat\datasets\LUNA 16\classification\subset6\1\1_aug\131_20.npy
1,D:\Doctorat\datasets\LUNA 16\classification\subset6\1\1_aug\131_21.npy
1,D:\Doctorat\datasets\LUNA 16\classification\subset6\1\1_aug\131_22.npy
1,D:\Doctorat\datasets\LUNA 16\classification\subset6\1\1_aug\131_25.npy
1,D:\Doctorat\datasets\LUNA 16\classification\subset6\1\1_aug\131_39.npy
1,D:\Doctorat\datasets\LUNA 16\classification\subset6\1\1_aug\131_40.npy
1,D:\Doctorat\datasets\LUNA 16\classification\subset6\1\1_aug\132_19.npy
1,D:\Doctorat\datasets\LUNA 16\classification\subset6\1\1_aug\132_25.npy
1,D:\Doctorat\datasets\LUNA 16\classification\subset6\1\1_aug\132_27.npy
1,D:\Doctorat\datasets\LUNA 16\classification\subset6\1\1_aug\132_28.npy
1,D:\Doctorat\datasets\LUNA 16\classification\subset6\1\1_aug\132_3.npy
1,D:\Doctorat\datasets\LUNA 16\classification\subset6\1\1_aug\132_5.npy
1,D:\Doctorat\datasets\LUNA 16\classification\subset6\1\1_aug\133_21.npy
1,D:\Doctorat\datasets\LUNA 16\classification\subset6\1\1_aug\133_29.npy
1,D:\Doctorat\datasets\LUNA 16\classification\subset6\1\1_aug\133_32.npy
1,D:\Doctorat\datasets\LUNA 16\classification\subset6\1\1_aug\133_9.npy
1,D:\Doctorat\datasets\LUNA 16\classification\subset6\1\1_aug\134_10.npy
1,D:\Doctorat\datasets\LUNA 16\classification\subset6\1\1_aug\134_13.npy
1,D:\Doctorat\datasets\LUNA 16\classification\subset6\1\1_aug\134_19.npy
1,D:\Doctorat\datasets\LUNA 16\classification\subset6\1\1_aug\134_22.npy
1,D:\Doctorat\datasets\LUNA 16\classification\subset6\1\1_aug\134_29.npy
1,D:\Doctorat\datasets\LUNA 16\classification\subset6\1\1_aug\134_3.npy
1,D:\Doctorat\datasets\LUNA 16\classification\subset6\1\1_aug\134_30.npy
1,D:\Doctorat\datasets\LUNA 16\classification\subset6\1\1_aug\134_33.npy
1,D:\Doctorat\datasets\LUNA 16\classification\subset6\1\1_aug\134_37.npy
1,D:\Doctorat\datasets\LUNA 16\classification\subset6\1\1_aug\135_11.npy
1,D:\Doctorat\datasets\LUNA 16\classification\subset6\1\1_aug\135_16.npy
1,D:\Doctorat\datasets\LUNA 16\classification\subset6\1\1_aug\135_17.npy
1,D:\Doctorat\datasets\LUNA 16\classification\subset6\1\1_aug\135_34.npy
1,D:\Doctorat\datasets\LUNA 16\classification\subset6\1\1_aug\135_35.npy
1,D:\Doctorat\datasets\LUNA 16\classification\subset6\1\1_aug\135_7.npy
1,D:\Doctorat\datasets\LUNA 16\classification\subset6\1\1_aug\136_28.npy
1,D:\Doctorat\datasets\LUNA 16\classification\subset6\1\1_aug\136_32.npy
1,D:\Doctorat\datasets\LUNA 16\classification\subset6\1\1_aug\136_39.npy
1,D:\Doctorat\datasets\LUNA 16\classification\subset6\1\1_aug\136_9.npy
1,D:\Doctorat\datasets\LUNA 16\classification\subset6\1\1_aug\137_11.npy
1,D:\Doctorat\datasets\LUNA 16\classification\subset6\1\1_aug\137_14.npy
1,D:\Doctorat\datasets\LUNA 16\classification\subset6\1\1_aug\137_20.npy
1,D:\Doctorat\datasets\LUNA 16\classification\subset6\1\1_aug\138_26.npy
1,D:\Doctorat\datasets\LUNA 16\classification\subset6\1\1_aug\138_30.npy
1,D:\Doctorat\datasets\LUNA 16\classification\subset6\1\1_aug\138_32.npy
1,D:\Doctorat\datasets\LUNA 16\classification\subset6\1\1_aug\138_33.npy
1,D:\Doctorat\datasets\LUNA 16\classification\subset6\1\1_aug\138_35.npy
1,D:\Doctorat\datasets\LUNA 16\classification\subset6\1\1_aug\138_4.npy
1,D:\Doctorat\datasets\LUNA 16\classification\subset6\1\1_aug\138_9.npy
1,D:\Doctorat\datasets\LUNA 16\classification\subset6\1\1_aug\139_14.npy
1,D:\Doctorat\datasets\LUNA 16\classification\subset6\1\1_aug\139_19.npy
1,D:\Doctorat\datasets\LUNA 16\classification\subset6\1\1_aug\139_30.npy
1,D:\Doctorat\datasets\LUNA 16\classification\subset6\1\1_aug\139_31.npy
1,D:\Doctorat\datasets\LUNA 16\classification\subset6\1\1_aug\139_34.npy
1,D:\Doctorat\datasets\LUNA 16\classification\subset6\1\1_aug\139_5.npy
1,D:\Doctorat\datasets\LUNA 16\classification\subset6\1\1_aug\139_7.npy
1,D:\Doctorat\datasets\LUNA 16\classification\subset6\1\1_aug\13_10.npy
1,D:\Doctorat\datasets\LUNA 16\classification\subset6\1\1_aug\13_19.npy
1,D:\Doctorat\datasets\LUNA 16\classification\subset6\1\1_aug\13_26.npy
1,D:\Doctorat\datasets\LUNA 16\classification\subset6\1\1_aug\13_29.npy
1,D:\Doctorat\datasets\LUNA 16\classification\subset6\1\1_aug\13_39.npy
1,D:\Doctorat\datasets\LUNA 16\classification\subset6\1\1_aug\13_4.npy
1,D:\Doctorat\datasets\LUNA 16\classification\subset6\1\1_aug\140_1.npy
1,D:\Doctorat\datasets\LUNA 16\classification\subset6\1\1_aug\140_15.npy
1,D:\Doctorat\datasets\LUNA 16\classification\subset6\1\1_aug\140_20.npy
1,D:\Doctorat\datasets\LUNA 16\classification\subset6\1\1_aug\140_23.npy
1,D:\Doctorat\datasets\LUNA 16\classification\subset6\1\1_aug\140_25.npy
1,D:\Doctorat\datasets\LUNA 16\classification\subset6\1\1_aug\140_29.npy
1,D:\Doctorat\datasets\LUNA 16\classification\subset6\1\1_aug\140_40.npy
1,D:\Doctorat\datasets\LUNA 16\classification\subset6\1\1_aug\140_5.npy
1,D:\Doctorat\datasets\LUNA 16\classification\subset6\1\1_aug\140_7.npy
1,D:\Doctorat\datasets\LUNA 16\classification\subset6\1\1_aug\141_10.npy
1,D:\Doctorat\datasets\LUNA 16\classification\subset6\1\1_aug\141_12.npy
1,D:\Doctorat\datasets\LUNA 16\classification\subset6\1\1_aug\141_16.npy
1,D:\Doctorat\datasets\LUNA 16\classification\subset6\1\1_aug\141_17.npy
1,D:\Doctorat\datasets\LUNA 16\classification\subset6\1\1_aug\141_25.npy
1,D:\Doctorat\datasets\LUNA 16\classification\subset6\1\1_aug\141_3.npy
1,D:\Doctorat\datasets\LUNA 16\classification\subset6\1\1_aug\141_8.npy
1,D:\Doctorat\datasets\LUNA 16\classification\subset6\1\1_aug\142_19.npy
1,D:\Doctorat\datasets\LUNA 16\classification\subset6\1\1_aug\142_23.npy
1,D:\Doctorat\datasets\LUNA 16\classification\subset6\1\1_aug\142_3.npy
1,D:\Doctorat\datasets\LUNA 16\classification\subset6\1\1_aug\142_30.npy
1,D:\Doctorat\datasets\LUNA 16\classification\subset6\1\1_aug\142_5.npy
1,D:\Doctorat\datasets\LUNA 16\classification\subset6\1\1_aug\142_7.npy
1,D:\Doctorat\datasets\LUNA 16\classification\subset6\1\1_aug\142_8.npy
1,D:\Doctorat\datasets\LUNA 16\classification\subset6\1\1_aug\143_13.npy
1,D:\Doctorat\datasets\LUNA 16\classification\subset6\1\1_aug\143_14.npy
1,D:\Doctorat\datasets\LUNA 16\classification\subset6\1\1_aug\143_2.npy
1,D:\Doctorat\datasets\LUNA 16\classification\subset6\1\1_aug\143_20.npy
1,D:\Doctorat\datasets\LUNA 16\classification\subset6\1\1_aug\143_21.npy
1,D:\Doctorat\datasets\LUNA 16\classification\subset6\1\1_aug\143_29.npy
1,D:\Doctorat\datasets\LUNA 16\classification\subset6\1\1_aug\143_32.npy
1,D:\Doctorat\datasets\LUNA 16\classification\subset6\1\1_aug\143_34.npy
1,D:\Doctorat\datasets\LUNA 16\classification\subset6\1\1_aug\143_36.npy
1,D:\Doctorat\datasets\LUNA 16\classification\subset6\1\1_aug\143_38.npy
1,D:\Doctorat\datasets\LUNA 16\classification\subset6\1\1_aug\144_23.npy
1,D:\Doctorat\datasets\LUNA 16\classification\subset6\1\1_aug\144_34.npy
1,D:\Doctorat\datasets\LUNA 16\classification\subset6\1\1_aug\144_38.npy
1,D:\Doctorat\datasets\LUNA 16\classification\subset6\1\1_aug\145_1.npy
1,D:\Doctorat\datasets\LUNA 16\classification\subset6\1\1_aug\145_10.npy
1,D:\Doctorat\datasets\LUNA 16\classification\subset6\1\1_aug\145_13.npy
1,D:\Doctorat\datasets\LUNA 16\classification\subset6\1\1_aug\145_23.npy
1,D:\Doctorat\datasets\LUNA 16\classification\subset6\1\1_aug\145_25.npy
1,D:\Doctorat\datasets\LUNA 16\classification\subset6\1\1_aug\145_3.npy
1,D:\Doctorat\datasets\LUNA 16\classification\subset6\1\1_aug\145_32.npy
1,D:\Doctorat\datasets\LUNA 16\classification\subset6\1\1_aug\145_6.npy
1,D:\Doctorat\datasets\LUNA 16\classification\subset6\1\1_aug\145_7.npy
1,D:\Doctorat\datasets\LUNA 16\classification\subset6\1\1_aug\145_8.npy
1,D:\Doctorat\datasets\LUNA 16\classification\subset6\1\1_aug\146_11.npy
1,D:\Doctorat\datasets\LUNA 16\classification\subset6\1\1_aug\146_18.npy
1,D:\Doctorat\datasets\LUNA 16\classification\subset6\1\1_aug\146_22.npy
1,D:\Doctorat\datasets\LUNA 16\classification\subset6\1\1_aug\146_33.npy
1,D:\Doctorat\datasets\LUNA 16\classification\subset6\1\1_aug\146_5.npy
1,D:\Doctorat\datasets\LUNA 16\classification\subset6\1\1_aug\146_8.npy
1,D:\Doctorat\datasets\LUNA 16\classification\subset6\1\1_aug\146_9.npy
1,D:\Doctorat\datasets\LUNA 16\classification\subset6\1\1_aug\147_1.npy
1,D:\Doctorat\datasets\LUNA 16\classification\subset6\1\1_aug\147_10.npy
1,D:\Doctorat\datasets\LUNA 16\classification\subset6\1\1_aug\147_17.npy
1,D:\Doctorat\datasets\LUNA 16\classification\subset6\1\1_aug\147_2.npy
1,D:\Doctorat\datasets\LUNA 16\classification\subset6\1\1_aug\147_5.npy
1,D:\Doctorat\datasets\LUNA 16\classification\subset6\1\1_aug\147_7.npy
1,D:\Doctorat\datasets\LUNA 16\classification\subset6\1\1_aug\147_8.npy
1,D:\Doctorat\datasets\LUNA 16\classification\subset6\1\1_aug\147_9.npy
1,D:\Doctorat\datasets\LUNA 16\classification\subset6\1\1_aug\148_19.npy
1,D:\Doctorat\datasets\LUNA 16\classification\subset6\1\1_aug\148_2.npy
1,D:\Doctorat\datasets\LUNA 16\classification\subset6\1\1_aug\148_21.npy
1,D:\Doctorat\datasets\LUNA 16\classification\subset6\1\1_aug\148_25.npy
1,D:\Doctorat\datasets\LUNA 16\classification\subset6\1\1_aug\148_28.npy
1,D:\Doctorat\datasets\LUNA 16\classification\subset6\1\1_aug\148_29.npy
1,D:\Doctorat\datasets\LUNA 16\classification\subset6\1\1_aug\148_31.npy
1,D:\Doctorat\datasets\LUNA 16\classification\subset6\1\1_aug\148_35.npy
1,D:\Doctorat\datasets\LUNA 16\classification\subset6\1\1_aug\148_6.npy
1,D:\Doctorat\datasets\LUNA 16\classification\subset6\1\1_aug\149_27.npy
1,D:\Doctorat\datasets\LUNA 16\classification\subset6\1\1_aug\149_31.npy
1,D:\Doctorat\datasets\LUNA 16\classification\subset6\1\1_aug\149_33.npy
1,D:\Doctorat\datasets\LUNA 16\classification\subset6\1\1_aug\149_37.npy
1,D:\Doctorat\datasets\LUNA 16\classification\subset6\1\1_aug\149_4.npy
1,D:\Doctorat\datasets\LUNA 16\classification\subset6\1\1_aug\14_1.npy
1,D:\Doctorat\datasets\LUNA 16\classification\subset6\1\1_aug\14_16.npy
1,D:\Doctorat\datasets\LUNA 16\classification\subset6\1\1_aug\14_2.npy
1,D:\Doctorat\datasets\LUNA 16\classification\subset6\1\1_aug\14_22.npy
1,D:\Doctorat\datasets\LUNA 16\classification\subset6\1\1_aug\14_23.npy
1,D:\Doctorat\datasets\LUNA 16\classification\subset6\1\1_aug\14_25.npy
1,D:\Doctorat\datasets\LUNA 16\classification\subset6\1\1_aug\14_27.npy
1,D:\Doctorat\datasets\LUNA 16\classification\subset6\1\1_aug\14_40.npy
1,D:\Doctorat\datasets\LUNA 16\classification\subset6\1\1_aug\14_7.npy
1,D:\Doctorat\datasets\LUNA 16\classification\subset6\1\1_aug\14_8.npy
1,D:\Doctorat\datasets\LUNA 16\classification\subset6\1\1_aug\150_32.npy
1,D:\Doctorat\datasets\LUNA 16\classification\subset6\1\1_aug\150_6.npy
1,D:\Doctorat\datasets\LUNA 16\classification\subset6\1\1_aug\150_9.npy
1,D:\Doctorat\datasets\LUNA 16\classification\subset6\1\1_aug\151_20.npy
1,D:\Doctorat\datasets\LUNA 16\classification\subset6\1\1_aug\151_24.npy
1,D:\Doctorat\datasets\LUNA 16\classification\subset6\1\1_aug\151_30.npy
1,D:\Doctorat\datasets\LUNA 16\classification\subset6\1\1_aug\151_31.npy
1,D:\Doctorat\datasets\LUNA 16\classification\subset6\1\1_aug\151_36.npy
1,D:\Doctorat\datasets\LUNA 16\classification\subset6\1\1_aug\151_38.npy
1,D:\Doctorat\datasets\LUNA 16\classification\subset6\1\1_aug\151_6.npy
1,D:\Doctorat\datasets\LUNA 16\classification\subset6\1\1_aug\151_8.npy
1,D:\Doctorat\datasets\LUNA 16\classification\subset6\1\1_aug\152_11.npy
1,D:\Doctorat\datasets\LUNA 16\classification\subset6\1\1_aug\152_20.npy
1,D:\Doctorat\datasets\LUNA 16\classification\subset6\1\1_aug\152_27.npy
1,D:\Doctorat\datasets\LUNA 16\classification\subset6\1\1_aug\152_3.npy
1,D:\Doctorat\datasets\LUNA 16\classification\subset6\1\1_aug\152_31.npy
1,D:\Doctorat\datasets\LUNA 16\classification\subset6\1\1_aug\152_33.npy
1,D:\Doctorat\datasets\LUNA 16\classification\subset6\1\1_aug\152_4.npy
1,D:\Doctorat\datasets\LUNA 16\classification\subset6\1\1_aug\152_7.npy
1,D:\Doctorat\datasets\LUNA 16\classification\subset6\1\1_aug\153_11.npy
1,D:\Doctorat\datasets\LUNA 16\classification\subset6\1\1_aug\153_23.npy
1,D:\Doctorat\datasets\LUNA 16\classification\subset6\1\1_aug\153_36.npy
1,D:\Doctorat\datasets\LUNA 16\classification\subset6\1\1_aug\153_6.npy
1,D:\Doctorat\datasets\LUNA 16\classification\subset6\1\1_aug\15_24.npy
1,D:\Doctorat\datasets\LUNA 16\classification\subset6\1\1_aug\15_28.npy
1,D:\Doctorat\datasets\LUNA 16\classification\subset6\1\1_aug\15_38.npy
1,D:\Doctorat\datasets\LUNA 16\classification\subset6\1\1_aug\16_10.npy
1,D:\Doctorat\datasets\LUNA 16\classification\subset6\1\1_aug\16_12.npy
1,D:\Doctorat\datasets\LUNA 16\classification\subset6\1\1_aug\16_15.npy
1,D:\Doctorat\datasets\LUNA 16\classification\subset6\1\1_aug\16_2.npy
1,D:\Doctorat\datasets\LUNA 16\classification\subset6\1\1_aug\16_20.npy
1,D:\Doctorat\datasets\LUNA 16\classification\subset6\1\1_aug\16_30.npy
1,D:\Doctorat\datasets\LUNA 16\classification\subset6\1\1_aug\16_36.npy
1,D:\Doctorat\datasets\LUNA 16\classification\subset6\1\1_aug\16_6.npy
1,D:\Doctorat\datasets\LUNA 16\classification\subset6\1\1_aug\16_7.npy
1,D:\Doctorat\datasets\LUNA 16\classification\subset6\1\1_aug\17_12.npy
1,D:\Doctorat\datasets\LUNA 16\classification\subset6\1\1_aug\17_17.npy
1,D:\Doctorat\datasets\LUNA 16\classification\subset6\1\1_aug\17_19.npy
1,D:\Doctorat\datasets\LUNA 16\classification\subset6\1\1_aug\17_2.npy
1,D:\Doctorat\datasets\LUNA 16\classification\subset6\1\1_aug\17_27.npy
1,D:\Doctorat\datasets\LUNA 16\classification\subset6\1\1_aug\17_29.npy
1,D:\Doctorat\datasets\LUNA 16\classification\subset6\1\1_aug\17_37.npy
1,D:\Doctorat\datasets\LUNA 16\classification\subset6\1\1_aug\17_9.npy
1,D:\Doctorat\datasets\LUNA 16\classification\subset6\1\1_aug\18_12.npy
1,D:\Doctorat\datasets\LUNA 16\classification\subset6\1\1_aug\18_20.npy
1,D:\Doctorat\datasets\LUNA 16\classification\subset6\1\1_aug\18_25.npy
1,D:\Doctorat\datasets\LUNA 16\classification\subset6\1\1_aug\18_26.npy
1,D:\Doctorat\datasets\LUNA 16\classification\subset6\1\1_aug\18_3.npy
1,D:\Doctorat\datasets\LUNA 16\classification\subset6\1\1_aug\18_30.npy
1,D:\Doctorat\datasets\LUNA 16\classification\subset6\1\1_aug\18_32.npy
1,D:\Doctorat\datasets\LUNA 16\classification\subset6\1\1_aug\18_7.npy
1,D:\Doctorat\datasets\LUNA 16\classification\subset6\1\1_aug\18_8.npy
1,D:\Doctorat\datasets\LUNA 16\classification\subset6\1\1_aug\19_10.npy
1,D:\Doctorat\datasets\LUNA 16\classification\subset6\1\1_aug\19_11.npy
1,D:\Doctorat\datasets\LUNA 16\classification\subset6\1\1_aug\19_18.npy
1,D:\Doctorat\datasets\LUNA 16\classification\subset6\1\1_aug\19_21.npy
1,D:\Doctorat\datasets\LUNA 16\classification\subset6\1\1_aug\19_27.npy
1,D:\Doctorat\datasets\LUNA 16\classification\subset6\1\1_aug\19_3.npy
1,D:\Doctorat\datasets\LUNA 16\classification\subset6\1\1_aug\19_38.npy
1,D:\Doctorat\datasets\LUNA 16\classification\subset6\1\1_aug\19_40.npy
1,D:\Doctorat\datasets\LUNA 16\classification\subset6\1\1_aug\19_5.npy
1,D:\Doctorat\datasets\LUNA 16\classification\subset6\1\1_aug\19_6.npy
1,D:\Doctorat\datasets\LUNA 16\classification\subset6\1\1_aug\19_9.npy
1,D:\Doctorat\datasets\LUNA 16\classification\subset6\1\1_aug\1_13.npy
1,D:\Doctorat\datasets\LUNA 16\classification\subset6\1\1_aug\1_15.npy
1,D:\Doctorat\datasets\LUNA 16\classification\subset6\1\1_aug\1_23.npy
1,D:\Doctorat\datasets\LUNA 16\classification\subset6\1\1_aug\1_38.npy
1,D:\Doctorat\datasets\LUNA 16\classification\subset6\1\1_aug\20_2.npy
1,D:\Doctorat\datasets\LUNA 16\classification\subset6\1\1_aug\20_20.npy
1,D:\Doctorat\datasets\LUNA 16\classification\subset6\1\1_aug\20_22.npy
1,D:\Doctorat\datasets\LUNA 16\classification\subset6\1\1_aug\20_28.npy
1,D:\Doctorat\datasets\LUNA 16\classification\subset6\1\1_aug\20_31.npy
1,D:\Doctorat\datasets\LUNA 16\classification\subset6\1\1_aug\20_32.npy
1,D:\Doctorat\datasets\LUNA 16\classification\subset6\1\1_aug\20_34.npy
1,D:\Doctorat\datasets\LUNA 16\classification\subset6\1\1_aug\20_36.npy
1,D:\Doctorat\datasets\LUNA 16\classification\subset6\1\1_aug\21_14.npy
1,D:\Doctorat\datasets\LUNA 16\classification\subset6\1\1_aug\21_16.npy
1,D:\Doctorat\datasets\LUNA 16\classification\subset6\1\1_aug\21_17.npy
1,D:\Doctorat\datasets\LUNA 16\classification\subset6\1\1_aug\21_29.npy
1,D:\Doctorat\datasets\LUNA 16\classification\subset6\1\1_aug\21_32.npy
1,D:\Doctorat\datasets\LUNA 16\classification\subset6\1\1_aug\21_35.npy
1,D:\Doctorat\datasets\LUNA 16\classification\subset6\1\1_aug\21_38.npy
1,D:\Doctorat\datasets\LUNA 16\classification\subset6\1\1_aug\21_5.npy
1,D:\Doctorat\datasets\LUNA 16\classification\subset6\1\1_aug\21_6.npy
1,D:\Doctorat\datasets\LUNA 16\classification\subset6\1\1_aug\21_7.npy
1,D:\Doctorat\datasets\LUNA 16\classification\subset6\1\1_aug\22_1.npy
1,D:\Doctorat\datasets\LUNA 16\classification\subset6\1\1_aug\22_11.npy
1,D:\Doctorat\datasets\LUNA 16\classification\subset6\1\1_aug\22_13.npy
1,D:\Doctorat\datasets\LUNA 16\classification\subset6\1\1_aug\22_17.npy
1,D:\Doctorat\datasets\LUNA 16\classification\subset6\1\1_aug\22_25.npy
1,D:\Doctorat\datasets\LUNA 16\classification\subset6\1\1_aug\22_27.npy
1,D:\Doctorat\datasets\LUNA 16\classification\subset6\1\1_aug\22_30.npy
1,D:\Doctorat\datasets\LUNA 16\classification\subset6\1\1_aug\22_36.npy
1,D:\Doctorat\datasets\LUNA 16\classification\subset6\1\1_aug\22_37.npy
1,D:\Doctorat\datasets\LUNA 16\classification\subset6\1\1_aug\22_4.npy
1,D:\Doctorat\datasets\LUNA 16\classification\subset6\1\1_aug\22_7.npy
1,D:\Doctorat\datasets\LUNA 16\classification\subset6\1\1_aug\23_17.npy
1,D:\Doctorat\datasets\LUNA 16\classification\subset6\1\1_aug\23_22.npy
1,D:\Doctorat\datasets\LUNA 16\classification\subset6\1\1_aug\23_23.npy
1,D:\Doctorat\datasets\LUNA 16\classification\subset6\1\1_aug\23_40.npy
1,D:\Doctorat\datasets\LUNA 16\classification\subset6\1\1_aug\24_23.npy
1,D:\Doctorat\datasets\LUNA 16\classification\subset6\1\1_aug\24_5.npy
1,D:\Doctorat\datasets\LUNA 16\classification\subset6\1\1_aug\24_6.npy
1,D:\Doctorat\datasets\LUNA 16\classification\subset6\1\1_aug\25_18.npy
1,D:\Doctorat\datasets\LUNA 16\classification\subset6\1\1_aug\25_3.npy
1,D:\Doctorat\datasets\LUNA 16\classification\subset6\1\1_aug\25_33.npy
1,D:\Doctorat\datasets\LUNA 16\classification\subset6\1\1_aug\25_38.npy
1,D:\Doctorat\datasets\LUNA 16\classification\subset6\1\1_aug\25_5.npy
1,D:\Doctorat\datasets\LUNA 16\classification\subset6\1\1_aug\26_10.npy
1,D:\Doctorat\datasets\LUNA 16\classification\subset6\1\1_aug\26_16.npy
1,D:\Doctorat\datasets\LUNA 16\classification\subset6\1\1_aug\26_21.npy
1,D:\Doctorat\datasets\LUNA 16\classification\subset6\1\1_aug\26_22.npy
1,D:\Doctorat\datasets\LUNA 16\classification\subset6\1\1_aug\26_24.npy
1,D:\Doctorat\datasets\LUNA 16\classification\subset6\1\1_aug\26_32.npy
1,D:\Doctorat\datasets\LUNA 16\classification\subset6\1\1_aug\26_38.npy
1,D:\Doctorat\datasets\LUNA 16\classification\subset6\1\1_aug\26_4.npy
1,D:\Doctorat\datasets\LUNA 16\classification\subset6\1\1_aug\26_5.npy
1,D:\Doctorat\datasets\LUNA 16\classification\subset6\1\1_aug\27_1.npy
1,D:\Doctorat\datasets\LUNA 16\classification\subset6\1\1_aug\27_12.npy
1,D:\Doctorat\datasets\LUNA 16\classification\subset6\1\1_aug\27_14.npy
1,D:\Doctorat\datasets\LUNA 16\classification\subset6\1\1_aug\27_18.npy
1,D:\Doctorat\datasets\LUNA 16\classification\subset6\1\1_aug\27_21.npy
1,D:\Doctorat\datasets\LUNA 16\classification\subset6\1\1_aug\27_22.npy
1,D:\Doctorat\datasets\LUNA 16\classification\subset6\1\1_aug\27_29.npy
1,D:\Doctorat\datasets\LUNA 16\classification\subset6\1\1_aug\27_31.npy
1,D:\Doctorat\datasets\LUNA 16\classification\subset6\1\1_aug\27_35.npy
1,D:\Doctorat\datasets\LUNA 16\classification\subset6\1\1_aug\27_36.npy
1,D:\Doctorat\datasets\LUNA 16\classification\subset6\1\1_aug\27_40.npy
1,D:\Doctorat\datasets\LUNA 16\classification\subset6\1\1_aug\27_5.npy
1,D:\Doctorat\datasets\LUNA 16\classification\subset6\1\1_aug\28_1.npy
1,D:\Doctorat\datasets\LUNA 16\classification\subset6\1\1_aug\28_13.npy
1,D:\Doctorat\datasets\LUNA 16\classification\subset6\1\1_aug\28_18.npy
1,D:\Doctorat\datasets\LUNA 16\classification\subset6\1\1_aug\28_24.npy
1,D:\Doctorat\datasets\LUNA 16\classification\subset6\1\1_aug\28_26.npy
1,D:\Doctorat\datasets\LUNA 16\classification\subset6\1\1_aug\28_31.npy
1,D:\Doctorat\datasets\LUNA 16\classification\subset6\1\1_aug\28_32.npy
1,D:\Doctorat\datasets\LUNA 16\classification\subset6\1\1_aug\28_34.npy
1,D:\Doctorat\datasets\LUNA 16\classification\subset6\1\1_aug\28_8.npy
1,D:\Doctorat\datasets\LUNA 16\classification\subset6\1\1_aug\29_1.npy
1,D:\Doctorat\datasets\LUNA 16\classification\subset6\1\1_aug\29_10.npy
1,D:\Doctorat\datasets\LUNA 16\classification\subset6\1\1_aug\29_29.npy
1,D:\Doctorat\datasets\LUNA 16\classification\subset6\1\1_aug\29_32.npy
1,D:\Doctorat\datasets\LUNA 16\classification\subset6\1\1_aug\29_35.npy
1,D:\Doctorat\datasets\LUNA 16\classification\subset6\1\1_aug\29_4.npy
1,D:\Doctorat\datasets\LUNA 16\classification\subset6\1\1_aug\29_7.npy
1,D:\Doctorat\datasets\LUNA 16\classification\subset6\1\1_aug\29_8.npy
1,D:\Doctorat\datasets\LUNA 16\classification\subset6\1\1_aug\2_11.npy
1,D:\Doctorat\datasets\LUNA 16\classification\subset6\1\1_aug\2_13.npy
1,D:\Doctorat\datasets\LUNA 16\classification\subset6\1\1_aug\2_15.npy
1,D:\Doctorat\datasets\LUNA 16\classification\subset6\1\1_aug\2_17.npy
1,D:\Doctorat\datasets\LUNA 16\classification\subset6\1\1_aug\2_21.npy
1,D:\Doctorat\datasets\LUNA 16\classification\subset6\1\1_aug\2_27.npy
1,D:\Doctorat\datasets\LUNA 16\classification\subset6\1\1_aug\2_3.npy
1,D:\Doctorat\datasets\LUNA 16\classification\subset6\1\1_aug\2_32.npy
1,D:\Doctorat\datasets\LUNA 16\classification\subset6\1\1_aug\30_13.npy
1,D:\Doctorat\datasets\LUNA 16\classification\subset6\1\1_aug\30_29.npy
1,D:\Doctorat\datasets\LUNA 16\classification\subset6\1\1_aug\30_37.npy
1,D:\Doctorat\datasets\LUNA 16\classification\subset6\1\1_aug\30_38.npy
1,D:\Doctorat\datasets\LUNA 16\classification\subset6\1\1_aug\30_4.npy
1,D:\Doctorat\datasets\LUNA 16\classification\subset6\1\1_aug\30_7.npy
1,D:\Doctorat\datasets\LUNA 16\classification\subset6\1\1_aug\31_12.npy
1,D:\Doctorat\datasets\LUNA 16\classification\subset6\1\1_aug\31_17.npy
1,D:\Doctorat\datasets\LUNA 16\classification\subset6\1\1_aug\31_24.npy
1,D:\Doctorat\datasets\LUNA 16\classification\subset6\1\1_aug\31_28.npy
1,D:\Doctorat\datasets\LUNA 16\classification\subset6\1\1_aug\31_29.npy
1,D:\Doctorat\datasets\LUNA 16\classification\subset6\1\1_aug\31_34.npy
1,D:\Doctorat\datasets\LUNA 16\classification\subset6\1\1_aug\31_36.npy
1,D:\Doctorat\datasets\LUNA 16\classification\subset6\1\1_aug\32_17.npy
1,D:\Doctorat\datasets\LUNA 16\classification\subset6\1\1_aug\32_22.npy
1,D:\Doctorat\datasets\LUNA 16\classification\subset6\1\1_aug\32_24.npy
1,D:\Doctorat\datasets\LUNA 16\classification\subset6\1\1_aug\32_3.npy
1,D:\Doctorat\datasets\LUNA 16\classification\subset6\1\1_aug\32_31.npy
1,D:\Doctorat\datasets\LUNA 16\classification\subset6\1\1_aug\32_38.npy
1,D:\Doctorat\datasets\LUNA 16\classification\subset6\1\1_aug\32_8.npy
1,D:\Doctorat\datasets\LUNA 16\classification\subset6\1\1_aug\33_1.npy
1,D:\Doctorat\datasets\LUNA 16\classification\subset6\1\1_aug\33_10.npy
1,D:\Doctorat\datasets\LUNA 16\classification\subset6\1\1_aug\33_13.npy
1,D:\Doctorat\datasets\LUNA 16\classification\subset6\1\1_aug\33_19.npy
1,D:\Doctorat\datasets\LUNA 16\classification\subset6\1\1_aug\33_21.npy
1,D:\Doctorat\datasets\LUNA 16\classification\subset6\1\1_aug\33_24.npy
1,D:\Doctorat\datasets\LUNA 16\classification\subset6\1\1_aug\33_30.npy
1,D:\Doctorat\datasets\LUNA 16\classification\subset6\1\1_aug\33_31.npy
1,D:\Doctorat\datasets\LUNA 16\classification\subset6\1\1_aug\33_34.npy
1,D:\Doctorat\datasets\LUNA 16\classification\subset6\1\1_aug\33_35.npy
1,D:\Doctorat\datasets\LUNA 16\classification\subset6\1\1_aug\33_6.npy
1,D:\Doctorat\datasets\LUNA 16\classification\subset6\1\1_aug\34_12.npy
1,D:\Doctorat\datasets\LUNA 16\classification\subset6\1\1_aug\34_18.npy
1,D:\Doctorat\datasets\LUNA 16\classification\subset6\1\1_aug\34_21.npy
1,D:\Doctorat\datasets\LUNA 16\classification\subset6\1\1_aug\34_32.npy
1,D:\Doctorat\datasets\LUNA 16\classification\subset6\1\1_aug\34_39.npy
1,D:\Doctorat\datasets\LUNA 16\classification\subset6\1\1_aug\34_40.npy
1,D:\Doctorat\datasets\LUNA 16\classification\subset6\1\1_aug\34_9.npy
1,D:\Doctorat\datasets\LUNA 16\classification\subset6\1\1_aug\35_10.npy
1,D:\Doctorat\datasets\LUNA 16\classification\subset6\1\1_aug\35_16.npy
1,D:\Doctorat\datasets\LUNA 16\classification\subset6\1\1_aug\35_17.npy
1,D:\Doctorat\datasets\LUNA 16\classification\subset6\1\1_aug\35_20.npy
1,D:\Doctorat\datasets\LUNA 16\classification\subset6\1\1_aug\35_22.npy
1,D:\Doctorat\datasets\LUNA 16\classification\subset6\1\1_aug\35_28.npy
1,D:\Doctorat\datasets\LUNA 16\classification\subset6\1\1_aug\35_30.npy
1,D:\Doctorat\datasets\LUNA 16\classification\subset6\1\1_aug\35_31.npy
1,D:\Doctorat\datasets\LUNA 16\classification\subset6\1\1_aug\35_32.npy
1,D:\Doctorat\datasets\LUNA 16\classification\subset6\1\1_aug\35_33.npy
1,D:\Doctorat\datasets\LUNA 16\classification\subset6\1\1_aug\35_4.npy
1,D:\Doctorat\datasets\LUNA 16\classification\subset6\1\1_aug\35_9.npy
1,D:\Doctorat\datasets\LUNA 16\classification\subset6\1\1_aug\36_12.npy
1,D:\Doctorat\datasets\LUNA 16\classification\subset6\1\1_aug\36_2.npy
1,D:\Doctorat\datasets\LUNA 16\classification\subset6\1\1_aug\36_21.npy
1,D:\Doctorat\datasets\LUNA 16\classification\subset6\1\1_aug\36_22.npy
1,D:\Doctorat\datasets\LUNA 16\classification\subset6\1\1_aug\36_23.npy
1,D:\Doctorat\datasets\LUNA 16\classification\subset6\1\1_aug\36_26.npy
1,D:\Doctorat\datasets\LUNA 16\classification\subset6\1\1_aug\36_27.npy
1,D:\Doctorat\datasets\LUNA 16\classification\subset6\1\1_aug\36_31.npy
1,D:\Doctorat\datasets\LUNA 16\classification\subset6\1\1_aug\36_35.npy
1,D:\Doctorat\datasets\LUNA 16\classification\subset6\1\1_aug\36_38.npy
1,D:\Doctorat\datasets\LUNA 16\classification\subset6\1\1_aug\36_5.npy
1,D:\Doctorat\datasets\LUNA 16\classification\subset6\1\1_aug\37_13.npy
1,D:\Doctorat\datasets\LUNA 16\classification\subset6\1\1_aug\37_20.npy
1,D:\Doctorat\datasets\LUNA 16\classification\subset6\1\1_aug\37_28.npy
1,D:\Doctorat\datasets\LUNA 16\classification\subset6\1\1_aug\37_30.npy
1,D:\Doctorat\datasets\LUNA 16\classification\subset6\1\1_aug\37_31.npy
1,D:\Doctorat\datasets\LUNA 16\classification\subset6\1\1_aug\37_34.npy
1,D:\Doctorat\datasets\LUNA 16\classification\subset6\1\1_aug\37_36.npy
1,D:\Doctorat\datasets\LUNA 16\classification\subset6\1\1_aug\37_40.npy
1,D:\Doctorat\datasets\LUNA 16\classification\subset6\1\1_aug\38_14.npy
1,D:\Doctorat\datasets\LUNA 16\classification\subset6\1\1_aug\38_19.npy
1,D:\Doctorat\datasets\LUNA 16\classification\subset6\1\1_aug\38_21.npy
1,D:\Doctorat\datasets\LUNA 16\classification\subset6\1\1_aug\38_27.npy
1,D:\Doctorat\datasets\LUNA 16\classification\subset6\1\1_aug\38_3.npy
1,D:\Doctorat\datasets\LUNA 16\classification\subset6\1\1_aug\38_36.npy
1,D:\Doctorat\datasets\LUNA 16\classification\subset6\1\1_aug\38_37.npy
1,D:\Doctorat\datasets\LUNA 16\classification\subset6\1\1_aug\39_11.npy
1,D:\Doctorat\datasets\LUNA 16\classification\subset6\1\1_aug\39_18.npy
1,D:\Doctorat\datasets\LUNA 16\classification\subset6\1\1_aug\39_25.npy
1,D:\Doctorat\datasets\LUNA 16\classification\subset6\1\1_aug\39_26.npy
1,D:\Doctorat\datasets\LUNA 16\classification\subset6\1\1_aug\39_27.npy
1,D:\Doctorat\datasets\LUNA 16\classification\subset6\1\1_aug\39_30.npy
1,D:\Doctorat\datasets\LUNA 16\classification\subset6\1\1_aug\39_32.npy
1,D:\Doctorat\datasets\LUNA 16\classification\subset6\1\1_aug\39_33.npy
1,D:\Doctorat\datasets\LUNA 16\classification\subset6\1\1_aug\39_34.npy
1,D:\Doctorat\datasets\LUNA 16\classification\subset6\1\1_aug\39_36.npy
1,D:\Doctorat\datasets\LUNA 16\classification\subset6\1\1_aug\39_40.npy
1,D:\Doctorat\datasets\LUNA 16\classification\subset6\1\1_aug\39_7.npy
1,D:\Doctorat\datasets\LUNA 16\classification\subset6\1\1_aug\3_19.npy
1,D:\Doctorat\datasets\LUNA 16\classification\subset6\1\1_aug\3_2.npy
1,D:\Doctorat\datasets\LUNA 16\classification\subset6\1\1_aug\3_21.npy
1,D:\Doctorat\datasets\LUNA 16\classification\subset6\1\1_aug\3_22.npy
1,D:\Doctorat\datasets\LUNA 16\classification\subset6\1\1_aug\3_25.npy
1,D:\Doctorat\datasets\LUNA 16\classification\subset6\1\1_aug\3_37.npy
1,D:\Doctorat\datasets\LUNA 16\classification\subset6\1\1_aug\3_39.npy
1,D:\Doctorat\datasets\LUNA 16\classification\subset6\1\1_aug\3_4.npy
1,D:\Doctorat\datasets\LUNA 16\classification\subset6\1\1_aug\40_12.npy
1,D:\Doctorat\datasets\LUNA 16\classification\subset6\1\1_aug\40_13.npy
1,D:\Doctorat\datasets\LUNA 16\classification\subset6\1\1_aug\40_17.npy
1,D:\Doctorat\datasets\LUNA 16\classification\subset6\1\1_aug\40_19.npy
1,D:\Doctorat\datasets\LUNA 16\classification\subset6\1\1_aug\40_34.npy
1,D:\Doctorat\datasets\LUNA 16\classification\subset6\1\1_aug\40_36.npy
1,D:\Doctorat\datasets\LUNA 16\classification\subset6\1\1_aug\40_38.npy
1,D:\Doctorat\datasets\LUNA 16\classification\subset6\1\1_aug\40_4.npy
1,D:\Doctorat\datasets\LUNA 16\classification\subset6\1\1_aug\40_5.npy
1,D:\Doctorat\datasets\LUNA 16\classification\subset6\1\1_aug\40_6.npy
1,D:\Doctorat\datasets\LUNA 16\classification\subset6\1\1_aug\41_14.npy
1,D:\Doctorat\datasets\LUNA 16\classification\subset6\1\1_aug\41_17.npy
1,D:\Doctorat\datasets\LUNA 16\classification\subset6\1\1_aug\41_2.npy
1,D:\Doctorat\datasets\LUNA 16\classification\subset6\1\1_aug\41_28.npy
1,D:\Doctorat\datasets\LUNA 16\classification\subset6\1\1_aug\41_35.npy
1,D:\Doctorat\datasets\LUNA 16\classification\subset6\1\1_aug\41_6.npy
1,D:\Doctorat\datasets\LUNA 16\classification\subset6\1\1_aug\41_8.npy
1,D:\Doctorat\datasets\LUNA 16\classification\subset6\1\1_aug\42_12.npy
1,D:\Doctorat\datasets\LUNA 16\classification\subset6\1\1_aug\42_17.npy
1,D:\Doctorat\datasets\LUNA 16\classification\subset6\1\1_aug\42_18.npy
1,D:\Doctorat\datasets\LUNA 16\classification\subset6\1\1_aug\42_2.npy
1,D:\Doctorat\datasets\LUNA 16\classification\subset6\1\1_aug\42_24.npy
1,D:\Doctorat\datasets\LUNA 16\classification\subset6\1\1_aug\42_27.npy
1,D:\Doctorat\datasets\LUNA 16\classification\subset6\1\1_aug\42_33.npy
1,D:\Doctorat\datasets\LUNA 16\classification\subset6\1\1_aug\42_39.npy
1,D:\Doctorat\datasets\LUNA 16\classification\subset6\1\1_aug\42_8.npy
1,D:\Doctorat\datasets\LUNA 16\classification\subset6\1\1_aug\43_20.npy
1,D:\Doctorat\datasets\LUNA 16\classification\subset6\1\1_aug\43_26.npy
1,D:\Doctorat\datasets\LUNA 16\classification\subset6\1\1_aug\43_30.npy
1,D:\Doctorat\datasets\LUNA 16\classification\subset6\1\1_aug\43_32.npy
1,D:\Doctorat\datasets\LUNA 16\classification\subset6\1\1_aug\43_6.npy
1,D:\Doctorat\datasets\LUNA 16\classification\subset6\1\1_aug\44_13.npy
1,D:\Doctorat\datasets\LUNA 16\classification\subset6\1\1_aug\44_17.npy
1,D:\Doctorat\datasets\LUNA 16\classification\subset6\1\1_aug\44_18.npy
1,D:\Doctorat\datasets\LUNA 16\classification\subset6\1\1_aug\44_21.npy
1,D:\Doctorat\datasets\LUNA 16\classification\subset6\1\1_aug\44_39.npy
1,D:\Doctorat\datasets\LUNA 16\classification\subset6\1\1_aug\44_5.npy
1,D:\Doctorat\datasets\LUNA 16\classification\subset6\1\1_aug\44_6.npy
1,D:\Doctorat\datasets\LUNA 16\classification\subset6\1\1_aug\45_13.npy
1,D:\Doctorat\datasets\LUNA 16\classification\subset6\1\1_aug\45_21.npy
1,D:\Doctorat\datasets\LUNA 16\classification\subset6\1\1_aug\45_3.npy
1,D:\Doctorat\datasets\LUNA 16\classification\subset6\1\1_aug\45_36.npy
1,D:\Doctorat\datasets\LUNA 16\classification\subset6\1\1_aug\45_8.npy
1,D:\Doctorat\datasets\LUNA 16\classification\subset6\1\1_aug\46_20.npy
1,D:\Doctorat\datasets\LUNA 16\classification\subset6\1\1_aug\46_25.npy
1,D:\Doctorat\datasets\LUNA 16\classification\subset6\1\1_aug\46_3.npy
1,D:\Doctorat\datasets\LUNA 16\classification\subset6\1\1_aug\46_4.npy
1,D:\Doctorat\datasets\LUNA 16\classification\subset6\1\1_aug\46_8.npy
1,D:\Doctorat\datasets\LUNA 16\classification\subset6\1\1_aug\47_1.npy
1,D:\Doctorat\datasets\LUNA 16\classification\subset6\1\1_aug\47_10.npy
1,D:\Doctorat\datasets\LUNA 16\classification\subset6\1\1_aug\47_11.npy
1,D:\Doctorat\datasets\LUNA 16\classification\subset6\1\1_aug\47_14.npy
1,D:\Doctorat\datasets\LUNA 16\classification\subset6\1\1_aug\47_21.npy
1,D:\Doctorat\datasets\LUNA 16\classification\subset6\1\1_aug\47_22.npy
1,D:\Doctorat\datasets\LUNA 16\classification\subset6\1\1_aug\47_31.npy
1,D:\Doctorat\datasets\LUNA 16\classification\subset6\1\1_aug\47_36.npy
1,D:\Doctorat\datasets\LUNA 16\classification\subset6\1\1_aug\47_4.npy
1,D:\Doctorat\datasets\LUNA 16\classification\subset6\1\1_aug\48_18.npy
1,D:\Doctorat\datasets\LUNA 16\classification\subset6\1\1_aug\48_20.npy
1,D:\Doctorat\datasets\LUNA 16\classification\subset6\1\1_aug\48_24.npy
1,D:\Doctorat\datasets\LUNA 16\classification\subset6\1\1_aug\48_3.npy
1,D:\Doctorat\datasets\LUNA 16\classification\subset6\1\1_aug\48_30.npy
1,D:\Doctorat\datasets\LUNA 16\classification\subset6\1\1_aug\48_31.npy
1,D:\Doctorat\datasets\LUNA 16\classification\subset6\1\1_aug\48_34.npy
1,D:\Doctorat\datasets\LUNA 16\classification\subset6\1\1_aug\48_36.npy
1,D:\Doctorat\datasets\LUNA 16\classification\subset6\1\1_aug\48_37.npy
1,D:\Doctorat\datasets\LUNA 16\classification\subset6\1\1_aug\48_38.npy
1,D:\Doctorat\datasets\LUNA 16\classification\subset6\1\1_aug\48_4.npy
1,D:\Doctorat\datasets\LUNA 16\classification\subset6\1\1_aug\48_40.npy
1,D:\Doctorat\datasets\LUNA 16\classification\subset6\1\1_aug\48_5.npy
1,D:\Doctorat\datasets\LUNA 16\classification\subset6\1\1_aug\48_6.npy
1,D:\Doctorat\datasets\LUNA 16\classification\subset6\1\1_aug\48_7.npy
1,D:\Doctorat\datasets\LUNA 16\classification\subset6\1\1_aug\48_9.npy
1,D:\Doctorat\datasets\LUNA 16\classification\subset6\1\1_aug\49_11.npy
1,D:\Doctorat\datasets\LUNA 16\classification\subset6\1\1_aug\49_24.npy
1,D:\Doctorat\datasets\LUNA 16\classification\subset6\1\1_aug\49_28.npy
1,D:\Doctorat\datasets\LUNA 16\classification\subset6\1\1_aug\49_29.npy
1,D:\Doctorat\datasets\LUNA 16\classification\subset6\1\1_aug\49_35.npy
1,D:\Doctorat\datasets\LUNA 16\classification\subset6\1\1_aug\49_38.npy
1,D:\Doctorat\datasets\LUNA 16\classification\subset6\1\1_aug\49_7.npy
1,D:\Doctorat\datasets\LUNA 16\classification\subset6\1\1_aug\4_1.npy
1,D:\Doctorat\datasets\LUNA 16\classification\subset6\1\1_aug\4_12.npy
1,D:\Doctorat\datasets\LUNA 16\classification\subset6\1\1_aug\4_13.npy
1,D:\Doctorat\datasets\LUNA 16\classification\subset6\1\1_aug\4_19.npy
1,D:\Doctorat\datasets\LUNA 16\classification\subset6\1\1_aug\4_21.npy
1,D:\Doctorat\datasets\LUNA 16\classification\subset6\1\1_aug\4_37.npy
1,D:\Doctorat\datasets\LUNA 16\classification\subset6\1\1_aug\4_7.npy
1,D:\Doctorat\datasets\LUNA 16\classification\subset6\1\1_aug\4_8.npy
1,D:\Doctorat\datasets\LUNA 16\classification\subset6\1\1_aug\50_16.npy
1,D:\Doctorat\datasets\LUNA 16\classification\subset6\1\1_aug\50_17.npy
1,D:\Doctorat\datasets\LUNA 16\classification\subset6\1\1_aug\50_2.npy
1,D:\Doctorat\datasets\LUNA 16\classification\subset6\1\1_aug\50_22.npy
1,D:\Doctorat\datasets\LUNA 16\classification\subset6\1\1_aug\50_26.npy
1,D:\Doctorat\datasets\LUNA 16\classification\subset6\1\1_aug\50_32.npy
1,D:\Doctorat\datasets\LUNA 16\classification\subset6\1\1_aug\50_37.npy
1,D:\Doctorat\datasets\LUNA 16\classification\subset6\1\1_aug\50_5.npy
1,D:\Doctorat\datasets\LUNA 16\classification\subset6\1\1_aug\50_6.npy
1,D:\Doctorat\datasets\LUNA 16\classification\subset6\1\1_aug\50_8.npy
1,D:\Doctorat\datasets\LUNA 16\classification\subset6\1\1_aug\50_9.npy
1,D:\Doctorat\datasets\LUNA 16\classification\subset6\1\1_aug\51_24.npy
1,D:\Doctorat\datasets\LUNA 16\classification\subset6\1\1_aug\51_25.npy
1,D:\Doctorat\datasets\LUNA 16\classification\subset6\1\1_aug\51_28.npy
1,D:\Doctorat\datasets\LUNA 16\classification\subset6\1\1_aug\51_6.npy
1,D:\Doctorat\datasets\LUNA 16\classification\subset6\1\1_aug\51_9.npy
1,D:\Doctorat\datasets\LUNA 16\classification\subset6\1\1_aug\52_13.npy
1,D:\Doctorat\datasets\LUNA 16\classification\subset6\1\1_aug\52_17.npy
1,D:\Doctorat\datasets\LUNA 16\classification\subset6\1\1_aug\52_25.npy
1,D:\Doctorat\datasets\LUNA 16\classification\subset6\1\1_aug\52_30.npy
1,D:\Doctorat\datasets\LUNA 16\classification\subset6\1\1_aug\52_32.npy
1,D:\Doctorat\datasets\LUNA 16\classification\subset6\1\1_aug\52_36.npy
1,D:\Doctorat\datasets\LUNA 16\classification\subset6\1\1_aug\52_39.npy
1,D:\Doctorat\datasets\LUNA 16\classification\subset6\1\1_aug\52_6.npy
1,D:\Doctorat\datasets\LUNA 16\classification\subset6\1\1_aug\53_14.npy
1,D:\Doctorat\datasets\LUNA 16\classification\subset6\1\1_aug\53_15.npy
1,D:\Doctorat\datasets\LUNA 16\classification\subset6\1\1_aug\53_19.npy
1,D:\Doctorat\datasets\LUNA 16\classification\subset6\1\1_aug\53_20.npy
1,D:\Doctorat\datasets\LUNA 16\classification\subset6\1\1_aug\53_21.npy
1,D:\Doctorat\datasets\LUNA 16\classification\subset6\1\1_aug\53_30.npy
1,D:\Doctorat\datasets\LUNA 16\classification\subset6\1\1_aug\53_8.npy
1,D:\Doctorat\datasets\LUNA 16\classification\subset6\1\1_aug\54_16.npy
1,D:\Doctorat\datasets\LUNA 16\classification\subset6\1\1_aug\54_23.npy
1,D:\Doctorat\datasets\LUNA 16\classification\subset6\1\1_aug\54_38.npy
1,D:\Doctorat\datasets\LUNA 16\classification\subset6\1\1_aug\55_12.npy
1,D:\Doctorat\datasets\LUNA 16\classification\subset6\1\1_aug\55_15.npy
1,D:\Doctorat\datasets\LUNA 16\classification\subset6\1\1_aug\55_27.npy
1,D:\Doctorat\datasets\LUNA 16\classification\subset6\1\1_aug\55_29.npy
1,D:\Doctorat\datasets\LUNA 16\classification\subset6\1\1_aug\55_36.npy
1,D:\Doctorat\datasets\LUNA 16\classification\subset6\1\1_aug\56_12.npy
1,D:\Doctorat\datasets\LUNA 16\classification\subset6\1\1_aug\56_13.npy
1,D:\Doctorat\datasets\LUNA 16\classification\subset6\1\1_aug\56_14.npy
1,D:\Doctorat\datasets\LUNA 16\classification\subset6\1\1_aug\56_20.npy
1,D:\Doctorat\datasets\LUNA 16\classification\subset6\1\1_aug\56_23.npy
1,D:\Doctorat\datasets\LUNA 16\classification\subset6\1\1_aug\56_3.npy
1,D:\Doctorat\datasets\LUNA 16\classification\subset6\1\1_aug\56_32.npy
1,D:\Doctorat\datasets\LUNA 16\classification\subset6\1\1_aug\57_32.npy
1,D:\Doctorat\datasets\LUNA 16\classification\subset6\1\1_aug\57_36.npy
1,D:\Doctorat\datasets\LUNA 16\classification\subset6\1\1_aug\57_39.npy
1,D:\Doctorat\datasets\LUNA 16\classification\subset6\1\1_aug\57_6.npy
1,D:\Doctorat\datasets\LUNA 16\classification\subset6\1\1_aug\58_15.npy
1,D:\Doctorat\datasets\LUNA 16\classification\subset6\1\1_aug\58_26.npy
1,D:\Doctorat\datasets\LUNA 16\classification\subset6\1\1_aug\58_31.npy
1,D:\Doctorat\datasets\LUNA 16\classification\subset6\1\1_aug\58_34.npy
1,D:\Doctorat\datasets\LUNA 16\classification\subset6\1\1_aug\58_36.npy
1,D:\Doctorat\datasets\LUNA 16\classification\subset6\1\1_aug\58_38.npy
1,D:\Doctorat\datasets\LUNA 16\classification\subset6\1\1_aug\58_39.npy
1,D:\Doctorat\datasets\LUNA 16\classification\subset6\1\1_aug\58_4.npy
1,D:\Doctorat\datasets\LUNA 16\classification\subset6\1\1_aug\58_40.npy
1,D:\Doctorat\datasets\LUNA 16\classification\subset6\1\1_aug\59_12.npy
1,D:\Doctorat\datasets\LUNA 16\classification\subset6\1\1_aug\59_15.npy
1,D:\Doctorat\datasets\LUNA 16\classification\subset6\1\1_aug\59_16.npy
1,D:\Doctorat\datasets\LUNA 16\classification\subset6\1\1_aug\59_28.npy
1,D:\Doctorat\datasets\LUNA 16\classification\subset6\1\1_aug\59_35.npy
1,D:\Doctorat\datasets\LUNA 16\classification\subset6\1\1_aug\59_38.npy
1,D:\Doctorat\datasets\LUNA 16\classification\subset6\1\1_aug\5_1.npy
1,D:\Doctorat\datasets\LUNA 16\classification\subset6\1\1_aug\5_10.npy
1,D:\Doctorat\datasets\LUNA 16\classification\subset6\1\1_aug\5_11.npy
1,D:\Doctorat\datasets\LUNA 16\classification\subset6\1\1_aug\5_20.npy
1,D:\Doctorat\datasets\LUNA 16\classification\subset6\1\1_aug\5_27.npy
1,D:\Doctorat\datasets\LUNA 16\classification\subset6\1\1_aug\5_33.npy
1,D:\Doctorat\datasets\LUNA 16\classification\subset6\1\1_aug\5_34.npy
1,D:\Doctorat\datasets\LUNA 16\classification\subset6\1\1_aug\5_39.npy
1,D:\Doctorat\datasets\LUNA 16\classification\subset6\1\1_aug\5_40.npy
1,D:\Doctorat\datasets\LUNA 16\classification\subset6\1\1_aug\5_6.npy
1,D:\Doctorat\datasets\LUNA 16\classification\subset6\1\1_aug\5_9.npy
1,D:\Doctorat\datasets\LUNA 16\classification\subset6\1\1_aug\60_10.npy
1,D:\Doctorat\datasets\LUNA 16\classification\subset6\1\1_aug\60_26.npy
1,D:\Doctorat\datasets\LUNA 16\classification\subset6\1\1_aug\60_4.npy
1,D:\Doctorat\datasets\LUNA 16\classification\subset6\1\1_aug\60_40.npy
1,D:\Doctorat\datasets\LUNA 16\classification\subset6\1\1_aug\60_7.npy
1,D:\Doctorat\datasets\LUNA 16\classification\subset6\1\1_aug\61_1.npy
1,D:\Doctorat\datasets\LUNA 16\classification\subset6\1\1_aug\61_11.npy
1,D:\Doctorat\datasets\LUNA 16\classification\subset6\1\1_aug\61_2.npy
1,D:\Doctorat\datasets\LUNA 16\classification\subset6\1\1_aug\61_20.npy
1,D:\Doctorat\datasets\LUNA 16\classification\subset6\1\1_aug\61_24.npy
1,D:\Doctorat\datasets\LUNA 16\classification\subset6\1\1_aug\61_3.npy
1,D:\Doctorat\datasets\LUNA 16\classification\subset6\1\1_aug\61_6.npy
1,D:\Doctorat\datasets\LUNA 16\classification\subset6\1\1_aug\61_7.npy
1,D:\Doctorat\datasets\LUNA 16\classification\subset6\1\1_aug\62_11.npy
1,D:\Doctorat\datasets\LUNA 16\classification\subset6\1\1_aug\62_14.npy
1,D:\Doctorat\datasets\LUNA 16\classification\subset6\1\1_aug\62_22.npy
1,D:\Doctorat\datasets\LUNA 16\classification\subset6\1\1_aug\62_27.npy
1,D:\Doctorat\datasets\LUNA 16\classification\subset6\1\1_aug\62_31.npy
1,D:\Doctorat\datasets\LUNA 16\classification\subset6\1\1_aug\62_37.npy
1,D:\Doctorat\datasets\LUNA 16\classification\subset6\1\1_aug\62_8.npy
1,D:\Doctorat\datasets\LUNA 16\classification\subset6\1\1_aug\63_1.npy
1,D:\Doctorat\datasets\LUNA 16\classification\subset6\1\1_aug\63_10.npy
1,D:\Doctorat\datasets\LUNA 16\classification\subset6\1\1_aug\63_15.npy
1,D:\Doctorat\datasets\LUNA 16\classification\subset6\1\1_aug\63_16.npy
1,D:\Doctorat\datasets\LUNA 16\classification\subset6\1\1_aug\63_25.npy
1,D:\Doctorat\datasets\LUNA 16\classification\subset6\1\1_aug\63_3.npy
1,D:\Doctorat\datasets\LUNA 16\classification\subset6\1\1_aug\63_31.npy
1,D:\Doctorat\datasets\LUNA 16\classification\subset6\1\1_aug\63_32.npy
1,D:\Doctorat\datasets\LUNA 16\classification\subset6\1\1_aug\63_35.npy
1,D:\Doctorat\datasets\LUNA 16\classification\subset6\1\1_aug\63_36.npy
1,D:\Doctorat\datasets\LUNA 16\classification\subset6\1\1_aug\63_4.npy
1,D:\Doctorat\datasets\LUNA 16\classification\subset6\1\1_aug\64_11.npy
1,D:\Doctorat\datasets\LUNA 16\classification\subset6\1\1_aug\64_12.npy
1,D:\Doctorat\datasets\LUNA 16\classification\subset6\1\1_aug\64_14.npy
1,D:\Doctorat\datasets\LUNA 16\classification\subset6\1\1_aug\64_15.npy
1,D:\Doctorat\datasets\LUNA 16\classification\subset6\1\1_aug\64_23.npy
1,D:\Doctorat\datasets\LUNA 16\classification\subset6\1\1_aug\64_26.npy
1,D:\Doctorat\datasets\LUNA 16\classification\subset6\1\1_aug\64_28.npy
1,D:\Doctorat\datasets\LUNA 16\classification\subset6\1\1_aug\64_32.npy
1,D:\Doctorat\datasets\LUNA 16\classification\subset6\1\1_aug\64_35.npy
1,D:\Doctorat\datasets\LUNA 16\classification\subset6\1\1_aug\64_37.npy
1,D:\Doctorat\datasets\LUNA 16\classification\subset6\1\1_aug\64_39.npy
1,D:\Doctorat\datasets\LUNA 16\classification\subset6\1\1_aug\64_6.npy
1,D:\Doctorat\datasets\LUNA 16\classification\subset6\1\1_aug\65_11.npy
1,D:\Doctorat\datasets\LUNA 16\classification\subset6\1\1_aug\65_13.npy
1,D:\Doctorat\datasets\LUNA 16\classification\subset6\1\1_aug\65_20.npy
1,D:\Doctorat\datasets\LUNA 16\classification\subset6\1\1_aug\65_22.npy
1,D:\Doctorat\datasets\LUNA 16\classification\subset6\1\1_aug\65_27.npy
1,D:\Doctorat\datasets\LUNA 16\classification\subset6\1\1_aug\65_36.npy
1,D:\Doctorat\datasets\LUNA 16\classification\subset6\1\1_aug\66_11.npy
1,D:\Doctorat\datasets\LUNA 16\classification\subset6\1\1_aug\66_13.npy
1,D:\Doctorat\datasets\LUNA 16\classification\subset6\1\1_aug\66_21.npy
1,D:\Doctorat\datasets\LUNA 16\classification\subset6\1\1_aug\66_24.npy
1,D:\Doctorat\datasets\LUNA 16\classification\subset6\1\1_aug\66_3.npy
1,D:\Doctorat\datasets\LUNA 16\classification\subset6\1\1_aug\66_30.npy
1,D:\Doctorat\datasets\LUNA 16\classification\subset6\1\1_aug\66_31.npy
1,D:\Doctorat\datasets\LUNA 16\classification\subset6\1\1_aug\67_10.npy
1,D:\Doctorat\datasets\LUNA 16\classification\subset6\1\1_aug\67_17.npy
1,D:\Doctorat\datasets\LUNA 16\classification\subset6\1\1_aug\67_26.npy
1,D:\Doctorat\datasets\LUNA 16\classification\subset6\1\1_aug\67_34.npy
1,D:\Doctorat\datasets\LUNA 16\classification\subset6\1\1_aug\67_38.npy
1,D:\Doctorat\datasets\LUNA 16\classification\subset6\1\1_aug\67_40.npy
1,D:\Doctorat\datasets\LUNA 16\classification\subset6\1\1_aug\67_8.npy
1,D:\Doctorat\datasets\LUNA 16\classification\subset6\1\1_aug\68_12.npy
1,D:\Doctorat\datasets\LUNA 16\classification\subset6\1\1_aug\68_2.npy
1,D:\Doctorat\datasets\LUNA 16\classification\subset6\1\1_aug\68_26.npy
1,D:\Doctorat\datasets\LUNA 16\classification\subset6\1\1_aug\68_28.npy
1,D:\Doctorat\datasets\LUNA 16\classification\subset6\1\1_aug\68_3.npy
1,D:\Doctorat\datasets\LUNA 16\classification\subset6\1\1_aug\68_33.npy
1,D:\Doctorat\datasets\LUNA 16\classification\subset6\1\1_aug\68_7.npy
1,D:\Doctorat\datasets\LUNA 16\classification\subset6\1\1_aug\69_31.npy
1,D:\Doctorat\datasets\LUNA 16\classification\subset6\1\1_aug\69_34.npy
1,D:\Doctorat\datasets\LUNA 16\classification\subset6\1\1_aug\69_4.npy
1,D:\Doctorat\datasets\LUNA 16\classification\subset6\1\1_aug\6_15.npy
1,D:\Doctorat\datasets\LUNA 16\classification\subset6\1\1_aug\6_18.npy
1,D:\Doctorat\datasets\LUNA 16\classification\subset6\1\1_aug\6_22.npy
1,D:\Doctorat\datasets\LUNA 16\classification\subset6\1\1_aug\6_24.npy
1,D:\Doctorat\datasets\LUNA 16\classification\subset6\1\1_aug\6_29.npy
1,D:\Doctorat\datasets\LUNA 16\classification\subset6\1\1_aug\6_36.npy
1,D:\Doctorat\datasets\LUNA 16\classification\subset6\1\1_aug\6_40.npy
1,D:\Doctorat\datasets\LUNA 16\classification\subset6\1\1_aug\70_14.npy
1,D:\Doctorat\datasets\LUNA 16\classification\subset6\1\1_aug\70_16.npy
1,D:\Doctorat\datasets\LUNA 16\classification\subset6\1\1_aug\70_20.npy
1,D:\Doctorat\datasets\LUNA 16\classification\subset6\1\1_aug\70_29.npy
1,D:\Doctorat\datasets\LUNA 16\classification\subset6\1\1_aug\70_37.npy
1,D:\Doctorat\datasets\LUNA 16\classification\subset6\1\1_aug\70_39.npy
1,D:\Doctorat\datasets\LUNA 16\classification\subset6\1\1_aug\70_7.npy
1,D:\Doctorat\datasets\LUNA 16\classification\subset6\1\1_aug\70_8.npy
1,D:\Doctorat\datasets\LUNA 16\classification\subset6\1\1_aug\71_13.npy
1,D:\Doctorat\datasets\LUNA 16\classification\subset6\1\1_aug\71_14.npy
1,D:\Doctorat\datasets\LUNA 16\classification\subset6\1\1_aug\71_17.npy
1,D:\Doctorat\datasets\LUNA 16\classification\subset6\1\1_aug\71_24.npy
1,D:\Doctorat\datasets\LUNA 16\classification\subset6\1\1_aug\71_29.npy
1,D:\Doctorat\datasets\LUNA 16\classification\subset6\1\1_aug\71_40.npy
1,D:\Doctorat\datasets\LUNA 16\classification\subset6\1\1_aug\71_7.npy
1,D:\Doctorat\datasets\LUNA 16\classification\subset6\1\1_aug\72_2.npy
1,D:\Doctorat\datasets\LUNA 16\classification\subset6\1\1_aug\72_22.npy
1,D:\Doctorat\datasets\LUNA 16\classification\subset6\1\1_aug\72_23.npy
1,D:\Doctorat\datasets\LUNA 16\classification\subset6\1\1_aug\72_29.npy
1,D:\Doctorat\datasets\LUNA 16\classification\subset6\1\1_aug\72_39.npy
1,D:\Doctorat\datasets\LUNA 16\classification\subset6\1\1_aug\72_4.npy
1,D:\Doctorat\datasets\LUNA 16\classification\subset6\1\1_aug\72_40.npy
1,D:\Doctorat\datasets\LUNA 16\classification\subset6\1\1_aug\72_7.npy
1,D:\Doctorat\datasets\LUNA 16\classification\subset6\1\1_aug\72_9.npy
1,D:\Doctorat\datasets\LUNA 16\classification\subset6\1\1_aug\73_10.npy
1,D:\Doctorat\datasets\LUNA 16\classification\subset6\1\1_aug\73_11.npy
1,D:\Doctorat\datasets\LUNA 16\classification\subset6\1\1_aug\73_13.npy
1,D:\Doctorat\datasets\LUNA 16\classification\subset6\1\1_aug\73_2.npy
1,D:\Doctorat\datasets\LUNA 16\classification\subset6\1\1_aug\73_20.npy
1,D:\Doctorat\datasets\LUNA 16\classification\subset6\1\1_aug\73_27.npy
1,D:\Doctorat\datasets\LUNA 16\classification\subset6\1\1_aug\73_28.npy
1,D:\Doctorat\datasets\LUNA 16\classification\subset6\1\1_aug\73_30.npy
1,D:\Doctorat\datasets\LUNA 16\classification\subset6\1\1_aug\73_31.npy
1,D:\Doctorat\datasets\LUNA 16\classification\subset6\1\1_aug\73_32.npy
1,D:\Doctorat\datasets\LUNA 16\classification\subset6\1\1_aug\73_36.npy
1,D:\Doctorat\datasets\LUNA 16\classification\subset6\1\1_aug\73_8.npy
1,D:\Doctorat\datasets\LUNA 16\classification\subset6\1\1_aug\74_11.npy
1,D:\Doctorat\datasets\LUNA 16\classification\subset6\1\1_aug\74_2.npy
1,D:\Doctorat\datasets\LUNA 16\classification\subset6\1\1_aug\74_33.npy
1,D:\Doctorat\datasets\LUNA 16\classification\subset6\1\1_aug\74_4.npy
1,D:\Doctorat\datasets\LUNA 16\classification\subset6\1\1_aug\74_5.npy
1,D:\Doctorat\datasets\LUNA 16\classification\subset6\1\1_aug\75_1.npy
1,D:\Doctorat\datasets\LUNA 16\classification\subset6\1\1_aug\75_10.npy
1,D:\Doctorat\datasets\LUNA 16\classification\subset6\1\1_aug\75_11.npy
1,D:\Doctorat\datasets\LUNA 16\classification\subset6\1\1_aug\75_17.npy
1,D:\Doctorat\datasets\LUNA 16\classification\subset6\1\1_aug\75_2.npy
1,D:\Doctorat\datasets\LUNA 16\classification\subset6\1\1_aug\75_30.npy
1,D:\Doctorat\datasets\LUNA 16\classification\subset6\1\1_aug\75_32.npy
1,D:\Doctorat\datasets\LUNA 16\classification\subset6\1\1_aug\75_33.npy
1,D:\Doctorat\datasets\LUNA 16\classification\subset6\1\1_aug\75_37.npy
1,D:\Doctorat\datasets\LUNA 16\classification\subset6\1\1_aug\75_5.npy
1,D:\Doctorat\datasets\LUNA 16\classification\subset6\1\1_aug\75_6.npy
1,D:\Doctorat\datasets\LUNA 16\classification\subset6\1\1_aug\76_11.npy
1,D:\Doctorat\datasets\LUNA 16\classification\subset6\1\1_aug\76_16.npy
1,D:\Doctorat\datasets\LUNA 16\classification\subset6\1\1_aug\76_20.npy
1,D:\Doctorat\datasets\LUNA 16\classification\subset6\1\1_aug\76_22.npy
1,D:\Doctorat\datasets\LUNA 16\classification\subset6\1\1_aug\76_25.npy
1,D:\Doctorat\datasets\LUNA 16\classification\subset6\1\1_aug\76_32.npy
1,D:\Doctorat\datasets\LUNA 16\classification\subset6\1\1_aug\76_37.npy
1,D:\Doctorat\datasets\LUNA 16\classification\subset6\1\1_aug\77_11.npy
1,D:\Doctorat\datasets\LUNA 16\classification\subset6\1\1_aug\77_13.npy
1,D:\Doctorat\datasets\LUNA 16\classification\subset6\1\1_aug\77_18.npy
1,D:\Doctorat\datasets\LUNA 16\classification\subset6\1\1_aug\77_24.npy
1,D:\Doctorat\datasets\LUNA 16\classification\subset6\1\1_aug\77_26.npy
1,D:\Doctorat\datasets\LUNA 16\classification\subset6\1\1_aug\77_3.npy
1,D:\Doctorat\datasets\LUNA 16\classification\subset6\1\1_aug\77_31.npy
1,D:\Doctorat\datasets\LUNA 16\classification\subset6\1\1_aug\77_34.npy
1,D:\Doctorat\datasets\LUNA 16\classification\subset6\1\1_aug\77_38.npy
1,D:\Doctorat\datasets\LUNA 16\classification\subset6\1\1_aug\77_9.npy
1,D:\Doctorat\datasets\LUNA 16\classification\subset6\1\1_aug\78_18.npy
1,D:\Doctorat\datasets\LUNA 16\classification\subset6\1\1_aug\78_21.npy
1,D:\Doctorat\datasets\LUNA 16\classification\subset6\1\1_aug\78_34.npy
1,D:\Doctorat\datasets\LUNA 16\classification\subset6\1\1_aug\78_35.npy
1,D:\Doctorat\datasets\LUNA 16\classification\subset6\1\1_aug\78_6.npy
1,D:\Doctorat\datasets\LUNA 16\classification\subset6\1\1_aug\78_9.npy
1,D:\Doctorat\datasets\LUNA 16\classification\subset6\1\1_aug\79_12.npy
1,D:\Doctorat\datasets\LUNA 16\classification\subset6\1\1_aug\79_13.npy
1,D:\Doctorat\datasets\LUNA 16\classification\subset6\1\1_aug\79_18.npy
1,D:\Doctorat\datasets\LUNA 16\classification\subset6\1\1_aug\79_21.npy
1,D:\Doctorat\datasets\LUNA 16\classification\subset6\1\1_aug\79_27.npy
1,D:\Doctorat\datasets\LUNA 16\classification\subset6\1\1_aug\7_11.npy
1,D:\Doctorat\datasets\LUNA 16\classification\subset6\1\1_aug\7_18.npy
1,D:\Doctorat\datasets\LUNA 16\classification\subset6\1\1_aug\7_22.npy
1,D:\Doctorat\datasets\LUNA 16\classification\subset6\1\1_aug\7_23.npy
1,D:\Doctorat\datasets\LUNA 16\classification\subset6\1\1_aug\7_33.npy
1,D:\Doctorat\datasets\LUNA 16\classification\subset6\1\1_aug\80_1.npy
1,D:\Doctorat\datasets\LUNA 16\classification\subset6\1\1_aug\80_13.npy
1,D:\Doctorat\datasets\LUNA 16\classification\subset6\1\1_aug\80_33.npy
1,D:\Doctorat\datasets\LUNA 16\classification\subset6\1\1_aug\80_36.npy
1,D:\Doctorat\datasets\LUNA 16\classification\subset6\1\1_aug\80_37.npy
1,D:\Doctorat\datasets\LUNA 16\classification\subset6\1\1_aug\80_4.npy
1,D:\Doctorat\datasets\LUNA 16\classification\subset6\1\1_aug\80_6.npy
1,D:\Doctorat\datasets\LUNA 16\classification\subset6\1\1_aug\80_9.npy
1,D:\Doctorat\datasets\LUNA 16\classification\subset6\1\1_aug\81_1.npy
1,D:\Doctorat\datasets\LUNA 16\classification\subset6\1\1_aug\81_11.npy
1,D:\Doctorat\datasets\LUNA 16\classification\subset6\1\1_aug\81_15.npy
1,D:\Doctorat\datasets\LUNA 16\classification\subset6\1\1_aug\81_18.npy
1,D:\Doctorat\datasets\LUNA 16\classification\subset6\1\1_aug\81_21.npy
1,D:\Doctorat\datasets\LUNA 16\classification\subset6\1\1_aug\81_24.npy
1,D:\Doctorat\datasets\LUNA 16\classification\subset6\1\1_aug\81_27.npy
1,D:\Doctorat\datasets\LUNA 16\classification\subset6\1\1_aug\81_29.npy
1,D:\Doctorat\datasets\LUNA 16\classification\subset6\1\1_aug\81_3.npy
1,D:\Doctorat\datasets\LUNA 16\classification\subset6\1\1_aug\81_34.npy
1,D:\Doctorat\datasets\LUNA 16\classification\subset6\1\1_aug\81_7.npy
1,D:\Doctorat\datasets\LUNA 16\classification\subset6\1\1_aug\82_14.npy
1,D:\Doctorat\datasets\LUNA 16\classification\subset6\1\1_aug\82_16.npy
1,D:\Doctorat\datasets\LUNA 16\classification\subset6\1\1_aug\82_2.npy
1,D:\Doctorat\datasets\LUNA 16\classification\subset6\1\1_aug\82_20.npy
1,D:\Doctorat\datasets\LUNA 16\classification\subset6\1\1_aug\82_22.npy
1,D:\Doctorat\datasets\LUNA 16\classification\subset6\1\1_aug\82_23.npy
1,D:\Doctorat\datasets\LUNA 16\classification\subset6\1\1_aug\82_25.npy
1,D:\Doctorat\datasets\LUNA 16\classification\subset6\1\1_aug\82_28.npy
1,D:\Doctorat\datasets\LUNA 16\classification\subset6\1\1_aug\82_3.npy
1,D:\Doctorat\datasets\LUNA 16\classification\subset6\1\1_aug\82_33.npy
1,D:\Doctorat\datasets\LUNA 16\classification\subset6\1\1_aug\82_36.npy
1,D:\Doctorat\datasets\LUNA 16\classification\subset6\1\1_aug\82_37.npy
1,D:\Doctorat\datasets\LUNA 16\classification\subset6\1\1_aug\82_38.npy
1,D:\Doctorat\datasets\LUNA 16\classification\subset6\1\1_aug\82_5.npy
1,D:\Doctorat\datasets\LUNA 16\classification\subset6\1\1_aug\82_6.npy
1,D:\Doctorat\datasets\LUNA 16\classification\subset6\1\1_aug\83_11.npy
1,D:\Doctorat\datasets\LUNA 16\classification\subset6\1\1_aug\83_12.npy
1,D:\Doctorat\datasets\LUNA 16\classification\subset6\1\1_aug\83_13.npy
1,D:\Doctorat\datasets\LUNA 16\classification\subset6\1\1_aug\83_15.npy
1,D:\Doctorat\datasets\LUNA 16\classification\subset6\1\1_aug\83_20.npy
1,D:\Doctorat\datasets\LUNA 16\classification\subset6\1\1_aug\83_21.npy
1,D:\Doctorat\datasets\LUNA 16\classification\subset6\1\1_aug\83_27.npy
1,D:\Doctorat\datasets\LUNA 16\classification\subset6\1\1_aug\83_29.npy
1,D:\Doctorat\datasets\LUNA 16\classification\subset6\1\1_aug\83_30.npy
1,D:\Doctorat\datasets\LUNA 16\classification\subset6\1\1_aug\83_36.npy
1,D:\Doctorat\datasets\LUNA 16\classification\subset6\1\1_aug\83_5.npy
1,D:\Doctorat\datasets\LUNA 16\classification\subset6\1\1_aug\83_7.npy
1,D:\Doctorat\datasets\LUNA 16\classification\subset6\1\1_aug\83_9.npy
1,D:\Doctorat\datasets\LUNA 16\classification\subset6\1\1_aug\84_10.npy
1,D:\Doctorat\datasets\LUNA 16\classification\subset6\1\1_aug\84_14.npy
1,D:\Doctorat\datasets\LUNA 16\classification\subset6\1\1_aug\84_15.npy
1,D:\Doctorat\datasets\LUNA 16\classification\subset6\1\1_aug\84_17.npy
1,D:\Doctorat\datasets\LUNA 16\classification\subset6\1\1_aug\84_18.npy
1,D:\Doctorat\datasets\LUNA 16\classification\subset6\1\1_aug\84_2.npy
1,D:\Doctorat\datasets\LUNA 16\classification\subset6\1\1_aug\84_22.npy
1,D:\Doctorat\datasets\LUNA 16\classification\subset6\1\1_aug\84_39.npy
1,D:\Doctorat\datasets\LUNA 16\classification\subset6\1\1_aug\84_4.npy
1,D:\Doctorat\datasets\LUNA 16\classification\subset6\1\1_aug\85_13.npy
1,D:\Doctorat\datasets\LUNA 16\classification\subset6\1\1_aug\85_15.npy
1,D:\Doctorat\datasets\LUNA 16\classification\subset6\1\1_aug\85_16.npy
1,D:\Doctorat\datasets\LUNA 16\classification\subset6\1\1_aug\85_19.npy
1,D:\Doctorat\datasets\LUNA 16\classification\subset6\1\1_aug\85_2.npy
1,D:\Doctorat\datasets\LUNA 16\classification\subset6\1\1_aug\85_25.npy
1,D:\Doctorat\datasets\LUNA 16\classification\subset6\1\1_aug\85_27.npy
1,D:\Doctorat\datasets\LUNA 16\classification\subset6\1\1_aug\85_29.npy
1,D:\Doctorat\datasets\LUNA 16\classification\subset6\1\1_aug\85_5.npy
1,D:\Doctorat\datasets\LUNA 16\classification\subset6\1\1_aug\85_6.npy
1,D:\Doctorat\datasets\LUNA 16\classification\subset6\1\1_aug\86_1.npy
1,D:\Doctorat\datasets\LUNA 16\classification\subset6\1\1_aug\86_12.npy
1,D:\Doctorat\datasets\LUNA 16\classification\subset6\1\1_aug\86_13.npy
1,D:\Doctorat\datasets\LUNA 16\classification\subset6\1\1_aug\86_16.npy
1,D:\Doctorat\datasets\LUNA 16\classification\subset6\1\1_aug\86_24.npy
1,D:\Doctorat\datasets\LUNA 16\classification\subset6\1\1_aug\86_30.npy
1,D:\Doctorat\datasets\LUNA 16\classification\subset6\1\1_aug\86_31.npy
1,D:\Doctorat\datasets\LUNA 16\classification\subset6\1\1_aug\87_10.npy
1,D:\Doctorat\datasets\LUNA 16\classification\subset6\1\1_aug\87_12.npy
1,D:\Doctorat\datasets\LUNA 16\classification\subset6\1\1_aug\87_2.npy
1,D:\Doctorat\datasets\LUNA 16\classification\subset6\1\1_aug\87_26.npy
1,D:\Doctorat\datasets\LUNA 16\classification\subset6\1\1_aug\87_27.npy
1,D:\Doctorat\datasets\LUNA 16\classification\subset6\1\1_aug\87_3.npy
1,D:\Doctorat\datasets\LUNA 16\classification\subset6\1\1_aug\87_35.npy
1,D:\Doctorat\datasets\LUNA 16\classification\subset6\1\1_aug\87_38.npy
1,D:\Doctorat\datasets\LUNA 16\classification\subset6\1\1_aug\87_8.npy
1,D:\Doctorat\datasets\LUNA 16\classification\subset6\1\1_aug\88_11.npy
1,D:\Doctorat\datasets\LUNA 16\classification\subset6\1\1_aug\88_13.npy
1,D:\Doctorat\datasets\LUNA 16\classification\subset6\1\1_aug\88_17.npy
1,D:\Doctorat\datasets\LUNA 16\classification\subset6\1\1_aug\88_31.npy
1,D:\Doctorat\datasets\LUNA 16\classification\subset6\1\1_aug\88_32.npy
1,D:\Doctorat\datasets\LUNA 16\classification\subset6\1\1_aug\88_39.npy
1,D:\Doctorat\datasets\LUNA 16\classification\subset6\1\1_aug\89_12.npy
1,D:\Doctorat\datasets\LUNA 16\classification\subset6\1\1_aug\89_14.npy
1,D:\Doctorat\datasets\LUNA 16\classification\subset6\1\1_aug\89_20.npy
1,D:\Doctorat\datasets\LUNA 16\classification\subset6\1\1_aug\89_26.npy
1,D:\Doctorat\datasets\LUNA 16\classification\subset6\1\1_aug\89_28.npy
1,D:\Doctorat\datasets\LUNA 16\classification\subset6\1\1_aug\89_32.npy
1,D:\Doctorat\datasets\LUNA 16\classification\subset6\1\1_aug\89_33.npy
1,D:\Doctorat\datasets\LUNA 16\classification\subset6\1\1_aug\89_37.npy
1,D:\Doctorat\datasets\LUNA 16\classification\subset6\1\1_aug\8_14.npy
1,D:\Doctorat\datasets\LUNA 16\classification\subset6\1\1_aug\8_17.npy
1,D:\Doctorat\datasets\LUNA 16\classification\subset6\1\1_aug\8_27.npy
1,D:\Doctorat\datasets\LUNA 16\classification\subset6\1\1_aug\8_29.npy
1,D:\Doctorat\datasets\LUNA 16\classification\subset6\1\1_aug\8_30.npy
1,D:\Doctorat\datasets\LUNA 16\classification\subset6\1\1_aug\8_39.npy
1,D:\Doctorat\datasets\LUNA 16\classification\subset6\1\1_aug\8_4.npy
1,D:\Doctorat\datasets\LUNA 16\classification\subset6\1\1_aug\8_7.npy
1,D:\Doctorat\datasets\LUNA 16\classification\subset6\1\1_aug\90_23.npy
1,D:\Doctorat\datasets\LUNA 16\classification\subset6\1\1_aug\90_29.npy
1,D:\Doctorat\datasets\LUNA 16\classification\subset6\1\1_aug\90_37.npy
1,D:\Doctorat\datasets\LUNA 16\classification\subset6\1\1_aug\90_4.npy
1,D:\Doctorat\datasets\LUNA 16\classification\subset6\1\1_aug\90_40.npy
1,D:\Doctorat\datasets\LUNA 16\classification\subset6\1\1_aug\90_9.npy
1,D:\Doctorat\datasets\LUNA 16\classification\subset6\1\1_aug\91_17.npy
1,D:\Doctorat\datasets\LUNA 16\classification\subset6\1\1_aug\91_29.npy
1,D:\Doctorat\datasets\LUNA 16\classification\subset6\1\1_aug\91_31.npy
1,D:\Doctorat\datasets\LUNA 16\classification\subset6\1\1_aug\91_38.npy
1,D:\Doctorat\datasets\LUNA 16\classification\subset6\1\1_aug\91_39.npy
1,D:\Doctorat\datasets\LUNA 16\classification\subset6\1\1_aug\92_12.npy
1,D:\Doctorat\datasets\LUNA 16\classification\subset6\1\1_aug\92_17.npy
1,D:\Doctorat\datasets\LUNA 16\classification\subset6\1\1_aug\92_2.npy
1,D:\Doctorat\datasets\LUNA 16\classification\subset6\1\1_aug\92_26.npy
1,D:\Doctorat\datasets\LUNA 16\classification\subset6\1\1_aug\92_28.npy
1,D:\Doctorat\datasets\LUNA 16\classification\subset6\1\1_aug\92_35.npy
1,D:\Doctorat\datasets\LUNA 16\classification\subset6\1\1_aug\92_36.npy
1,D:\Doctorat\datasets\LUNA 16\classification\subset6\1\1_aug\92_40.npy
1,D:\Doctorat\datasets\LUNA 16\classification\subset6\1\1_aug\93_24.npy
1,D:\Doctorat\datasets\LUNA 16\classification\subset6\1\1_aug\93_28.npy
1,D:\Doctorat\datasets\LUNA 16\classification\subset6\1\1_aug\93_38.npy
1,D:\Doctorat\datasets\LUNA 16\classification\subset6\1\1_aug\93_39.npy
1,D:\Doctorat\datasets\LUNA 16\classification\subset6\1\1_aug\93_6.npy
1,D:\Doctorat\datasets\LUNA 16\classification\subset6\1\1_aug\94_1.npy
1,D:\Doctorat\datasets\LUNA 16\classification\subset6\1\1_aug\94_11.npy
1,D:\Doctorat\datasets\LUNA 16\classification\subset6\1\1_aug\94_18.npy
1,D:\Doctorat\datasets\LUNA 16\classification\subset6\1\1_aug\94_2.npy
1,D:\Doctorat\datasets\LUNA 16\classification\subset6\1\1_aug\94_22.npy
1,D:\Doctorat\datasets\LUNA 16\classification\subset6\1\1_aug\94_26.npy
1,D:\Doctorat\datasets\LUNA 16\classification\subset6\1\1_aug\94_30.npy
1,D:\Doctorat\datasets\LUNA 16\classification\subset6\1\1_aug\94_37.npy
1,D:\Doctorat\datasets\LUNA 16\classification\subset6\1\1_aug\94_39.npy
1,D:\Doctorat\datasets\LUNA 16\classification\subset6\1\1_aug\94_8.npy
1,D:\Doctorat\datasets\LUNA 16\classification\subset6\1\1_aug\95_12.npy
1,D:\Doctorat\datasets\LUNA 16\classification\subset6\1\1_aug\95_18.npy
1,D:\Doctorat\datasets\LUNA 16\classification\subset6\1\1_aug\95_2.npy
1,D:\Doctorat\datasets\LUNA 16\classification\subset6\1\1_aug\95_25.npy
1,D:\Doctorat\datasets\LUNA 16\classification\subset6\1\1_aug\95_30.npy
1,D:\Doctorat\datasets\LUNA 16\classification\subset6\1\1_aug\95_34.npy
1,D:\Doctorat\datasets\LUNA 16\classification\subset6\1\1_aug\95_38.npy
1,D:\Doctorat\datasets\LUNA 16\classification\subset6\1\1_aug\96_10.npy
1,D:\Doctorat\datasets\LUNA 16\classification\subset6\1\1_aug\96_18.npy
1,D:\Doctorat\datasets\LUNA 16\classification\subset6\1\1_aug\96_27.npy
1,D:\Doctorat\datasets\LUNA 16\classification\subset6\1\1_aug\96_33.npy
1,D:\Doctorat\datasets\LUNA 16\classification\subset6\1\1_aug\96_5.npy
1,D:\Doctorat\datasets\LUNA 16\classification\subset6\1\1_aug\96_7.npy
1,D:\Doctorat\datasets\LUNA 16\classification\subset6\1\1_aug\96_9.npy
1,D:\Doctorat\datasets\LUNA 16\classification\subset6\1\1_aug\97_13.npy
1,D:\Doctorat\datasets\LUNA 16\classification\subset6\1\1_aug\97_14.npy
1,D:\Doctorat\datasets\LUNA 16\classification\subset6\1\1_aug\97_16.npy
1,D:\Doctorat\datasets\LUNA 16\classification\subset6\1\1_aug\97_20.npy
1,D:\Doctorat\datasets\LUNA 16\classification\subset6\1\1_aug\97_24.npy
1,D:\Doctorat\datasets\LUNA 16\classification\subset6\1\1_aug\97_26.npy
1,D:\Doctorat\datasets\LUNA 16\classification\subset6\1\1_aug\97_35.npy
1,D:\Doctorat\datasets\LUNA 16\classification\subset6\1\1_aug\98_13.npy
1,D:\Doctorat\datasets\LUNA 16\classification\subset6\1\1_aug\98_2.npy
1,D:\Doctorat\datasets\LUNA 16\classification\subset6\1\1_aug\98_23.npy
1,D:\Doctorat\datasets\LUNA 16\classification\subset6\1\1_aug\98_30.npy
1,D:\Doctorat\datasets\LUNA 16\classification\subset6\1\1_aug\98_31.npy
1,D:\Doctorat\datasets\LUNA 16\classification\subset6\1\1_aug\98_33.npy
1,D:\Doctorat\datasets\LUNA 16\classification\subset6\1\1_aug\98_38.npy
1,D:\Doctorat\datasets\LUNA 16\classification\subset6\1\1_aug\98_6.npy
1,D:\Doctorat\datasets\LUNA 16\classification\subset6\1\1_aug\99_10.npy
1,D:\Doctorat\datasets\LUNA 16\classification\subset6\1\1_aug\99_15.npy
1,D:\Doctorat\datasets\LUNA 16\classification\subset6\1\1_aug\99_17.npy
1,D:\Doctorat\datasets\LUNA 16\classification\subset6\1\1_aug\99_25.npy
1,D:\Doctorat\datasets\LUNA 16\classification\subset6\1\1_aug\99_3.npy
1,D:\Doctorat\datasets\LUNA 16\classification\subset6\1\1_aug\99_32.npy
1,D:\Doctorat\datasets\LUNA 16\classification\subset6\1\1_aug\99_35.npy
1,D:\Doctorat\datasets\LUNA 16\classification\subset6\1\1_aug\99_38.npy
1,D:\Doctorat\datasets\LUNA 16\classification\subset6\1\1_aug\99_6.npy
1,D:\Doctorat\datasets\LUNA 16\classification\subset6\1\1_aug\99_7.npy
1,D:\Doctorat\datasets\LUNA 16\classification\subset6\1\1_aug\99_8.npy
1,D:\Doctorat\datasets\LUNA 16\classification\subset6\1\1_aug\9_1.npy
1,D:\Doctorat\datasets\LUNA 16\classification\subset6\1\1_aug\9_11.npy
1,D:\Doctorat\datasets\LUNA 16\classification\subset6\1\1_aug\9_17.npy
1,D:\Doctorat\datasets\LUNA 16\classification\subset6\1\1_aug\9_18.npy
1,D:\Doctorat\datasets\LUNA 16\classification\subset6\1\1_aug\9_23.npy
1,D:\Doctorat\datasets\LUNA 16\classification\subset6\1\1_aug\9_25.npy
1,D:\Doctorat\datasets\LUNA 16\classification\subset6\1\1_aug\9_28.npy
1,D:\Doctorat\datasets\LUNA 16\classification\subset6\1\1_aug\9_3.npy
1,D:\Doctorat\datasets\LUNA 16\classification\subset6\1\1_aug\9_38.npy
1,D:\Doctorat\datasets\LUNA 16\classification\subset6\1\1_aug\9_39.npy
1,D:\Doctorat\datasets\LUNA 16\classification\subset6\1\1_aug\9_40.npy
1,D:\Doctorat\datasets\LUNA 16\classification\subset6\1\1_aug\9_6.npy
1,D:\Doctorat\datasets\LUNA 16\classification\subset6\1\1_aug\9_8.npy
1,D:\Doctorat\datasets\LUNA 16\classification\subset6\1\1_aug\9_9.npy
1,D:\Doctorat\datasets\LUNA 16\classification\subset7\1\1_aug\0_13.npy
1,D:\Doctorat\datasets\LUNA 16\classification\subset7\1\1_aug\0_23.npy
1,D:\Doctorat\datasets\LUNA 16\classification\subset7\1\1_aug\0_26.npy
1,D:\Doctorat\datasets\LUNA 16\classification\subset7\1\1_aug\0_29.npy
1,D:\Doctorat\datasets\LUNA 16\classification\subset7\1\1_aug\0_32.npy
1,D:\Doctorat\datasets\LUNA 16\classification\subset7\1\1_aug\0_33.npy
1,D:\Doctorat\datasets\LUNA 16\classification\subset7\1\1_aug\0_34.npy
1,D:\Doctorat\datasets\LUNA 16\classification\subset7\1\1_aug\0_37.npy
1,D:\Doctorat\datasets\LUNA 16\classification\subset7\1\1_aug\0_4.npy
1,D:\Doctorat\datasets\LUNA 16\classification\subset7\1\1_aug\0_9.npy
1,D:\Doctorat\datasets\LUNA 16\classification\subset7\1\1_aug\100_14.npy
1,D:\Doctorat\datasets\LUNA 16\classification\subset7\1\1_aug\100_21.npy
1,D:\Doctorat\datasets\LUNA 16\classification\subset7\1\1_aug\100_29.npy
1,D:\Doctorat\datasets\LUNA 16\classification\subset7\1\1_aug\100_32.npy
1,D:\Doctorat\datasets\LUNA 16\classification\subset7\1\1_aug\100_36.npy
1,D:\Doctorat\datasets\LUNA 16\classification\subset7\1\1_aug\100_39.npy
1,D:\Doctorat\datasets\LUNA 16\classification\subset7\1\1_aug\100_6.npy
1,D:\Doctorat\datasets\LUNA 16\classification\subset7\1\1_aug\101_12.npy
1,D:\Doctorat\datasets\LUNA 16\classification\subset7\1\1_aug\101_18.npy
1,D:\Doctorat\datasets\LUNA 16\classification\subset7\1\1_aug\101_20.npy
1,D:\Doctorat\datasets\LUNA 16\classification\subset7\1\1_aug\101_24.npy
1,D:\Doctorat\datasets\LUNA 16\classification\subset7\1\1_aug\101_26.npy
1,D:\Doctorat\datasets\LUNA 16\classification\subset7\1\1_aug\101_31.npy
1,D:\Doctorat\datasets\LUNA 16\classification\subset7\1\1_aug\101_6.npy
1,D:\Doctorat\datasets\LUNA 16\classification\subset7\1\1_aug\101_7.npy
1,D:\Doctorat\datasets\LUNA 16\classification\subset7\1\1_aug\101_8.npy
1,D:\Doctorat\datasets\LUNA 16\classification\subset7\1\1_aug\101_9.npy
1,D:\Doctorat\datasets\LUNA 16\classification\subset7\1\1_aug\102_12.npy
1,D:\Doctorat\datasets\LUNA 16\classification\subset7\1\1_aug\102_18.npy
1,D:\Doctorat\datasets\LUNA 16\classification\subset7\1\1_aug\102_20.npy
1,D:\Doctorat\datasets\LUNA 16\classification\subset7\1\1_aug\102_26.npy
1,D:\Doctorat\datasets\LUNA 16\classification\subset7\1\1_aug\102_29.npy
1,D:\Doctorat\datasets\LUNA 16\classification\subset7\1\1_aug\102_35.npy
1,D:\Doctorat\datasets\LUNA 16\classification\subset7\1\1_aug\102_39.npy
1,D:\Doctorat\datasets\LUNA 16\classification\subset7\1\1_aug\102_40.npy
1,D:\Doctorat\datasets\LUNA 16\classification\subset7\1\1_aug\103_2.npy
1,D:\Doctorat\datasets\LUNA 16\classification\subset7\1\1_aug\103_3.npy
1,D:\Doctorat\datasets\LUNA 16\classification\subset7\1\1_aug\103_30.npy
1,D:\Doctorat\datasets\LUNA 16\classification\subset7\1\1_aug\103_33.npy
1,D:\Doctorat\datasets\LUNA 16\classification\subset7\1\1_aug\103_8.npy
1,D:\Doctorat\datasets\LUNA 16\classification\subset7\1\1_aug\104_15.npy
1,D:\Doctorat\datasets\LUNA 16\classification\subset7\1\1_aug\104_20.npy
1,D:\Doctorat\datasets\LUNA 16\classification\subset7\1\1_aug\104_23.npy
1,D:\Doctorat\datasets\LUNA 16\classification\subset7\1\1_aug\104_27.npy
1,D:\Doctorat\datasets\LUNA 16\classification\subset7\1\1_aug\104_35.npy
1,D:\Doctorat\datasets\LUNA 16\classification\subset7\1\1_aug\104_36.npy
1,D:\Doctorat\datasets\LUNA 16\classification\subset7\1\1_aug\104_7.npy
1,D:\Doctorat\datasets\LUNA 16\classification\subset7\1\1_aug\105_13.npy
1,D:\Doctorat\datasets\LUNA 16\classification\subset7\1\1_aug\105_15.npy
1,D:\Doctorat\datasets\LUNA 16\classification\subset7\1\1_aug\105_17.npy
1,D:\Doctorat\datasets\LUNA 16\classification\subset7\1\1_aug\105_28.npy
1,D:\Doctorat\datasets\LUNA 16\classification\subset7\1\1_aug\105_3.npy
1,D:\Doctorat\datasets\LUNA 16\classification\subset7\1\1_aug\105_31.npy
1,D:\Doctorat\datasets\LUNA 16\classification\subset7\1\1_aug\105_33.npy
1,D:\Doctorat\datasets\LUNA 16\classification\subset7\1\1_aug\105_38.npy
1,D:\Doctorat\datasets\LUNA 16\classification\subset7\1\1_aug\105_8.npy
1,D:\Doctorat\datasets\LUNA 16\classification\subset7\1\1_aug\106_10.npy
1,D:\Doctorat\datasets\LUNA 16\classification\subset7\1\1_aug\106_11.npy
1,D:\Doctorat\datasets\LUNA 16\classification\subset7\1\1_aug\106_22.npy
1,D:\Doctorat\datasets\LUNA 16\classification\subset7\1\1_aug\106_34.npy
1,D:\Doctorat\datasets\LUNA 16\classification\subset7\1\1_aug\106_5.npy
1,D:\Doctorat\datasets\LUNA 16\classification\subset7\1\1_aug\106_8.npy
1,D:\Doctorat\datasets\LUNA 16\classification\subset7\1\1_aug\107_10.npy
1,D:\Doctorat\datasets\LUNA 16\classification\subset7\1\1_aug\107_11.npy
1,D:\Doctorat\datasets\LUNA 16\classification\subset7\1\1_aug\107_13.npy
1,D:\Doctorat\datasets\LUNA 16\classification\subset7\1\1_aug\107_23.npy
1,D:\Doctorat\datasets\LUNA 16\classification\subset7\1\1_aug\107_28.npy
1,D:\Doctorat\datasets\LUNA 16\classification\subset7\1\1_aug\107_3.npy
1,D:\Doctorat\datasets\LUNA 16\classification\subset7\1\1_aug\107_9.npy
1,D:\Doctorat\datasets\LUNA 16\classification\subset7\1\1_aug\108_11.npy
1,D:\Doctorat\datasets\LUNA 16\classification\subset7\1\1_aug\108_22.npy
1,D:\Doctorat\datasets\LUNA 16\classification\subset7\1\1_aug\108_25.npy
1,D:\Doctorat\datasets\LUNA 16\classification\subset7\1\1_aug\108_27.npy
1,D:\Doctorat\datasets\LUNA 16\classification\subset7\1\1_aug\108_3.npy
1,D:\Doctorat\datasets\LUNA 16\classification\subset7\1\1_aug\108_31.npy
1,D:\Doctorat\datasets\LUNA 16\classification\subset7\1\1_aug\108_33.npy
1,D:\Doctorat\datasets\LUNA 16\classification\subset7\1\1_aug\108_34.npy
1,D:\Doctorat\datasets\LUNA 16\classification\subset7\1\1_aug\108_40.npy
1,D:\Doctorat\datasets\LUNA 16\classification\subset7\1\1_aug\108_7.npy
1,D:\Doctorat\datasets\LUNA 16\classification\subset7\1\1_aug\109_1.npy
1,D:\Doctorat\datasets\LUNA 16\classification\subset7\1\1_aug\109_10.npy
1,D:\Doctorat\datasets\LUNA 16\classification\subset7\1\1_aug\109_12.npy
1,D:\Doctorat\datasets\LUNA 16\classification\subset7\1\1_aug\109_18.npy
1,D:\Doctorat\datasets\LUNA 16\classification\subset7\1\1_aug\109_20.npy
1,D:\Doctorat\datasets\LUNA 16\classification\subset7\1\1_aug\109_23.npy
1,D:\Doctorat\datasets\LUNA 16\classification\subset7\1\1_aug\109_25.npy
1,D:\Doctorat\datasets\LUNA 16\classification\subset7\1\1_aug\109_27.npy
1,D:\Doctorat\datasets\LUNA 16\classification\subset7\1\1_aug\109_28.npy
1,D:\Doctorat\datasets\LUNA 16\classification\subset7\1\1_aug\109_29.npy
1,D:\Doctorat\datasets\LUNA 16\classification\subset7\1\1_aug\109_32.npy
1,D:\Doctorat\datasets\LUNA 16\classification\subset7\1\1_aug\109_37.npy
1,D:\Doctorat\datasets\LUNA 16\classification\subset7\1\1_aug\109_38.npy
1,D:\Doctorat\datasets\LUNA 16\classification\subset7\1\1_aug\109_39.npy
1,D:\Doctorat\datasets\LUNA 16\classification\subset7\1\1_aug\10_11.npy
1,D:\Doctorat\datasets\LUNA 16\classification\subset7\1\1_aug\10_12.npy
1,D:\Doctorat\datasets\LUNA 16\classification\subset7\1\1_aug\10_23.npy
1,D:\Doctorat\datasets\LUNA 16\classification\subset7\1\1_aug\10_27.npy
1,D:\Doctorat\datasets\LUNA 16\classification\subset7\1\1_aug\10_3.npy
1,D:\Doctorat\datasets\LUNA 16\classification\subset7\1\1_aug\10_33.npy
1,D:\Doctorat\datasets\LUNA 16\classification\subset7\1\1_aug\10_35.npy
1,D:\Doctorat\datasets\LUNA 16\classification\subset7\1\1_aug\110_1.npy
1,D:\Doctorat\datasets\LUNA 16\classification\subset7\1\1_aug\110_13.npy
1,D:\Doctorat\datasets\LUNA 16\classification\subset7\1\1_aug\110_15.npy
1,D:\Doctorat\datasets\LUNA 16\classification\subset7\1\1_aug\110_19.npy
1,D:\Doctorat\datasets\LUNA 16\classification\subset7\1\1_aug\110_20.npy
1,D:\Doctorat\datasets\LUNA 16\classification\subset7\1\1_aug\110_26.npy
1,D:\Doctorat\datasets\LUNA 16\classification\subset7\1\1_aug\110_34.npy
1,D:\Doctorat\datasets\LUNA 16\classification\subset7\1\1_aug\110_37.npy
1,D:\Doctorat\datasets\LUNA 16\classification\subset7\1\1_aug\110_8.npy
1,D:\Doctorat\datasets\LUNA 16\classification\subset7\1\1_aug\111_21.npy
1,D:\Doctorat\datasets\LUNA 16\classification\subset7\1\1_aug\111_29.npy
1,D:\Doctorat\datasets\LUNA 16\classification\subset7\1\1_aug\111_36.npy
1,D:\Doctorat\datasets\LUNA 16\classification\subset7\1\1_aug\111_40.npy
1,D:\Doctorat\datasets\LUNA 16\classification\subset7\1\1_aug\112_11.npy
1,D:\Doctorat\datasets\LUNA 16\classification\subset7\1\1_aug\112_17.npy
1,D:\Doctorat\datasets\LUNA 16\classification\subset7\1\1_aug\112_33.npy
1,D:\Doctorat\datasets\LUNA 16\classification\subset7\1\1_aug\112_40.npy
1,D:\Doctorat\datasets\LUNA 16\classification\subset7\1\1_aug\113_14.npy
1,D:\Doctorat\datasets\LUNA 16\classification\subset7\1\1_aug\113_30.npy
1,D:\Doctorat\datasets\LUNA 16\classification\subset7\1\1_aug\113_38.npy
1,D:\Doctorat\datasets\LUNA 16\classification\subset7\1\1_aug\114_14.npy
1,D:\Doctorat\datasets\LUNA 16\classification\subset7\1\1_aug\114_15.npy
1,D:\Doctorat\datasets\LUNA 16\classification\subset7\1\1_aug\114_27.npy
1,D:\Doctorat\datasets\LUNA 16\classification\subset7\1\1_aug\114_30.npy
1,D:\Doctorat\datasets\LUNA 16\classification\subset7\1\1_aug\114_31.npy
1,D:\Doctorat\datasets\LUNA 16\classification\subset7\1\1_aug\114_39.npy
1,D:\Doctorat\datasets\LUNA 16\classification\subset7\1\1_aug\115_10.npy
1,D:\Doctorat\datasets\LUNA 16\classification\subset7\1\1_aug\115_14.npy
1,D:\Doctorat\datasets\LUNA 16\classification\subset7\1\1_aug\115_23.npy
1,D:\Doctorat\datasets\LUNA 16\classification\subset7\1\1_aug\115_35.npy
1,D:\Doctorat\datasets\LUNA 16\classification\subset7\1\1_aug\115_38.npy
1,D:\Doctorat\datasets\LUNA 16\classification\subset7\1\1_aug\115_6.npy
1,D:\Doctorat\datasets\LUNA 16\classification\subset7\1\1_aug\115_8.npy
1,D:\Doctorat\datasets\LUNA 16\classification\subset7\1\1_aug\116_11.npy
1,D:\Doctorat\datasets\LUNA 16\classification\subset7\1\1_aug\116_26.npy
1,D:\Doctorat\datasets\LUNA 16\classification\subset7\1\1_aug\116_29.npy
1,D:\Doctorat\datasets\LUNA 16\classification\subset7\1\1_aug\116_36.npy
1,D:\Doctorat\datasets\LUNA 16\classification\subset7\1\1_aug\116_6.npy
1,D:\Doctorat\datasets\LUNA 16\classification\subset7\1\1_aug\117_11.npy
1,D:\Doctorat\datasets\LUNA 16\classification\subset7\1\1_aug\117_16.npy
1,D:\Doctorat\datasets\LUNA 16\classification\subset7\1\1_aug\117_17.npy
1,D:\Doctorat\datasets\LUNA 16\classification\subset7\1\1_aug\117_20.npy
1,D:\Doctorat\datasets\LUNA 16\classification\subset7\1\1_aug\117_22.npy
1,D:\Doctorat\datasets\LUNA 16\classification\subset7\1\1_aug\117_28.npy
1,D:\Doctorat\datasets\LUNA 16\classification\subset7\1\1_aug\117_37.npy
1,D:\Doctorat\datasets\LUNA 16\classification\subset7\1\1_aug\118_12.npy
1,D:\Doctorat\datasets\LUNA 16\classification\subset7\1\1_aug\118_14.npy
1,D:\Doctorat\datasets\LUNA 16\classification\subset7\1\1_aug\118_16.npy
1,D:\Doctorat\datasets\LUNA 16\classification\subset7\1\1_aug\118_18.npy
1,D:\Doctorat\datasets\LUNA 16\classification\subset7\1\1_aug\118_19.npy
1,D:\Doctorat\datasets\LUNA 16\classification\subset7\1\1_aug\118_31.npy
1,D:\Doctorat\datasets\LUNA 16\classification\subset7\1\1_aug\118_8.npy
1,D:\Doctorat\datasets\LUNA 16\classification\subset7\1\1_aug\118_9.npy
1,D:\Doctorat\datasets\LUNA 16\classification\subset7\1\1_aug\119_12.npy
1,D:\Doctorat\datasets\LUNA 16\classification\subset7\1\1_aug\119_19.npy
1,D:\Doctorat\datasets\LUNA 16\classification\subset7\1\1_aug\119_23.npy
1,D:\Doctorat\datasets\LUNA 16\classification\subset7\1\1_aug\119_4.npy
1,D:\Doctorat\datasets\LUNA 16\classification\subset7\1\1_aug\119_40.npy
1,D:\Doctorat\datasets\LUNA 16\classification\subset7\1\1_aug\119_5.npy
1,D:\Doctorat\datasets\LUNA 16\classification\subset7\1\1_aug\119_6.npy
1,D:\Doctorat\datasets\LUNA 16\classification\subset7\1\1_aug\11_12.npy
1,D:\Doctorat\datasets\LUNA 16\classification\subset7\1\1_aug\11_22.npy
1,D:\Doctorat\datasets\LUNA 16\classification\subset7\1\1_aug\11_24.npy
1,D:\Doctorat\datasets\LUNA 16\classification\subset7\1\1_aug\11_3.npy
1,D:\Doctorat\datasets\LUNA 16\classification\subset7\1\1_aug\11_36.npy
1,D:\Doctorat\datasets\LUNA 16\classification\subset7\1\1_aug\11_6.npy
1,D:\Doctorat\datasets\LUNA 16\classification\subset7\1\1_aug\11_7.npy
1,D:\Doctorat\datasets\LUNA 16\classification\subset7\1\1_aug\12_1.npy
1,D:\Doctorat\datasets\LUNA 16\classification\subset7\1\1_aug\12_12.npy
1,D:\Doctorat\datasets\LUNA 16\classification\subset7\1\1_aug\12_14.npy
1,D:\Doctorat\datasets\LUNA 16\classification\subset7\1\1_aug\12_16.npy
1,D:\Doctorat\datasets\LUNA 16\classification\subset7\1\1_aug\12_19.npy
1,D:\Doctorat\datasets\LUNA 16\classification\subset7\1\1_aug\12_2.npy
1,D:\Doctorat\datasets\LUNA 16\classification\subset7\1\1_aug\12_26.npy
1,D:\Doctorat\datasets\LUNA 16\classification\subset7\1\1_aug\12_36.npy
1,D:\Doctorat\datasets\LUNA 16\classification\subset7\1\1_aug\12_5.npy
1,D:\Doctorat\datasets\LUNA 16\classification\subset7\1\1_aug\13_12.npy
1,D:\Doctorat\datasets\LUNA 16\classification\subset7\1\1_aug\13_28.npy
1,D:\Doctorat\datasets\LUNA 16\classification\subset7\1\1_aug\13_3.npy
1,D:\Doctorat\datasets\LUNA 16\classification\subset7\1\1_aug\13_34.npy
1,D:\Doctorat\datasets\LUNA 16\classification\subset7\1\1_aug\14_14.npy
1,D:\Doctorat\datasets\LUNA 16\classification\subset7\1\1_aug\14_18.npy
1,D:\Doctorat\datasets\LUNA 16\classification\subset7\1\1_aug\14_3.npy
1,D:\Doctorat\datasets\LUNA 16\classification\subset7\1\1_aug\14_34.npy
1,D:\Doctorat\datasets\LUNA 16\classification\subset7\1\1_aug\14_5.npy
1,D:\Doctorat\datasets\LUNA 16\classification\subset7\1\1_aug\14_7.npy
1,D:\Doctorat\datasets\LUNA 16\classification\subset7\1\1_aug\15_14.npy
1,D:\Doctorat\datasets\LUNA 16\classification\subset7\1\1_aug\15_18.npy
1,D:\Doctorat\datasets\LUNA 16\classification\subset7\1\1_aug\15_22.npy
1,D:\Doctorat\datasets\LUNA 16\classification\subset7\1\1_aug\15_23.npy
1,D:\Doctorat\datasets\LUNA 16\classification\subset7\1\1_aug\15_27.npy
1,D:\Doctorat\datasets\LUNA 16\classification\subset7\1\1_aug\15_3.npy
1,D:\Doctorat\datasets\LUNA 16\classification\subset7\1\1_aug\15_36.npy
1,D:\Doctorat\datasets\LUNA 16\classification\subset7\1\1_aug\16_12.npy
1,D:\Doctorat\datasets\LUNA 16\classification\subset7\1\1_aug\16_15.npy
1,D:\Doctorat\datasets\LUNA 16\classification\subset7\1\1_aug\16_2.npy
1,D:\Doctorat\datasets\LUNA 16\classification\subset7\1\1_aug\16_24.npy
1,D:\Doctorat\datasets\LUNA 16\classification\subset7\1\1_aug\16_27.npy
1,D:\Doctorat\datasets\LUNA 16\classification\subset7\1\1_aug\16_38.npy
1,D:\Doctorat\datasets\LUNA 16\classification\subset7\1\1_aug\16_9.npy
1,D:\Doctorat\datasets\LUNA 16\classification\subset7\1\1_aug\17_14.npy
1,D:\Doctorat\datasets\LUNA 16\classification\subset7\1\1_aug\17_3.npy
1,D:\Doctorat\datasets\LUNA 16\classification\subset7\1\1_aug\17_32.npy
1,D:\Doctorat\datasets\LUNA 16\classification\subset7\1\1_aug\17_33.npy
1,D:\Doctorat\datasets\LUNA 16\classification\subset7\1\1_aug\17_39.npy
1,D:\Doctorat\datasets\LUNA 16\classification\subset7\1\1_aug\18_11.npy
1,D:\Doctorat\datasets\LUNA 16\classification\subset7\1\1_aug\18_13.npy
1,D:\Doctorat\datasets\LUNA 16\classification\subset7\1\1_aug\18_20.npy
1,D:\Doctorat\datasets\LUNA 16\classification\subset7\1\1_aug\18_21.npy
1,D:\Doctorat\datasets\LUNA 16\classification\subset7\1\1_aug\18_23.npy
1,D:\Doctorat\datasets\LUNA 16\classification\subset7\1\1_aug\18_25.npy
1,D:\Doctorat\datasets\LUNA 16\classification\subset7\1\1_aug\18_29.npy
1,D:\Doctorat\datasets\LUNA 16\classification\subset7\1\1_aug\18_3.npy
1,D:\Doctorat\datasets\LUNA 16\classification\subset7\1\1_aug\18_30.npy
1,D:\Doctorat\datasets\LUNA 16\classification\subset7\1\1_aug\18_32.npy
1,D:\Doctorat\datasets\LUNA 16\classification\subset7\1\1_aug\18_35.npy
1,D:\Doctorat\datasets\LUNA 16\classification\subset7\1\1_aug\18_4.npy
1,D:\Doctorat\datasets\LUNA 16\classification\subset7\1\1_aug\18_7.npy
1,D:\Doctorat\datasets\LUNA 16\classification\subset7\1\1_aug\19_14.npy
1,D:\Doctorat\datasets\LUNA 16\classification\subset7\1\1_aug\19_18.npy
1,D:\Doctorat\datasets\LUNA 16\classification\subset7\1\1_aug\19_22.npy
1,D:\Doctorat\datasets\LUNA 16\classification\subset7\1\1_aug\19_26.npy
1,D:\Doctorat\datasets\LUNA 16\classification\subset7\1\1_aug\19_3.npy
1,D:\Doctorat\datasets\LUNA 16\classification\subset7\1\1_aug\19_31.npy
1,D:\Doctorat\datasets\LUNA 16\classification\subset7\1\1_aug\19_34.npy
1,D:\Doctorat\datasets\LUNA 16\classification\subset7\1\1_aug\19_35.npy
1,D:\Doctorat\datasets\LUNA 16\classification\subset7\1\1_aug\1_14.npy
1,D:\Doctorat\datasets\LUNA 16\classification\subset7\1\1_aug\1_21.npy
1,D:\Doctorat\datasets\LUNA 16\classification\subset7\1\1_aug\1_23.npy
1,D:\Doctorat\datasets\LUNA 16\classification\subset7\1\1_aug\1_27.npy
1,D:\Doctorat\datasets\LUNA 16\classification\subset7\1\1_aug\1_30.npy
1,D:\Doctorat\datasets\LUNA 16\classification\subset7\1\1_aug\1_31.npy
1,D:\Doctorat\datasets\LUNA 16\classification\subset7\1\1_aug\1_39.npy
1,D:\Doctorat\datasets\LUNA 16\classification\subset7\1\1_aug\1_5.npy
1,D:\Doctorat\datasets\LUNA 16\classification\subset7\1\1_aug\1_7.npy
1,D:\Doctorat\datasets\LUNA 16\classification\subset7\1\1_aug\20_18.npy
1,D:\Doctorat\datasets\LUNA 16\classification\subset7\1\1_aug\20_2.npy
1,D:\Doctorat\datasets\LUNA 16\classification\subset7\1\1_aug\20_20.npy
1,D:\Doctorat\datasets\LUNA 16\classification\subset7\1\1_aug\20_27.npy
1,D:\Doctorat\datasets\LUNA 16\classification\subset7\1\1_aug\20_31.npy
1,D:\Doctorat\datasets\LUNA 16\classification\subset7\1\1_aug\20_38.npy
1,D:\Doctorat\datasets\LUNA 16\classification\subset7\1\1_aug\20_39.npy
1,D:\Doctorat\datasets\LUNA 16\classification\subset7\1\1_aug\20_4.npy
1,D:\Doctorat\datasets\LUNA 16\classification\subset7\1\1_aug\20_7.npy
1,D:\Doctorat\datasets\LUNA 16\classification\subset7\1\1_aug\21_11.npy
1,D:\Doctorat\datasets\LUNA 16\classification\subset7\1\1_aug\21_22.npy
1,D:\Doctorat\datasets\LUNA 16\classification\subset7\1\1_aug\21_3.npy
1,D:\Doctorat\datasets\LUNA 16\classification\subset7\1\1_aug\21_32.npy
1,D:\Doctorat\datasets\LUNA 16\classification\subset7\1\1_aug\21_33.npy
1,D:\Doctorat\datasets\LUNA 16\classification\subset7\1\1_aug\21_36.npy
1,D:\Doctorat\datasets\LUNA 16\classification\subset7\1\1_aug\22_18.npy
1,D:\Doctorat\datasets\LUNA 16\classification\subset7\1\1_aug\22_2.npy
1,D:\Doctorat\datasets\LUNA 16\classification\subset7\1\1_aug\22_20.npy
1,D:\Doctorat\datasets\LUNA 16\classification\subset7\1\1_aug\22_23.npy
1,D:\Doctorat\datasets\LUNA 16\classification\subset7\1\1_aug\22_27.npy
1,D:\Doctorat\datasets\LUNA 16\classification\subset7\1\1_aug\22_29.npy
1,D:\Doctorat\datasets\LUNA 16\classification\subset7\1\1_aug\22_32.npy
1,D:\Doctorat\datasets\LUNA 16\classification\subset7\1\1_aug\22_33.npy
1,D:\Doctorat\datasets\LUNA 16\classification\subset7\1\1_aug\22_36.npy
1,D:\Doctorat\datasets\LUNA 16\classification\subset7\1\1_aug\22_40.npy
1,D:\Doctorat\datasets\LUNA 16\classification\subset7\1\1_aug\22_8.npy
1,D:\Doctorat\datasets\LUNA 16\classification\subset7\1\1_aug\23_11.npy
1,D:\Doctorat\datasets\LUNA 16\classification\subset7\1\1_aug\23_13.npy
1,D:\Doctorat\datasets\LUNA 16\classification\subset7\1\1_aug\23_18.npy
1,D:\Doctorat\datasets\LUNA 16\classification\subset7\1\1_aug\23_21.npy
1,D:\Doctorat\datasets\LUNA 16\classification\subset7\1\1_aug\23_24.npy
1,D:\Doctorat\datasets\LUNA 16\classification\subset7\1\1_aug\23_30.npy
1,D:\Doctorat\datasets\LUNA 16\classification\subset7\1\1_aug\23_4.npy
1,D:\Doctorat\datasets\LUNA 16\classification\subset7\1\1_aug\23_6.npy
1,D:\Doctorat\datasets\LUNA 16\classification\subset7\1\1_aug\23_7.npy
1,D:\Doctorat\datasets\LUNA 16\classification\subset7\1\1_aug\24_13.npy
1,D:\Doctorat\datasets\LUNA 16\classification\subset7\1\1_aug\24_16.npy
1,D:\Doctorat\datasets\LUNA 16\classification\subset7\1\1_aug\24_2.npy
1,D:\Doctorat\datasets\LUNA 16\classification\subset7\1\1_aug\24_20.npy
1,D:\Doctorat\datasets\LUNA 16\classification\subset7\1\1_aug\24_22.npy
1,D:\Doctorat\datasets\LUNA 16\classification\subset7\1\1_aug\24_28.npy
1,D:\Doctorat\datasets\LUNA 16\classification\subset7\1\1_aug\24_37.npy
1,D:\Doctorat\datasets\LUNA 16\classification\subset7\1\1_aug\24_7.npy
1,D:\Doctorat\datasets\LUNA 16\classification\subset7\1\1_aug\25_10.npy
1,D:\Doctorat\datasets\LUNA 16\classification\subset7\1\1_aug\25_11.npy
1,D:\Doctorat\datasets\LUNA 16\classification\subset7\1\1_aug\25_29.npy
1,D:\Doctorat\datasets\LUNA 16\classification\subset7\1\1_aug\25_31.npy
1,D:\Doctorat\datasets\LUNA 16\classification\subset7\1\1_aug\25_36.npy
1,D:\Doctorat\datasets\LUNA 16\classification\subset7\1\1_aug\25_38.npy
1,D:\Doctorat\datasets\LUNA 16\classification\subset7\1\1_aug\25_7.npy
1,D:\Doctorat\datasets\LUNA 16\classification\subset7\1\1_aug\26_13.npy
1,D:\Doctorat\datasets\LUNA 16\classification\subset7\1\1_aug\26_26.npy
1,D:\Doctorat\datasets\LUNA 16\classification\subset7\1\1_aug\26_29.npy
1,D:\Doctorat\datasets\LUNA 16\classification\subset7\1\1_aug\26_30.npy
1,D:\Doctorat\datasets\LUNA 16\classification\subset7\1\1_aug\26_33.npy
1,D:\Doctorat\datasets\LUNA 16\classification\subset7\1\1_aug\26_40.npy
1,D:\Doctorat\datasets\LUNA 16\classification\subset7\1\1_aug\26_5.npy
1,D:\Doctorat\datasets\LUNA 16\classification\subset7\1\1_aug\27_10.npy
1,D:\Doctorat\datasets\LUNA 16\classification\subset7\1\1_aug\27_11.npy
1,D:\Doctorat\datasets\LUNA 16\classification\subset7\1\1_aug\27_13.npy
1,D:\Doctorat\datasets\LUNA 16\classification\subset7\1\1_aug\27_28.npy
1,D:\Doctorat\datasets\LUNA 16\classification\subset7\1\1_aug\27_31.npy
1,D:\Doctorat\datasets\LUNA 16\classification\subset7\1\1_aug\27_36.npy
1,D:\Doctorat\datasets\LUNA 16\classification\subset7\1\1_aug\27_37.npy
1,D:\Doctorat\datasets\LUNA 16\classification\subset7\1\1_aug\27_38.npy
1,D:\Doctorat\datasets\LUNA 16\classification\subset7\1\1_aug\27_39.npy
1,D:\Doctorat\datasets\LUNA 16\classification\subset7\1\1_aug\27_6.npy
1,D:\Doctorat\datasets\LUNA 16\classification\subset7\1\1_aug\28_10.npy
1,D:\Doctorat\datasets\LUNA 16\classification\subset7\1\1_aug\28_16.npy
1,D:\Doctorat\datasets\LUNA 16\classification\subset7\1\1_aug\28_23.npy
1,D:\Doctorat\datasets\LUNA 16\classification\subset7\1\1_aug\28_34.npy
1,D:\Doctorat\datasets\LUNA 16\classification\subset7\1\1_aug\28_4.npy
1,D:\Doctorat\datasets\LUNA 16\classification\subset7\1\1_aug\28_7.npy
1,D:\Doctorat\datasets\LUNA 16\classification\subset7\1\1_aug\29_12.npy
1,D:\Doctorat\datasets\LUNA 16\classification\subset7\1\1_aug\29_13.npy
1,D:\Doctorat\datasets\LUNA 16\classification\subset7\1\1_aug\29_19.npy
1,D:\Doctorat\datasets\LUNA 16\classification\subset7\1\1_aug\29_22.npy
1,D:\Doctorat\datasets\LUNA 16\classification\subset7\1\1_aug\29_27.npy
1,D:\Doctorat\datasets\LUNA 16\classification\subset7\1\1_aug\29_34.npy
1,D:\Doctorat\datasets\LUNA 16\classification\subset7\1\1_aug\29_36.npy
1,D:\Doctorat\datasets\LUNA 16\classification\subset7\1\1_aug\29_37.npy
1,D:\Doctorat\datasets\LUNA 16\classification\subset7\1\1_aug\29_38.npy
1,D:\Doctorat\datasets\LUNA 16\classification\subset7\1\1_aug\29_39.npy
1,D:\Doctorat\datasets\LUNA 16\classification\subset7\1\1_aug\29_6.npy
1,D:\Doctorat\datasets\LUNA 16\classification\subset7\1\1_aug\2_13.npy
1,D:\Doctorat\datasets\LUNA 16\classification\subset7\1\1_aug\2_17.npy
1,D:\Doctorat\datasets\LUNA 16\classification\subset7\1\1_aug\2_19.npy
1,D:\Doctorat\datasets\LUNA 16\classification\subset7\1\1_aug\2_2.npy
1,D:\Doctorat\datasets\LUNA 16\classification\subset7\1\1_aug\2_30.npy
1,D:\Doctorat\datasets\LUNA 16\classification\subset7\1\1_aug\2_38.npy
1,D:\Doctorat\datasets\LUNA 16\classification\subset7\1\1_aug\2_40.npy
1,D:\Doctorat\datasets\LUNA 16\classification\subset7\1\1_aug\2_6.npy
1,D:\Doctorat\datasets\LUNA 16\classification\subset7\1\1_aug\30_12.npy
1,D:\Doctorat\datasets\LUNA 16\classification\subset7\1\1_aug\30_13.npy
1,D:\Doctorat\datasets\LUNA 16\classification\subset7\1\1_aug\30_14.npy
1,D:\Doctorat\datasets\LUNA 16\classification\subset7\1\1_aug\30_18.npy
1,D:\Doctorat\datasets\LUNA 16\classification\subset7\1\1_aug\30_24.npy
1,D:\Doctorat\datasets\LUNA 16\classification\subset7\1\1_aug\30_25.npy
1,D:\Doctorat\datasets\LUNA 16\classification\subset7\1\1_aug\30_28.npy
1,D:\Doctorat\datasets\LUNA 16\classification\subset7\1\1_aug\30_35.npy
1,D:\Doctorat\datasets\LUNA 16\classification\subset7\1\1_aug\30_4.npy
1,D:\Doctorat\datasets\LUNA 16\classification\subset7\1\1_aug\31_11.npy
1,D:\Doctorat\datasets\LUNA 16\classification\subset7\1\1_aug\31_12.npy
1,D:\Doctorat\datasets\LUNA 16\classification\subset7\1\1_aug\31_29.npy
1,D:\Doctorat\datasets\LUNA 16\classification\subset7\1\1_aug\31_3.npy
1,D:\Doctorat\datasets\LUNA 16\classification\subset7\1\1_aug\31_30.npy
1,D:\Doctorat\datasets\LUNA 16\classification\subset7\1\1_aug\31_40.npy
1,D:\Doctorat\datasets\LUNA 16\classification\subset7\1\1_aug\32_1.npy
1,D:\Doctorat\datasets\LUNA 16\classification\subset7\1\1_aug\32_11.npy
1,D:\Doctorat\datasets\LUNA 16\classification\subset7\1\1_aug\32_14.npy
1,D:\Doctorat\datasets\LUNA 16\classification\subset7\1\1_aug\32_19.npy
1,D:\Doctorat\datasets\LUNA 16\classification\subset7\1\1_aug\32_24.npy
1,D:\Doctorat\datasets\LUNA 16\classification\subset7\1\1_aug\32_31.npy
1,D:\Doctorat\datasets\LUNA 16\classification\subset7\1\1_aug\32_35.npy
1,D:\Doctorat\datasets\LUNA 16\classification\subset7\1\1_aug\32_36.npy
1,D:\Doctorat\datasets\LUNA 16\classification\subset7\1\1_aug\32_37.npy
1,D:\Doctorat\datasets\LUNA 16\classification\subset7\1\1_aug\32_38.npy
1,D:\Doctorat\datasets\LUNA 16\classification\subset7\1\1_aug\32_5.npy
1,D:\Doctorat\datasets\LUNA 16\classification\subset7\1\1_aug\32_6.npy
1,D:\Doctorat\datasets\LUNA 16\classification\subset7\1\1_aug\33_18.npy
1,D:\Doctorat\datasets\LUNA 16\classification\subset7\1\1_aug\33_20.npy
1,D:\Doctorat\datasets\LUNA 16\classification\subset7\1\1_aug\33_32.npy
1,D:\Doctorat\datasets\LUNA 16\classification\subset7\1\1_aug\33_37.npy
1,D:\Doctorat\datasets\LUNA 16\classification\subset7\1\1_aug\33_38.npy
1,D:\Doctorat\datasets\LUNA 16\classification\subset7\1\1_aug\33_9.npy
1,D:\Doctorat\datasets\LUNA 16\classification\subset7\1\1_aug\34_10.npy
1,D:\Doctorat\datasets\LUNA 16\classification\subset7\1\1_aug\34_11.npy
1,D:\Doctorat\datasets\LUNA 16\classification\subset7\1\1_aug\34_2.npy
1,D:\Doctorat\datasets\LUNA 16\classification\subset7\1\1_aug\34_29.npy
1,D:\Doctorat\datasets\LUNA 16\classification\subset7\1\1_aug\34_36.npy
1,D:\Doctorat\datasets\LUNA 16\classification\subset7\1\1_aug\35_11.npy
1,D:\Doctorat\datasets\LUNA 16\classification\subset7\1\1_aug\35_17.npy
1,D:\Doctorat\datasets\LUNA 16\classification\subset7\1\1_aug\35_19.npy
1,D:\Doctorat\datasets\LUNA 16\classification\subset7\1\1_aug\35_22.npy
1,D:\Doctorat\datasets\LUNA 16\classification\subset7\1\1_aug\35_26.npy
1,D:\Doctorat\datasets\LUNA 16\classification\subset7\1\1_aug\35_27.npy
1,D:\Doctorat\datasets\LUNA 16\classification\subset7\1\1_aug\35_32.npy
1,D:\Doctorat\datasets\LUNA 16\classification\subset7\1\1_aug\35_35.npy
1,D:\Doctorat\datasets\LUNA 16\classification\subset7\1\1_aug\35_36.npy
1,D:\Doctorat\datasets\LUNA 16\classification\subset7\1\1_aug\35_8.npy
1,D:\Doctorat\datasets\LUNA 16\classification\subset7\1\1_aug\36_1.npy
1,D:\Doctorat\datasets\LUNA 16\classification\subset7\1\1_aug\36_16.npy
1,D:\Doctorat\datasets\LUNA 16\classification\subset7\1\1_aug\36_17.npy
1,D:\Doctorat\datasets\LUNA 16\classification\subset7\1\1_aug\36_18.npy
1,D:\Doctorat\datasets\LUNA 16\classification\subset7\1\1_aug\36_22.npy
1,D:\Doctorat\datasets\LUNA 16\classification\subset7\1\1_aug\36_3.npy
1,D:\Doctorat\datasets\LUNA 16\classification\subset7\1\1_aug\36_31.npy
1,D:\Doctorat\datasets\LUNA 16\classification\subset7\1\1_aug\36_32.npy
1,D:\Doctorat\datasets\LUNA 16\classification\subset7\1\1_aug\36_36.npy
1,D:\Doctorat\datasets\LUNA 16\classification\subset7\1\1_aug\36_37.npy
1,D:\Doctorat\datasets\LUNA 16\classification\subset7\1\1_aug\36_38.npy
1,D:\Doctorat\datasets\LUNA 16\classification\subset7\1\1_aug\36_39.npy
1,D:\Doctorat\datasets\LUNA 16\classification\subset7\1\1_aug\36_5.npy
1,D:\Doctorat\datasets\LUNA 16\classification\subset7\1\1_aug\36_9.npy
1,D:\Doctorat\datasets\LUNA 16\classification\subset7\1\1_aug\37_10.npy
1,D:\Doctorat\datasets\LUNA 16\classification\subset7\1\1_aug\37_11.npy
1,D:\Doctorat\datasets\LUNA 16\classification\subset7\1\1_aug\37_14.npy
1,D:\Doctorat\datasets\LUNA 16\classification\subset7\1\1_aug\37_17.npy
1,D:\Doctorat\datasets\LUNA 16\classification\subset7\1\1_aug\37_26.npy
1,D:\Doctorat\datasets\LUNA 16\classification\subset7\1\1_aug\37_27.npy
1,D:\Doctorat\datasets\LUNA 16\classification\subset7\1\1_aug\37_30.npy
1,D:\Doctorat\datasets\LUNA 16\classification\subset7\1\1_aug\37_32.npy
1,D:\Doctorat\datasets\LUNA 16\classification\subset7\1\1_aug\37_37.npy
1,D:\Doctorat\datasets\LUNA 16\classification\subset7\1\1_aug\37_5.npy
1,D:\Doctorat\datasets\LUNA 16\classification\subset7\1\1_aug\37_7.npy
1,D:\Doctorat\datasets\LUNA 16\classification\subset7\1\1_aug\37_9.npy
1,D:\Doctorat\datasets\LUNA 16\classification\subset7\1\1_aug\38_12.npy
1,D:\Doctorat\datasets\LUNA 16\classification\subset7\1\1_aug\38_15.npy
1,D:\Doctorat\datasets\LUNA 16\classification\subset7\1\1_aug\38_18.npy
1,D:\Doctorat\datasets\LUNA 16\classification\subset7\1\1_aug\38_19.npy
1,D:\Doctorat\datasets\LUNA 16\classification\subset7\1\1_aug\38_20.npy
1,D:\Doctorat\datasets\LUNA 16\classification\subset7\1\1_aug\38_33.npy
1,D:\Doctorat\datasets\LUNA 16\classification\subset7\1\1_aug\38_5.npy
1,D:\Doctorat\datasets\LUNA 16\classification\subset7\1\1_aug\39_2.npy
1,D:\Doctorat\datasets\LUNA 16\classification\subset7\1\1_aug\39_22.npy
1,D:\Doctorat\datasets\LUNA 16\classification\subset7\1\1_aug\39_23.npy
1,D:\Doctorat\datasets\LUNA 16\classification\subset7\1\1_aug\39_28.npy
1,D:\Doctorat\datasets\LUNA 16\classification\subset7\1\1_aug\39_30.npy
1,D:\Doctorat\datasets\LUNA 16\classification\subset7\1\1_aug\39_31.npy
1,D:\Doctorat\datasets\LUNA 16\classification\subset7\1\1_aug\39_37.npy
1,D:\Doctorat\datasets\LUNA 16\classification\subset7\1\1_aug\39_6.npy
1,D:\Doctorat\datasets\LUNA 16\classification\subset7\1\1_aug\39_8.npy
1,D:\Doctorat\datasets\LUNA 16\classification\subset7\1\1_aug\3_10.npy
1,D:\Doctorat\datasets\LUNA 16\classification\subset7\1\1_aug\3_16.npy
1,D:\Doctorat\datasets\LUNA 16\classification\subset7\1\1_aug\3_20.npy
1,D:\Doctorat\datasets\LUNA 16\classification\subset7\1\1_aug\3_32.npy
1,D:\Doctorat\datasets\LUNA 16\classification\subset7\1\1_aug\3_34.npy
1,D:\Doctorat\datasets\LUNA 16\classification\subset7\1\1_aug\3_36.npy
1,D:\Doctorat\datasets\LUNA 16\classification\subset7\1\1_aug\3_39.npy
1,D:\Doctorat\datasets\LUNA 16\classification\subset7\1\1_aug\3_5.npy
1,D:\Doctorat\datasets\LUNA 16\classification\subset7\1\1_aug\3_6.npy
1,D:\Doctorat\datasets\LUNA 16\classification\subset7\1\1_aug\40_14.npy
1,D:\Doctorat\datasets\LUNA 16\classification\subset7\1\1_aug\40_2.npy
1,D:\Doctorat\datasets\LUNA 16\classification\subset7\1\1_aug\40_26.npy
1,D:\Doctorat\datasets\LUNA 16\classification\subset7\1\1_aug\40_28.npy
1,D:\Doctorat\datasets\LUNA 16\classification\subset7\1\1_aug\40_31.npy
1,D:\Doctorat\datasets\LUNA 16\classification\subset7\1\1_aug\40_38.npy
1,D:\Doctorat\datasets\LUNA 16\classification\subset7\1\1_aug\40_39.npy
1,D:\Doctorat\datasets\LUNA 16\classification\subset7\1\1_aug\40_40.npy
1,D:\Doctorat\datasets\LUNA 16\classification\subset7\1\1_aug\40_5.npy
1,D:\Doctorat\datasets\LUNA 16\classification\subset7\1\1_aug\41_10.npy
1,D:\Doctorat\datasets\LUNA 16\classification\subset7\1\1_aug\41_16.npy
1,D:\Doctorat\datasets\LUNA 16\classification\subset7\1\1_aug\41_2.npy
1,D:\Doctorat\datasets\LUNA 16\classification\subset7\1\1_aug\41_24.npy
1,D:\Doctorat\datasets\LUNA 16\classification\subset7\1\1_aug\41_3.npy
1,D:\Doctorat\datasets\LUNA 16\classification\subset7\1\1_aug\41_32.npy
1,D:\Doctorat\datasets\LUNA 16\classification\subset7\1\1_aug\41_34.npy
1,D:\Doctorat\datasets\LUNA 16\classification\subset7\1\1_aug\41_35.npy
1,D:\Doctorat\datasets\LUNA 16\classification\subset7\1\1_aug\42_12.npy
1,D:\Doctorat\datasets\LUNA 16\classification\subset7\1\1_aug\42_15.npy
1,D:\Doctorat\datasets\LUNA 16\classification\subset7\1\1_aug\42_20.npy
1,D:\Doctorat\datasets\LUNA 16\classification\subset7\1\1_aug\42_24.npy
1,D:\Doctorat\datasets\LUNA 16\classification\subset7\1\1_aug\42_35.npy
1,D:\Doctorat\datasets\LUNA 16\classification\subset7\1\1_aug\42_9.npy
1,D:\Doctorat\datasets\LUNA 16\classification\subset7\1\1_aug\43_19.npy
1,D:\Doctorat\datasets\LUNA 16\classification\subset7\1\1_aug\43_20.npy
1,D:\Doctorat\datasets\LUNA 16\classification\subset7\1\1_aug\43_22.npy
1,D:\Doctorat\datasets\LUNA 16\classification\subset7\1\1_aug\43_27.npy
1,D:\Doctorat\datasets\LUNA 16\classification\subset7\1\1_aug\43_31.npy
1,D:\Doctorat\datasets\LUNA 16\classification\subset7\1\1_aug\43_39.npy
1,D:\Doctorat\datasets\LUNA 16\classification\subset7\1\1_aug\44_11.npy
1,D:\Doctorat\datasets\LUNA 16\classification\subset7\1\1_aug\44_16.npy
1,D:\Doctorat\datasets\LUNA 16\classification\subset7\1\1_aug\44_17.npy
1,D:\Doctorat\datasets\LUNA 16\classification\subset7\1\1_aug\44_21.npy
1,D:\Doctorat\datasets\LUNA 16\classification\subset7\1\1_aug\44_22.npy
1,D:\Doctorat\datasets\LUNA 16\classification\subset7\1\1_aug\44_25.npy
1,D:\Doctorat\datasets\LUNA 16\classification\subset7\1\1_aug\44_33.npy
1,D:\Doctorat\datasets\LUNA 16\classification\subset7\1\1_aug\44_34.npy
1,D:\Doctorat\datasets\LUNA 16\classification\subset7\1\1_aug\44_40.npy
1,D:\Doctorat\datasets\LUNA 16\classification\subset7\1\1_aug\44_6.npy
1,D:\Doctorat\datasets\LUNA 16\classification\subset7\1\1_aug\45_12.npy
1,D:\Doctorat\datasets\LUNA 16\classification\subset7\1\1_aug\45_13.npy
1,D:\Doctorat\datasets\LUNA 16\classification\subset7\1\1_aug\45_29.npy
1,D:\Doctorat\datasets\LUNA 16\classification\subset7\1\1_aug\45_30.npy
1,D:\Doctorat\datasets\LUNA 16\classification\subset7\1\1_aug\45_33.npy
1,D:\Doctorat\datasets\LUNA 16\classification\subset7\1\1_aug\45_34.npy
1,D:\Doctorat\datasets\LUNA 16\classification\subset7\1\1_aug\45_36.npy
1,D:\Doctorat\datasets\LUNA 16\classification\subset7\1\1_aug\45_9.npy
1,D:\Doctorat\datasets\LUNA 16\classification\subset7\1\1_aug\46_10.npy
1,D:\Doctorat\datasets\LUNA 16\classification\subset7\1\1_aug\46_12.npy
1,D:\Doctorat\datasets\LUNA 16\classification\subset7\1\1_aug\46_16.npy
1,D:\Doctorat\datasets\LUNA 16\classification\subset7\1\1_aug\46_22.npy
1,D:\Doctorat\datasets\LUNA 16\classification\subset7\1\1_aug\46_25.npy
1,D:\Doctorat\datasets\LUNA 16\classification\subset7\1\1_aug\46_3.npy
1,D:\Doctorat\datasets\LUNA 16\classification\subset7\1\1_aug\46_33.npy
1,D:\Doctorat\datasets\LUNA 16\classification\subset7\1\1_aug\46_34.npy
1,D:\Doctorat\datasets\LUNA 16\classification\subset7\1\1_aug\46_36.npy
1,D:\Doctorat\datasets\LUNA 16\classification\subset7\1\1_aug\46_8.npy
1,D:\Doctorat\datasets\LUNA 16\classification\subset7\1\1_aug\47_10.npy
1,D:\Doctorat\datasets\LUNA 16\classification\subset7\1\1_aug\47_28.npy
1,D:\Doctorat\datasets\LUNA 16\classification\subset7\1\1_aug\47_30.npy
1,D:\Doctorat\datasets\LUNA 16\classification\subset7\1\1_aug\47_32.npy
1,D:\Doctorat\datasets\LUNA 16\classification\subset7\1\1_aug\47_36.npy
1,D:\Doctorat\datasets\LUNA 16\classification\subset7\1\1_aug\47_37.npy
1,D:\Doctorat\datasets\LUNA 16\classification\subset7\1\1_aug\47_4.npy
1,D:\Doctorat\datasets\LUNA 16\classification\subset7\1\1_aug\47_6.npy
1,D:\Doctorat\datasets\LUNA 16\classification\subset7\1\1_aug\47_7.npy
1,D:\Doctorat\datasets\LUNA 16\classification\subset7\1\1_aug\48_20.npy
1,D:\Doctorat\datasets\LUNA 16\classification\subset7\1\1_aug\48_26.npy
1,D:\Doctorat\datasets\LUNA 16\classification\subset7\1\1_aug\48_30.npy
1,D:\Doctorat\datasets\LUNA 16\classification\subset7\1\1_aug\48_40.npy
1,D:\Doctorat\datasets\LUNA 16\classification\subset7\1\1_aug\48_5.npy
1,D:\Doctorat\datasets\LUNA 16\classification\subset7\1\1_aug\48_8.npy
1,D:\Doctorat\datasets\LUNA 16\classification\subset7\1\1_aug\49_13.npy
1,D:\Doctorat\datasets\LUNA 16\classification\subset7\1\1_aug\49_15.npy
1,D:\Doctorat\datasets\LUNA 16\classification\subset7\1\1_aug\49_21.npy
1,D:\Doctorat\datasets\LUNA 16\classification\subset7\1\1_aug\49_23.npy
1,D:\Doctorat\datasets\LUNA 16\classification\subset7\1\1_aug\49_27.npy
1,D:\Doctorat\datasets\LUNA 16\classification\subset7\1\1_aug\49_32.npy
1,D:\Doctorat\datasets\LUNA 16\classification\subset7\1\1_aug\49_36.npy
1,D:\Doctorat\datasets\LUNA 16\classification\subset7\1\1_aug\49_37.npy
1,D:\Doctorat\datasets\LUNA 16\classification\subset7\1\1_aug\49_38.npy
1,D:\Doctorat\datasets\LUNA 16\classification\subset7\1\1_aug\4_11.npy
1,D:\Doctorat\datasets\LUNA 16\classification\subset7\1\1_aug\4_18.npy
1,D:\Doctorat\datasets\LUNA 16\classification\subset7\1\1_aug\4_35.npy
1,D:\Doctorat\datasets\LUNA 16\classification\subset7\1\1_aug\4_38.npy
1,D:\Doctorat\datasets\LUNA 16\classification\subset7\1\1_aug\4_4.npy
1,D:\Doctorat\datasets\LUNA 16\classification\subset7\1\1_aug\50_1.npy
1,D:\Doctorat\datasets\LUNA 16\classification\subset7\1\1_aug\50_16.npy
1,D:\Doctorat\datasets\LUNA 16\classification\subset7\1\1_aug\50_21.npy
1,D:\Doctorat\datasets\LUNA 16\classification\subset7\1\1_aug\50_22.npy
1,D:\Doctorat\datasets\LUNA 16\classification\subset7\1\1_aug\50_24.npy
1,D:\Doctorat\datasets\LUNA 16\classification\subset7\1\1_aug\50_29.npy
1,D:\Doctorat\datasets\LUNA 16\classification\subset7\1\1_aug\50_30.npy
1,D:\Doctorat\datasets\LUNA 16\classification\subset7\1\1_aug\50_35.npy
1,D:\Doctorat\datasets\LUNA 16\classification\subset7\1\1_aug\50_37.npy
1,D:\Doctorat\datasets\LUNA 16\classification\subset7\1\1_aug\50_5.npy
1,D:\Doctorat\datasets\LUNA 16\classification\subset7\1\1_aug\50_9.npy
1,D:\Doctorat\datasets\LUNA 16\classification\subset7\1\1_aug\51_10.npy
1,D:\Doctorat\datasets\LUNA 16\classification\subset7\1\1_aug\51_16.npy
1,D:\Doctorat\datasets\LUNA 16\classification\subset7\1\1_aug\51_18.npy
1,D:\Doctorat\datasets\LUNA 16\classification\subset7\1\1_aug\51_21.npy
1,D:\Doctorat\datasets\LUNA 16\classification\subset7\1\1_aug\51_31.npy
1,D:\Doctorat\datasets\LUNA 16\classification\subset7\1\1_aug\51_33.npy
1,D:\Doctorat\datasets\LUNA 16\classification\subset7\1\1_aug\51_38.npy
1,D:\Doctorat\datasets\LUNA 16\classification\subset7\1\1_aug\51_9.npy
1,D:\Doctorat\datasets\LUNA 16\classification\subset7\1\1_aug\52_12.npy
1,D:\Doctorat\datasets\LUNA 16\classification\subset7\1\1_aug\52_22.npy
1,D:\Doctorat\datasets\LUNA 16\classification\subset7\1\1_aug\52_27.npy
1,D:\Doctorat\datasets\LUNA 16\classification\subset7\1\1_aug\52_29.npy
1,D:\Doctorat\datasets\LUNA 16\classification\subset7\1\1_aug\52_30.npy
1,D:\Doctorat\datasets\LUNA 16\classification\subset7\1\1_aug\52_31.npy
1,D:\Doctorat\datasets\LUNA 16\classification\subset7\1\1_aug\52_38.npy
1,D:\Doctorat\datasets\LUNA 16\classification\subset7\1\1_aug\52_40.npy
1,D:\Doctorat\datasets\LUNA 16\classification\subset7\1\1_aug\53_1.npy
1,D:\Doctorat\datasets\LUNA 16\classification\subset7\1\1_aug\53_11.npy
1,D:\Doctorat\datasets\LUNA 16\classification\subset7\1\1_aug\53_12.npy
1,D:\Doctorat\datasets\LUNA 16\classification\subset7\1\1_aug\53_14.npy
1,D:\Doctorat\datasets\LUNA 16\classification\subset7\1\1_aug\53_15.npy
1,D:\Doctorat\datasets\LUNA 16\classification\subset7\1\1_aug\53_21.npy
1,D:\Doctorat\datasets\LUNA 16\classification\subset7\1\1_aug\53_22.npy
1,D:\Doctorat\datasets\LUNA 16\classification\subset7\1\1_aug\53_27.npy
1,D:\Doctorat\datasets\LUNA 16\classification\subset7\1\1_aug\53_28.npy
1,D:\Doctorat\datasets\LUNA 16\classification\subset7\1\1_aug\53_3.npy
1,D:\Doctorat\datasets\LUNA 16\classification\subset7\1\1_aug\53_34.npy
1,D:\Doctorat\datasets\LUNA 16\classification\subset7\1\1_aug\53_35.npy
1,D:\Doctorat\datasets\LUNA 16\classification\subset7\1\1_aug\53_36.npy
1,D:\Doctorat\datasets\LUNA 16\classification\subset7\1\1_aug\54_16.npy
1,D:\Doctorat\datasets\LUNA 16\classification\subset7\1\1_aug\54_18.npy
1,D:\Doctorat\datasets\LUNA 16\classification\subset7\1\1_aug\54_22.npy
1,D:\Doctorat\datasets\LUNA 16\classification\subset7\1\1_aug\54_28.npy
1,D:\Doctorat\datasets\LUNA 16\classification\subset7\1\1_aug\54_31.npy
1,D:\Doctorat\datasets\LUNA 16\classification\subset7\1\1_aug\54_32.npy
1,D:\Doctorat\datasets\LUNA 16\classification\subset7\1\1_aug\54_38.npy
1,D:\Doctorat\datasets\LUNA 16\classification\subset7\1\1_aug\54_39.npy
1,D:\Doctorat\datasets\LUNA 16\classification\subset7\1\1_aug\54_6.npy
1,D:\Doctorat\datasets\LUNA 16\classification\subset7\1\1_aug\54_7.npy
1,D:\Doctorat\datasets\LUNA 16\classification\subset7\1\1_aug\54_9.npy
1,D:\Doctorat\datasets\LUNA 16\classification\subset7\1\1_aug\55_1.npy
1,D:\Doctorat\datasets\LUNA 16\classification\subset7\1\1_aug\55_13.npy
1,D:\Doctorat\datasets\LUNA 16\classification\subset7\1\1_aug\55_14.npy
1,D:\Doctorat\datasets\LUNA 16\classification\subset7\1\1_aug\55_15.npy
1,D:\Doctorat\datasets\LUNA 16\classification\subset7\1\1_aug\55_16.npy
1,D:\Doctorat\datasets\LUNA 16\classification\subset7\1\1_aug\55_24.npy
1,D:\Doctorat\datasets\LUNA 16\classification\subset7\1\1_aug\55_30.npy
1,D:\Doctorat\datasets\LUNA 16\classification\subset7\1\1_aug\55_31.npy
1,D:\Doctorat\datasets\LUNA 16\classification\subset7\1\1_aug\55_39.npy
1,D:\Doctorat\datasets\LUNA 16\classification\subset7\1\1_aug\55_9.npy
1,D:\Doctorat\datasets\LUNA 16\classification\subset7\1\1_aug\56_23.npy
1,D:\Doctorat\datasets\LUNA 16\classification\subset7\1\1_aug\56_28.npy
1,D:\Doctorat\datasets\LUNA 16\classification\subset7\1\1_aug\56_32.npy
1,D:\Doctorat\datasets\LUNA 16\classification\subset7\1\1_aug\56_7.npy
1,D:\Doctorat\datasets\LUNA 16\classification\subset7\1\1_aug\56_9.npy
1,D:\Doctorat\datasets\LUNA 16\classification\subset7\1\1_aug\57_10.npy
1,D:\Doctorat\datasets\LUNA 16\classification\subset7\1\1_aug\57_14.npy
1,D:\Doctorat\datasets\LUNA 16\classification\subset7\1\1_aug\57_19.npy
1,D:\Doctorat\datasets\LUNA 16\classification\subset7\1\1_aug\57_25.npy
1,D:\Doctorat\datasets\LUNA 16\classification\subset7\1\1_aug\57_36.npy
1,D:\Doctorat\datasets\LUNA 16\classification\subset7\1\1_aug\57_37.npy
1,D:\Doctorat\datasets\LUNA 16\classification\subset7\1\1_aug\57_38.npy
1,D:\Doctorat\datasets\LUNA 16\classification\subset7\1\1_aug\58_18.npy
1,D:\Doctorat\datasets\LUNA 16\classification\subset7\1\1_aug\58_19.npy
1,D:\Doctorat\datasets\LUNA 16\classification\subset7\1\1_aug\58_24.npy
1,D:\Doctorat\datasets\LUNA 16\classification\subset7\1\1_aug\58_29.npy
1,D:\Doctorat\datasets\LUNA 16\classification\subset7\1\1_aug\58_36.npy
1,D:\Doctorat\datasets\LUNA 16\classification\subset7\1\1_aug\58_6.npy
1,D:\Doctorat\datasets\LUNA 16\classification\subset7\1\1_aug\59_12.npy
1,D:\Doctorat\datasets\LUNA 16\classification\subset7\1\1_aug\59_13.npy
1,D:\Doctorat\datasets\LUNA 16\classification\subset7\1\1_aug\59_18.npy
1,D:\Doctorat\datasets\LUNA 16\classification\subset7\1\1_aug\59_23.npy
1,D:\Doctorat\datasets\LUNA 16\classification\subset7\1\1_aug\59_27.npy
1,D:\Doctorat\datasets\LUNA 16\classification\subset7\1\1_aug\59_31.npy
1,D:\Doctorat\datasets\LUNA 16\classification\subset7\1\1_aug\59_32.npy
1,D:\Doctorat\datasets\LUNA 16\classification\subset7\1\1_aug\59_4.npy
1,D:\Doctorat\datasets\LUNA 16\classification\subset7\1\1_aug\59_8.npy
1,D:\Doctorat\datasets\LUNA 16\classification\subset7\1\1_aug\59_9.npy
1,D:\Doctorat\datasets\LUNA 16\classification\subset7\1\1_aug\5_14.npy
1,D:\Doctorat\datasets\LUNA 16\classification\subset7\1\1_aug\5_2.npy
1,D:\Doctorat\datasets\LUNA 16\classification\subset7\1\1_aug\5_28.npy
1,D:\Doctorat\datasets\LUNA 16\classification\subset7\1\1_aug\5_31.npy
1,D:\Doctorat\datasets\LUNA 16\classification\subset7\1\1_aug\5_36.npy
1,D:\Doctorat\datasets\LUNA 16\classification\subset7\1\1_aug\5_4.npy
1,D:\Doctorat\datasets\LUNA 16\classification\subset7\1\1_aug\5_40.npy
1,D:\Doctorat\datasets\LUNA 16\classification\subset7\1\1_aug\5_6.npy
1,D:\Doctorat\datasets\LUNA 16\classification\subset7\1\1_aug\5_7.npy
1,D:\Doctorat\datasets\LUNA 16\classification\subset7\1\1_aug\60_1.npy
1,D:\Doctorat\datasets\LUNA 16\classification\subset7\1\1_aug\60_14.npy
1,D:\Doctorat\datasets\LUNA 16\classification\subset7\1\1_aug\60_19.npy
1,D:\Doctorat\datasets\LUNA 16\classification\subset7\1\1_aug\60_20.npy
1,D:\Doctorat\datasets\LUNA 16\classification\subset7\1\1_aug\60_29.npy
1,D:\Doctorat\datasets\LUNA 16\classification\subset7\1\1_aug\60_34.npy
1,D:\Doctorat\datasets\LUNA 16\classification\subset7\1\1_aug\60_36.npy
1,D:\Doctorat\datasets\LUNA 16\classification\subset7\1\1_aug\60_40.npy
1,D:\Doctorat\datasets\LUNA 16\classification\subset7\1\1_aug\60_8.npy
1,D:\Doctorat\datasets\LUNA 16\classification\subset7\1\1_aug\61_11.npy
1,D:\Doctorat\datasets\LUNA 16\classification\subset7\1\1_aug\61_18.npy
1,D:\Doctorat\datasets\LUNA 16\classification\subset7\1\1_aug\61_23.npy
1,D:\Doctorat\datasets\LUNA 16\classification\subset7\1\1_aug\61_27.npy
1,D:\Doctorat\datasets\LUNA 16\classification\subset7\1\1_aug\61_29.npy
1,D:\Doctorat\datasets\LUNA 16\classification\subset7\1\1_aug\61_36.npy
1,D:\Doctorat\datasets\LUNA 16\classification\subset7\1\1_aug\61_40.npy
1,D:\Doctorat\datasets\LUNA 16\classification\subset7\1\1_aug\61_6.npy
1,D:\Doctorat\datasets\LUNA 16\classification\subset7\1\1_aug\61_7.npy
1,D:\Doctorat\datasets\LUNA 16\classification\subset7\1\1_aug\61_8.npy
1,D:\Doctorat\datasets\LUNA 16\classification\subset7\1\1_aug\62_10.npy
1,D:\Doctorat\datasets\LUNA 16\classification\subset7\1\1_aug\62_14.npy
1,D:\Doctorat\datasets\LUNA 16\classification\subset7\1\1_aug\62_15.npy
1,D:\Doctorat\datasets\LUNA 16\classification\subset7\1\1_aug\62_17.npy
1,D:\Doctorat\datasets\LUNA 16\classification\subset7\1\1_aug\62_20.npy
1,D:\Doctorat\datasets\LUNA 16\classification\subset7\1\1_aug\62_23.npy
1,D:\Doctorat\datasets\LUNA 16\classification\subset7\1\1_aug\62_25.npy
1,D:\Doctorat\datasets\LUNA 16\classification\subset7\1\1_aug\62_28.npy
1,D:\Doctorat\datasets\LUNA 16\classification\subset7\1\1_aug\62_29.npy
1,D:\Doctorat\datasets\LUNA 16\classification\subset7\1\1_aug\62_30.npy
1,D:\Doctorat\datasets\LUNA 16\classification\subset7\1\1_aug\62_32.npy
1,D:\Doctorat\datasets\LUNA 16\classification\subset7\1\1_aug\62_33.npy
1,D:\Doctorat\datasets\LUNA 16\classification\subset7\1\1_aug\62_36.npy
1,D:\Doctorat\datasets\LUNA 16\classification\subset7\1\1_aug\62_37.npy
1,D:\Doctorat\datasets\LUNA 16\classification\subset7\1\1_aug\62_39.npy
1,D:\Doctorat\datasets\LUNA 16\classification\subset7\1\1_aug\63_24.npy
1,D:\Doctorat\datasets\LUNA 16\classification\subset7\1\1_aug\63_26.npy
1,D:\Doctorat\datasets\LUNA 16\classification\subset7\1\1_aug\63_28.npy
1,D:\Doctorat\datasets\LUNA 16\classification\subset7\1\1_aug\63_36.npy
1,D:\Doctorat\datasets\LUNA 16\classification\subset7\1\1_aug\63_37.npy
1,D:\Doctorat\datasets\LUNA 16\classification\subset7\1\1_aug\63_40.npy
1,D:\Doctorat\datasets\LUNA 16\classification\subset7\1\1_aug\63_5.npy
1,D:\Doctorat\datasets\LUNA 16\classification\subset7\1\1_aug\64_1.npy
1,D:\Doctorat\datasets\LUNA 16\classification\subset7\1\1_aug\64_11.npy
1,D:\Doctorat\datasets\LUNA 16\classification\subset7\1\1_aug\64_33.npy
1,D:\Doctorat\datasets\LUNA 16\classification\subset7\1\1_aug\64_4.npy
1,D:\Doctorat\datasets\LUNA 16\classification\subset7\1\1_aug\64_7.npy
1,D:\Doctorat\datasets\LUNA 16\classification\subset7\1\1_aug\65_10.npy
1,D:\Doctorat\datasets\LUNA 16\classification\subset7\1\1_aug\65_21.npy
1,D:\Doctorat\datasets\LUNA 16\classification\subset7\1\1_aug\65_23.npy
1,D:\Doctorat\datasets\LUNA 16\classification\subset7\1\1_aug\65_38.npy
1,D:\Doctorat\datasets\LUNA 16\classification\subset7\1\1_aug\65_9.npy
1,D:\Doctorat\datasets\LUNA 16\classification\subset7\1\1_aug\66_14.npy
1,D:\Doctorat\datasets\LUNA 16\classification\subset7\1\1_aug\66_23.npy
1,D:\Doctorat\datasets\LUNA 16\classification\subset7\1\1_aug\66_28.npy
1,D:\Doctorat\datasets\LUNA 16\classification\subset7\1\1_aug\66_3.npy
1,D:\Doctorat\datasets\LUNA 16\classification\subset7\1\1_aug\66_31.npy
1,D:\Doctorat\datasets\LUNA 16\classification\subset7\1\1_aug\66_33.npy
1,D:\Doctorat\datasets\LUNA 16\classification\subset7\1\1_aug\66_39.npy
1,D:\Doctorat\datasets\LUNA 16\classification\subset7\1\1_aug\66_4.npy
1,D:\Doctorat\datasets\LUNA 16\classification\subset7\1\1_aug\67_1.npy
1,D:\Doctorat\datasets\LUNA 16\classification\subset7\1\1_aug\67_19.npy
1,D:\Doctorat\datasets\LUNA 16\classification\subset7\1\1_aug\67_3.npy
1,D:\Doctorat\datasets\LUNA 16\classification\subset7\1\1_aug\67_32.npy
1,D:\Doctorat\datasets\LUNA 16\classification\subset7\1\1_aug\67_35.npy
1,D:\Doctorat\datasets\LUNA 16\classification\subset7\1\1_aug\67_38.npy
1,D:\Doctorat\datasets\LUNA 16\classification\subset7\1\1_aug\67_39.npy
1,D:\Doctorat\datasets\LUNA 16\classification\subset7\1\1_aug\67_4.npy
1,D:\Doctorat\datasets\LUNA 16\classification\subset7\1\1_aug\67_40.npy
1,D:\Doctorat\datasets\LUNA 16\classification\subset7\1\1_aug\68_14.npy
1,D:\Doctorat\datasets\LUNA 16\classification\subset7\1\1_aug\68_20.npy
1,D:\Doctorat\datasets\LUNA 16\classification\subset7\1\1_aug\68_25.npy
1,D:\Doctorat\datasets\LUNA 16\classification\subset7\1\1_aug\68_3.npy
1,D:\Doctorat\datasets\LUNA 16\classification\subset7\1\1_aug\68_31.npy
1,D:\Doctorat\datasets\LUNA 16\classification\subset7\1\1_aug\68_36.npy
1,D:\Doctorat\datasets\LUNA 16\classification\subset7\1\1_aug\68_4.npy
1,D:\Doctorat\datasets\LUNA 16\classification\subset7\1\1_aug\68_8.npy
1,D:\Doctorat\datasets\LUNA 16\classification\subset7\1\1_aug\69_10.npy
1,D:\Doctorat\datasets\LUNA 16\classification\subset7\1\1_aug\69_12.npy
1,D:\Doctorat\datasets\LUNA 16\classification\subset7\1\1_aug\69_15.npy
1,D:\Doctorat\datasets\LUNA 16\classification\subset7\1\1_aug\69_16.npy
1,D:\Doctorat\datasets\LUNA 16\classification\subset7\1\1_aug\69_17.npy
1,D:\Doctorat\datasets\LUNA 16\classification\subset7\1\1_aug\69_2.npy
1,D:\Doctorat\datasets\LUNA 16\classification\subset7\1\1_aug\69_21.npy
1,D:\Doctorat\datasets\LUNA 16\classification\subset7\1\1_aug\69_29.npy
1,D:\Doctorat\datasets\LUNA 16\classification\subset7\1\1_aug\69_30.npy
1,D:\Doctorat\datasets\LUNA 16\classification\subset7\1\1_aug\6_11.npy
1,D:\Doctorat\datasets\LUNA 16\classification\subset7\1\1_aug\6_12.npy
1,D:\Doctorat\datasets\LUNA 16\classification\subset7\1\1_aug\6_14.npy
1,D:\Doctorat\datasets\LUNA 16\classification\subset7\1\1_aug\6_23.npy
1,D:\Doctorat\datasets\LUNA 16\classification\subset7\1\1_aug\6_25.npy
1,D:\Doctorat\datasets\LUNA 16\classification\subset7\1\1_aug\6_27.npy
1,D:\Doctorat\datasets\LUNA 16\classification\subset7\1\1_aug\6_28.npy
1,D:\Doctorat\datasets\LUNA 16\classification\subset7\1\1_aug\6_34.npy
1,D:\Doctorat\datasets\LUNA 16\classification\subset7\1\1_aug\6_37.npy
1,D:\Doctorat\datasets\LUNA 16\classification\subset7\1\1_aug\6_39.npy
1,D:\Doctorat\datasets\LUNA 16\classification\subset7\1\1_aug\6_5.npy
1,D:\Doctorat\datasets\LUNA 16\classification\subset7\1\1_aug\70_2.npy
1,D:\Doctorat\datasets\LUNA 16\classification\subset7\1\1_aug\70_29.npy
1,D:\Doctorat\datasets\LUNA 16\classification\subset7\1\1_aug\70_31.npy
1,D:\Doctorat\datasets\LUNA 16\classification\subset7\1\1_aug\70_33.npy
1,D:\Doctorat\datasets\LUNA 16\classification\subset7\1\1_aug\70_38.npy
1,D:\Doctorat\datasets\LUNA 16\classification\subset7\1\1_aug\70_40.npy
1,D:\Doctorat\datasets\LUNA 16\classification\subset7\1\1_aug\71_10.npy
1,D:\Doctorat\datasets\LUNA 16\classification\subset7\1\1_aug\71_11.npy
1,D:\Doctorat\datasets\LUNA 16\classification\subset7\1\1_aug\71_19.npy
1,D:\Doctorat\datasets\LUNA 16\classification\subset7\1\1_aug\71_2.npy
1,D:\Doctorat\datasets\LUNA 16\classification\subset7\1\1_aug\71_20.npy
1,D:\Doctorat\datasets\LUNA 16\classification\subset7\1\1_aug\71_24.npy
1,D:\Doctorat\datasets\LUNA 16\classification\subset7\1\1_aug\71_29.npy
1,D:\Doctorat\datasets\LUNA 16\classification\subset7\1\1_aug\72_12.npy
1,D:\Doctorat\datasets\LUNA 16\classification\subset7\1\1_aug\72_2.npy
1,D:\Doctorat\datasets\LUNA 16\classification\subset7\1\1_aug\72_26.npy
1,D:\Doctorat\datasets\LUNA 16\classification\subset7\1\1_aug\72_3.npy
1,D:\Doctorat\datasets\LUNA 16\classification\subset7\1\1_aug\72_30.npy
1,D:\Doctorat\datasets\LUNA 16\classification\subset7\1\1_aug\72_4.npy
1,D:\Doctorat\datasets\LUNA 16\classification\subset7\1\1_aug\72_7.npy
1,D:\Doctorat\datasets\LUNA 16\classification\subset7\1\1_aug\72_8.npy
1,D:\Doctorat\datasets\LUNA 16\classification\subset7\1\1_aug\73_1.npy
1,D:\Doctorat\datasets\LUNA 16\classification\subset7\1\1_aug\73_13.npy
1,D:\Doctorat\datasets\LUNA 16\classification\subset7\1\1_aug\73_21.npy
1,D:\Doctorat\datasets\LUNA 16\classification\subset7\1\1_aug\73_26.npy
1,D:\Doctorat\datasets\LUNA 16\classification\subset7\1\1_aug\73_28.npy
1,D:\Doctorat\datasets\LUNA 16\classification\subset7\1\1_aug\73_29.npy
1,D:\Doctorat\datasets\LUNA 16\classification\subset7\1\1_aug\73_31.npy
1,D:\Doctorat\datasets\LUNA 16\classification\subset7\1\1_aug\73_37.npy
1,D:\Doctorat\datasets\LUNA 16\classification\subset7\1\1_aug\73_40.npy
1,D:\Doctorat\datasets\LUNA 16\classification\subset7\1\1_aug\73_5.npy
1,D:\Doctorat\datasets\LUNA 16\classification\subset7\1\1_aug\73_8.npy
1,D:\Doctorat\datasets\LUNA 16\classification\subset7\1\1_aug\74_10.npy
1,D:\Doctorat\datasets\LUNA 16\classification\subset7\1\1_aug\74_28.npy
1,D:\Doctorat\datasets\LUNA 16\classification\subset7\1\1_aug\74_33.npy
1,D:\Doctorat\datasets\LUNA 16\classification\subset7\1\1_aug\74_36.npy
1,D:\Doctorat\datasets\LUNA 16\classification\subset7\1\1_aug\74_4.npy
1,D:\Doctorat\datasets\LUNA 16\classification\subset7\1\1_aug\74_40.npy
1,D:\Doctorat\datasets\LUNA 16\classification\subset7\1\1_aug\74_5.npy
1,D:\Doctorat\datasets\LUNA 16\classification\subset7\1\1_aug\75_12.npy
1,D:\Doctorat\datasets\LUNA 16\classification\subset7\1\1_aug\75_26.npy
1,D:\Doctorat\datasets\LUNA 16\classification\subset7\1\1_aug\75_29.npy
1,D:\Doctorat\datasets\LUNA 16\classification\subset7\1\1_aug\75_32.npy
1,D:\Doctorat\datasets\LUNA 16\classification\subset7\1\1_aug\75_34.npy
1,D:\Doctorat\datasets\LUNA 16\classification\subset7\1\1_aug\75_36.npy
1,D:\Doctorat\datasets\LUNA 16\classification\subset7\1\1_aug\75_4.npy
1,D:\Doctorat\datasets\LUNA 16\classification\subset7\1\1_aug\76_13.npy
1,D:\Doctorat\datasets\LUNA 16\classification\subset7\1\1_aug\76_25.npy
1,D:\Doctorat\datasets\LUNA 16\classification\subset7\1\1_aug\76_3.npy
1,D:\Doctorat\datasets\LUNA 16\classification\subset7\1\1_aug\76_33.npy
1,D:\Doctorat\datasets\LUNA 16\classification\subset7\1\1_aug\76_9.npy
1,D:\Doctorat\datasets\LUNA 16\classification\subset7\1\1_aug\77_13.npy
1,D:\Doctorat\datasets\LUNA 16\classification\subset7\1\1_aug\77_14.npy
1,D:\Doctorat\datasets\LUNA 16\classification\subset7\1\1_aug\77_18.npy
1,D:\Doctorat\datasets\LUNA 16\classification\subset7\1\1_aug\77_19.npy
1,D:\Doctorat\datasets\LUNA 16\classification\subset7\1\1_aug\77_22.npy
1,D:\Doctorat\datasets\LUNA 16\classification\subset7\1\1_aug\77_23.npy
1,D:\Doctorat\datasets\LUNA 16\classification\subset7\1\1_aug\77_24.npy
1,D:\Doctorat\datasets\LUNA 16\classification\subset7\1\1_aug\77_29.npy
1,D:\Doctorat\datasets\LUNA 16\classification\subset7\1\1_aug\77_3.npy
1,D:\Doctorat\datasets\LUNA 16\classification\subset7\1\1_aug\77_33.npy
1,D:\Doctorat\datasets\LUNA 16\classification\subset7\1\1_aug\77_35.npy
1,D:\Doctorat\datasets\LUNA 16\classification\subset7\1\1_aug\77_37.npy
1,D:\Doctorat\datasets\LUNA 16\classification\subset7\1\1_aug\77_39.npy
1,D:\Doctorat\datasets\LUNA 16\classification\subset7\1\1_aug\77_4.npy
1,D:\Doctorat\datasets\LUNA 16\classification\subset7\1\1_aug\77_5.npy
1,D:\Doctorat\datasets\LUNA 16\classification\subset7\1\1_aug\77_6.npy
1,D:\Doctorat\datasets\LUNA 16\classification\subset7\1\1_aug\78_14.npy
1,D:\Doctorat\datasets\LUNA 16\classification\subset7\1\1_aug\78_16.npy
1,D:\Doctorat\datasets\LUNA 16\classification\subset7\1\1_aug\78_17.npy
1,D:\Doctorat\datasets\LUNA 16\classification\subset7\1\1_aug\78_23.npy
1,D:\Doctorat\datasets\LUNA 16\classification\subset7\1\1_aug\78_24.npy
1,D:\Doctorat\datasets\LUNA 16\classification\subset7\1\1_aug\78_26.npy
1,D:\Doctorat\datasets\LUNA 16\classification\subset7\1\1_aug\78_31.npy
1,D:\Doctorat\datasets\LUNA 16\classification\subset7\1\1_aug\78_36.npy
1,D:\Doctorat\datasets\LUNA 16\classification\subset7\1\1_aug\78_4.npy
1,D:\Doctorat\datasets\LUNA 16\classification\subset7\1\1_aug\78_40.npy
1,D:\Doctorat\datasets\LUNA 16\classification\subset7\1\1_aug\79_10.npy
1,D:\Doctorat\datasets\LUNA 16\classification\subset7\1\1_aug\79_11.npy
1,D:\Doctorat\datasets\LUNA 16\classification\subset7\1\1_aug\79_24.npy
1,D:\Doctorat\datasets\LUNA 16\classification\subset7\1\1_aug\79_26.npy
1,D:\Doctorat\datasets\LUNA 16\classification\subset7\1\1_aug\79_30.npy
1,D:\Doctorat\datasets\LUNA 16\classification\subset7\1\1_aug\79_31.npy
1,D:\Doctorat\datasets\LUNA 16\classification\subset7\1\1_aug\79_38.npy
1,D:\Doctorat\datasets\LUNA 16\classification\subset7\1\1_aug\79_40.npy
1,D:\Doctorat\datasets\LUNA 16\classification\subset7\1\1_aug\79_9.npy
1,D:\Doctorat\datasets\LUNA 16\classification\subset7\1\1_aug\7_11.npy
1,D:\Doctorat\datasets\LUNA 16\classification\subset7\1\1_aug\7_20.npy
1,D:\Doctorat\datasets\LUNA 16\classification\subset7\1\1_aug\7_22.npy
1,D:\Doctorat\datasets\LUNA 16\classification\subset7\1\1_aug\7_31.npy
1,D:\Doctorat\datasets\LUNA 16\classification\subset7\1\1_aug\7_32.npy
1,D:\Doctorat\datasets\LUNA 16\classification\subset7\1\1_aug\7_35.npy
1,D:\Doctorat\datasets\LUNA 16\classification\subset7\1\1_aug\7_38.npy
1,D:\Doctorat\datasets\LUNA 16\classification\subset7\1\1_aug\7_7.npy
1,D:\Doctorat\datasets\LUNA 16\classification\subset7\1\1_aug\7_8.npy
1,D:\Doctorat\datasets\LUNA 16\classification\subset7\1\1_aug\80_12.npy
1,D:\Doctorat\datasets\LUNA 16\classification\subset7\1\1_aug\80_18.npy
1,D:\Doctorat\datasets\LUNA 16\classification\subset7\1\1_aug\80_3.npy
1,D:\Doctorat\datasets\LUNA 16\classification\subset7\1\1_aug\80_39.npy
1,D:\Doctorat\datasets\LUNA 16\classification\subset7\1\1_aug\81_10.npy
1,D:\Doctorat\datasets\LUNA 16\classification\subset7\1\1_aug\81_16.npy
1,D:\Doctorat\datasets\LUNA 16\classification\subset7\1\1_aug\81_29.npy
1,D:\Doctorat\datasets\LUNA 16\classification\subset7\1\1_aug\82_14.npy
1,D:\Doctorat\datasets\LUNA 16\classification\subset7\1\1_aug\82_16.npy
1,D:\Doctorat\datasets\LUNA 16\classification\subset7\1\1_aug\82_2.npy
1,D:\Doctorat\datasets\LUNA 16\classification\subset7\1\1_aug\82_23.npy
1,D:\Doctorat\datasets\LUNA 16\classification\subset7\1\1_aug\82_29.npy
1,D:\Doctorat\datasets\LUNA 16\classification\subset7\1\1_aug\82_36.npy
1,D:\Doctorat\datasets\LUNA 16\classification\subset7\1\1_aug\82_8.npy
1,D:\Doctorat\datasets\LUNA 16\classification\subset7\1\1_aug\83_1.npy
1,D:\Doctorat\datasets\LUNA 16\classification\subset7\1\1_aug\83_11.npy
1,D:\Doctorat\datasets\LUNA 16\classification\subset7\1\1_aug\83_16.npy
1,D:\Doctorat\datasets\LUNA 16\classification\subset7\1\1_aug\83_25.npy
1,D:\Doctorat\datasets\LUNA 16\classification\subset7\1\1_aug\83_28.npy
1,D:\Doctorat\datasets\LUNA 16\classification\subset7\1\1_aug\83_29.npy
1,D:\Doctorat\datasets\LUNA 16\classification\subset7\1\1_aug\83_30.npy
1,D:\Doctorat\datasets\LUNA 16\classification\subset7\1\1_aug\83_32.npy
1,D:\Doctorat\datasets\LUNA 16\classification\subset7\1\1_aug\83_38.npy
1,D:\Doctorat\datasets\LUNA 16\classification\subset7\1\1_aug\83_4.npy
1,D:\Doctorat\datasets\LUNA 16\classification\subset7\1\1_aug\84_10.npy
1,D:\Doctorat\datasets\LUNA 16\classification\subset7\1\1_aug\84_15.npy
1,D:\Doctorat\datasets\LUNA 16\classification\subset7\1\1_aug\84_22.npy
1,D:\Doctorat\datasets\LUNA 16\classification\subset7\1\1_aug\84_23.npy
1,D:\Doctorat\datasets\LUNA 16\classification\subset7\1\1_aug\84_26.npy
1,D:\Doctorat\datasets\LUNA 16\classification\subset7\1\1_aug\84_29.npy
1,D:\Doctorat\datasets\LUNA 16\classification\subset7\1\1_aug\84_3.npy
1,D:\Doctorat\datasets\LUNA 16\classification\subset7\1\1_aug\84_37.npy
1,D:\Doctorat\datasets\LUNA 16\classification\subset7\1\1_aug\84_39.npy
1,D:\Doctorat\datasets\LUNA 16\classification\subset7\1\1_aug\84_6.npy
1,D:\Doctorat\datasets\LUNA 16\classification\subset7\1\1_aug\85_1.npy
1,D:\Doctorat\datasets\LUNA 16\classification\subset7\1\1_aug\85_10.npy
1,D:\Doctorat\datasets\LUNA 16\classification\subset7\1\1_aug\85_12.npy
1,D:\Doctorat\datasets\LUNA 16\classification\subset7\1\1_aug\85_16.npy
1,D:\Doctorat\datasets\LUNA 16\classification\subset7\1\1_aug\85_17.npy
1,D:\Doctorat\datasets\LUNA 16\classification\subset7\1\1_aug\85_26.npy
1,D:\Doctorat\datasets\LUNA 16\classification\subset7\1\1_aug\85_29.npy
1,D:\Doctorat\datasets\LUNA 16\classification\subset7\1\1_aug\85_31.npy
1,D:\Doctorat\datasets\LUNA 16\classification\subset7\1\1_aug\85_34.npy
1,D:\Doctorat\datasets\LUNA 16\classification\subset7\1\1_aug\85_35.npy
1,D:\Doctorat\datasets\LUNA 16\classification\subset7\1\1_aug\85_38.npy
1,D:\Doctorat\datasets\LUNA 16\classification\subset7\1\1_aug\85_5.npy
1,D:\Doctorat\datasets\LUNA 16\classification\subset7\1\1_aug\85_9.npy
1,D:\Doctorat\datasets\LUNA 16\classification\subset7\1\1_aug\86_1.npy
1,D:\Doctorat\datasets\LUNA 16\classification\subset7\1\1_aug\86_11.npy
1,D:\Doctorat\datasets\LUNA 16\classification\subset7\1\1_aug\86_19.npy
1,D:\Doctorat\datasets\LUNA 16\classification\subset7\1\1_aug\86_29.npy
1,D:\Doctorat\datasets\LUNA 16\classification\subset7\1\1_aug\86_30.npy
1,D:\Doctorat\datasets\LUNA 16\classification\subset7\1\1_aug\86_33.npy
1,D:\Doctorat\datasets\LUNA 16\classification\subset7\1\1_aug\86_36.npy
1,D:\Doctorat\datasets\LUNA 16\classification\subset7\1\1_aug\86_38.npy
1,D:\Doctorat\datasets\LUNA 16\classification\subset7\1\1_aug\87_18.npy
1,D:\Doctorat\datasets\LUNA 16\classification\subset7\1\1_aug\87_29.npy
1,D:\Doctorat\datasets\LUNA 16\classification\subset7\1\1_aug\87_35.npy
1,D:\Doctorat\datasets\LUNA 16\classification\subset7\1\1_aug\87_38.npy
1,D:\Doctorat\datasets\LUNA 16\classification\subset7\1\1_aug\87_9.npy
1,D:\Doctorat\datasets\LUNA 16\classification\subset7\1\1_aug\88_10.npy
1,D:\Doctorat\datasets\LUNA 16\classification\subset7\1\1_aug\88_12.npy
1,D:\Doctorat\datasets\LUNA 16\classification\subset7\1\1_aug\88_15.npy
1,D:\Doctorat\datasets\LUNA 16\classification\subset7\1\1_aug\88_17.npy
1,D:\Doctorat\datasets\LUNA 16\classification\subset7\1\1_aug\88_20.npy
1,D:\Doctorat\datasets\LUNA 16\classification\subset7\1\1_aug\88_28.npy
1,D:\Doctorat\datasets\LUNA 16\classification\subset7\1\1_aug\88_36.npy
1,D:\Doctorat\datasets\LUNA 16\classification\subset7\1\1_aug\88_37.npy
1,D:\Doctorat\datasets\LUNA 16\classification\subset7\1\1_aug\88_6.npy
1,D:\Doctorat\datasets\LUNA 16\classification\subset7\1\1_aug\89_14.npy
1,D:\Doctorat\datasets\LUNA 16\classification\subset7\1\1_aug\89_15.npy
1,D:\Doctorat\datasets\LUNA 16\classification\subset7\1\1_aug\89_16.npy
1,D:\Doctorat\datasets\LUNA 16\classification\subset7\1\1_aug\89_20.npy
1,D:\Doctorat\datasets\LUNA 16\classification\subset7\1\1_aug\89_24.npy
1,D:\Doctorat\datasets\LUNA 16\classification\subset7\1\1_aug\89_29.npy
1,D:\Doctorat\datasets\LUNA 16\classification\subset7\1\1_aug\89_33.npy
1,D:\Doctorat\datasets\LUNA 16\classification\subset7\1\1_aug\89_37.npy
1,D:\Doctorat\datasets\LUNA 16\classification\subset7\1\1_aug\89_38.npy
1,D:\Doctorat\datasets\LUNA 16\classification\subset7\1\1_aug\89_6.npy
1,D:\Doctorat\datasets\LUNA 16\classification\subset7\1\1_aug\89_7.npy
1,D:\Doctorat\datasets\LUNA 16\classification\subset7\1\1_aug\8_1.npy
1,D:\Doctorat\datasets\LUNA 16\classification\subset7\1\1_aug\8_23.npy
1,D:\Doctorat\datasets\LUNA 16\classification\subset7\1\1_aug\8_31.npy
1,D:\Doctorat\datasets\LUNA 16\classification\subset7\1\1_aug\8_4.npy
1,D:\Doctorat\datasets\LUNA 16\classification\subset7\1\1_aug\8_9.npy
1,D:\Doctorat\datasets\LUNA 16\classification\subset7\1\1_aug\90_1.npy
1,D:\Doctorat\datasets\LUNA 16\classification\subset7\1\1_aug\90_20.npy
1,D:\Doctorat\datasets\LUNA 16\classification\subset7\1\1_aug\90_21.npy
1,D:\Doctorat\datasets\LUNA 16\classification\subset7\1\1_aug\90_25.npy
1,D:\Doctorat\datasets\LUNA 16\classification\subset7\1\1_aug\90_31.npy
1,D:\Doctorat\datasets\LUNA 16\classification\subset7\1\1_aug\90_35.npy
1,D:\Doctorat\datasets\LUNA 16\classification\subset7\1\1_aug\90_36.npy
1,D:\Doctorat\datasets\LUNA 16\classification\subset7\1\1_aug\90_9.npy
1,D:\Doctorat\datasets\LUNA 16\classification\subset7\1\1_aug\91_15.npy
1,D:\Doctorat\datasets\LUNA 16\classification\subset7\1\1_aug\91_22.npy
1,D:\Doctorat\datasets\LUNA 16\classification\subset7\1\1_aug\91_24.npy
1,D:\Doctorat\datasets\LUNA 16\classification\subset7\1\1_aug\91_25.npy
1,D:\Doctorat\datasets\LUNA 16\classification\subset7\1\1_aug\91_28.npy
1,D:\Doctorat\datasets\LUNA 16\classification\subset7\1\1_aug\91_29.npy
1,D:\Doctorat\datasets\LUNA 16\classification\subset7\1\1_aug\91_40.npy
1,D:\Doctorat\datasets\LUNA 16\classification\subset7\1\1_aug\91_5.npy
1,D:\Doctorat\datasets\LUNA 16\classification\subset7\1\1_aug\91_6.npy
1,D:\Doctorat\datasets\LUNA 16\classification\subset7\1\1_aug\91_7.npy
1,D:\Doctorat\datasets\LUNA 16\classification\subset7\1\1_aug\92_10.npy
1,D:\Doctorat\datasets\LUNA 16\classification\subset7\1\1_aug\92_11.npy
1,D:\Doctorat\datasets\LUNA 16\classification\subset7\1\1_aug\92_15.npy
1,D:\Doctorat\datasets\LUNA 16\classification\subset7\1\1_aug\92_2.npy
1,D:\Doctorat\datasets\LUNA 16\classification\subset7\1\1_aug\92_23.npy
1,D:\Doctorat\datasets\LUNA 16\classification\subset7\1\1_aug\92_25.npy
1,D:\Doctorat\datasets\LUNA 16\classification\subset7\1\1_aug\92_28.npy
1,D:\Doctorat\datasets\LUNA 16\classification\subset7\1\1_aug\92_30.npy
1,D:\Doctorat\datasets\LUNA 16\classification\subset7\1\1_aug\92_36.npy
1,D:\Doctorat\datasets\LUNA 16\classification\subset7\1\1_aug\92_7.npy
1,D:\Doctorat\datasets\LUNA 16\classification\subset7\1\1_aug\93_11.npy
1,D:\Doctorat\datasets\LUNA 16\classification\subset7\1\1_aug\93_12.npy
1,D:\Doctorat\datasets\LUNA 16\classification\subset7\1\1_aug\93_19.npy
1,D:\Doctorat\datasets\LUNA 16\classification\subset7\1\1_aug\93_24.npy
1,D:\Doctorat\datasets\LUNA 16\classification\subset7\1\1_aug\93_30.npy
1,D:\Doctorat\datasets\LUNA 16\classification\subset7\1\1_aug\93_31.npy
1,D:\Doctorat\datasets\LUNA 16\classification\subset7\1\1_aug\93_40.npy
1,D:\Doctorat\datasets\LUNA 16\classification\subset7\1\1_aug\93_7.npy
1,D:\Doctorat\datasets\LUNA 16\classification\subset7\1\1_aug\94_1.npy
1,D:\Doctorat\datasets\LUNA 16\classification\subset7\1\1_aug\94_15.npy
1,D:\Doctorat\datasets\LUNA 16\classification\subset7\1\1_aug\94_22.npy
1,D:\Doctorat\datasets\LUNA 16\classification\subset7\1\1_aug\94_38.npy
1,D:\Doctorat\datasets\LUNA 16\classification\subset7\1\1_aug\94_40.npy
1,D:\Doctorat\datasets\LUNA 16\classification\subset7\1\1_aug\94_7.npy
1,D:\Doctorat\datasets\LUNA 16\classification\subset7\1\1_aug\94_9.npy
1,D:\Doctorat\datasets\LUNA 16\classification\subset7\1\1_aug\95_19.npy
1,D:\Doctorat\datasets\LUNA 16\classification\subset7\1\1_aug\95_23.npy
1,D:\Doctorat\datasets\LUNA 16\classification\subset7\1\1_aug\95_35.npy
1,D:\Doctorat\datasets\LUNA 16\classification\subset7\1\1_aug\95_9.npy
1,D:\Doctorat\datasets\LUNA 16\classification\subset7\1\1_aug\96_11.npy
1,D:\Doctorat\datasets\LUNA 16\classification\subset7\1\1_aug\96_13.npy
1,D:\Doctorat\datasets\LUNA 16\classification\subset7\1\1_aug\96_18.npy
1,D:\Doctorat\datasets\LUNA 16\classification\subset7\1\1_aug\96_25.npy
1,D:\Doctorat\datasets\LUNA 16\classification\subset7\1\1_aug\96_29.npy
1,D:\Doctorat\datasets\LUNA 16\classification\subset7\1\1_aug\96_31.npy
1,D:\Doctorat\datasets\LUNA 16\classification\subset7\1\1_aug\96_35.npy
1,D:\Doctorat\datasets\LUNA 16\classification\subset7\1\1_aug\96_37.npy
1,D:\Doctorat\datasets\LUNA 16\classification\subset7\1\1_aug\96_6.npy
1,D:\Doctorat\datasets\LUNA 16\classification\subset7\1\1_aug\97_13.npy
1,D:\Doctorat\datasets\LUNA 16\classification\subset7\1\1_aug\97_18.npy
1,D:\Doctorat\datasets\LUNA 16\classification\subset7\1\1_aug\97_19.npy
1,D:\Doctorat\datasets\LUNA 16\classification\subset7\1\1_aug\97_31.npy
1,D:\Doctorat\datasets\LUNA 16\classification\subset7\1\1_aug\97_6.npy
1,D:\Doctorat\datasets\LUNA 16\classification\subset7\1\1_aug\98_10.npy
1,D:\Doctorat\datasets\LUNA 16\classification\subset7\1\1_aug\98_17.npy
1,D:\Doctorat\datasets\LUNA 16\classification\subset7\1\1_aug\98_19.npy
1,D:\Doctorat\datasets\LUNA 16\classification\subset7\1\1_aug\98_2.npy
1,D:\Doctorat\datasets\LUNA 16\classification\subset7\1\1_aug\98_36.npy
1,D:\Doctorat\datasets\LUNA 16\classification\subset7\1\1_aug\98_37.npy
1,D:\Doctorat\datasets\LUNA 16\classification\subset7\1\1_aug\98_4.npy
1,D:\Doctorat\datasets\LUNA 16\classification\subset7\1\1_aug\99_13.npy
1,D:\Doctorat\datasets\LUNA 16\classification\subset7\1\1_aug\99_15.npy
1,D:\Doctorat\datasets\LUNA 16\classification\subset7\1\1_aug\99_17.npy
1,D:\Doctorat\datasets\LUNA 16\classification\subset7\1\1_aug\99_32.npy
1,D:\Doctorat\datasets\LUNA 16\classification\subset7\1\1_aug\99_37.npy
1,D:\Doctorat\datasets\LUNA 16\classification\subset7\1\1_aug\99_40.npy
1,D:\Doctorat\datasets\LUNA 16\classification\subset7\1\1_aug\99_6.npy
1,D:\Doctorat\datasets\LUNA 16\classification\subset7\1\1_aug\99_7.npy
1,D:\Doctorat\datasets\LUNA 16\classification\subset7\1\1_aug\99_9.npy
1,D:\Doctorat\datasets\LUNA 16\classification\subset7\1\1_aug\9_1.npy
1,D:\Doctorat\datasets\LUNA 16\classification\subset7\1\1_aug\9_2.npy
1,D:\Doctorat\datasets\LUNA 16\classification\subset7\1\1_aug\9_20.npy
1,D:\Doctorat\datasets\LUNA 16\classification\subset7\1\1_aug\9_21.npy
1,D:\Doctorat\datasets\LUNA 16\classification\subset7\1\1_aug\9_24.npy
1,D:\Doctorat\datasets\LUNA 16\classification\subset7\1\1_aug\9_25.npy
1,D:\Doctorat\datasets\LUNA 16\classification\subset7\1\1_aug\9_31.npy
1,D:\Doctorat\datasets\LUNA 16\classification\subset7\1\1_aug\9_35.npy
1,D:\Doctorat\datasets\LUNA 16\classification\subset7\1\1_aug\9_6.npy
1,D:\Doctorat\datasets\LUNA 16\classification\subset8\1\1_aug\0_19.npy
1,D:\Doctorat\datasets\LUNA 16\classification\subset8\1\1_aug\0_26.npy
1,D:\Doctorat\datasets\LUNA 16\classification\subset8\1\1_aug\0_29.npy
1,D:\Doctorat\datasets\LUNA 16\classification\subset8\1\1_aug\0_32.npy
1,D:\Doctorat\datasets\LUNA 16\classification\subset8\1\1_aug\0_34.npy
1,D:\Doctorat\datasets\LUNA 16\classification\subset8\1\1_aug\0_36.npy
1,D:\Doctorat\datasets\LUNA 16\classification\subset8\1\1_aug\0_37.npy
1,D:\Doctorat\datasets\LUNA 16\classification\subset8\1\1_aug\0_39.npy
1,D:\Doctorat\datasets\LUNA 16\classification\subset8\1\1_aug\0_7.npy
1,D:\Doctorat\datasets\LUNA 16\classification\subset8\1\1_aug\100_10.npy
1,D:\Doctorat\datasets\LUNA 16\classification\subset8\1\1_aug\100_12.npy
1,D:\Doctorat\datasets\LUNA 16\classification\subset8\1\1_aug\100_19.npy
1,D:\Doctorat\datasets\LUNA 16\classification\subset8\1\1_aug\100_21.npy
1,D:\Doctorat\datasets\LUNA 16\classification\subset8\1\1_aug\100_22.npy
1,D:\Doctorat\datasets\LUNA 16\classification\subset8\1\1_aug\100_23.npy
1,D:\Doctorat\datasets\LUNA 16\classification\subset8\1\1_aug\100_25.npy
1,D:\Doctorat\datasets\LUNA 16\classification\subset8\1\1_aug\100_27.npy
1,D:\Doctorat\datasets\LUNA 16\classification\subset8\1\1_aug\100_3.npy
1,D:\Doctorat\datasets\LUNA 16\classification\subset8\1\1_aug\100_31.npy
1,D:\Doctorat\datasets\LUNA 16\classification\subset8\1\1_aug\100_32.npy
1,D:\Doctorat\datasets\LUNA 16\classification\subset8\1\1_aug\100_5.npy
1,D:\Doctorat\datasets\LUNA 16\classification\subset8\1\1_aug\100_6.npy
1,D:\Doctorat\datasets\LUNA 16\classification\subset8\1\1_aug\101_1.npy
1,D:\Doctorat\datasets\LUNA 16\classification\subset8\1\1_aug\101_2.npy
1,D:\Doctorat\datasets\LUNA 16\classification\subset8\1\1_aug\101_20.npy
1,D:\Doctorat\datasets\LUNA 16\classification\subset8\1\1_aug\101_22.npy
1,D:\Doctorat\datasets\LUNA 16\classification\subset8\1\1_aug\101_3.npy
1,D:\Doctorat\datasets\LUNA 16\classification\subset8\1\1_aug\101_32.npy
1,D:\Doctorat\datasets\LUNA 16\classification\subset8\1\1_aug\101_33.npy
1,D:\Doctorat\datasets\LUNA 16\classification\subset8\1\1_aug\101_36.npy
1,D:\Doctorat\datasets\LUNA 16\classification\subset8\1\1_aug\101_39.npy
1,D:\Doctorat\datasets\LUNA 16\classification\subset8\1\1_aug\101_5.npy
1,D:\Doctorat\datasets\LUNA 16\classification\subset8\1\1_aug\101_8.npy
1,D:\Doctorat\datasets\LUNA 16\classification\subset8\1\1_aug\102_14.npy
1,D:\Doctorat\datasets\LUNA 16\classification\subset8\1\1_aug\102_26.npy
1,D:\Doctorat\datasets\LUNA 16\classification\subset8\1\1_aug\102_33.npy
1,D:\Doctorat\datasets\LUNA 16\classification\subset8\1\1_aug\102_8.npy
1,D:\Doctorat\datasets\LUNA 16\classification\subset8\1\1_aug\103_18.npy
1,D:\Doctorat\datasets\LUNA 16\classification\subset8\1\1_aug\103_19.npy
1,D:\Doctorat\datasets\LUNA 16\classification\subset8\1\1_aug\103_20.npy
1,D:\Doctorat\datasets\LUNA 16\classification\subset8\1\1_aug\103_26.npy
1,D:\Doctorat\datasets\LUNA 16\classification\subset8\1\1_aug\103_3.npy
1,D:\Doctorat\datasets\LUNA 16\classification\subset8\1\1_aug\103_32.npy
1,D:\Doctorat\datasets\LUNA 16\classification\subset8\1\1_aug\104_10.npy
1,D:\Doctorat\datasets\LUNA 16\classification\subset8\1\1_aug\104_17.npy
1,D:\Doctorat\datasets\LUNA 16\classification\subset8\1\1_aug\104_20.npy
1,D:\Doctorat\datasets\LUNA 16\classification\subset8\1\1_aug\104_21.npy
1,D:\Doctorat\datasets\LUNA 16\classification\subset8\1\1_aug\104_27.npy
1,D:\Doctorat\datasets\LUNA 16\classification\subset8\1\1_aug\104_29.npy
1,D:\Doctorat\datasets\LUNA 16\classification\subset8\1\1_aug\104_31.npy
1,D:\Doctorat\datasets\LUNA 16\classification\subset8\1\1_aug\104_35.npy
1,D:\Doctorat\datasets\LUNA 16\classification\subset8\1\1_aug\104_5.npy
1,D:\Doctorat\datasets\LUNA 16\classification\subset8\1\1_aug\105_30.npy
1,D:\Doctorat\datasets\LUNA 16\classification\subset8\1\1_aug\105_31.npy
1,D:\Doctorat\datasets\LUNA 16\classification\subset8\1\1_aug\105_35.npy
1,D:\Doctorat\datasets\LUNA 16\classification\subset8\1\1_aug\105_36.npy
1,D:\Doctorat\datasets\LUNA 16\classification\subset8\1\1_aug\105_37.npy
1,D:\Doctorat\datasets\LUNA 16\classification\subset8\1\1_aug\106_17.npy
1,D:\Doctorat\datasets\LUNA 16\classification\subset8\1\1_aug\106_19.npy
1,D:\Doctorat\datasets\LUNA 16\classification\subset8\1\1_aug\106_28.npy
1,D:\Doctorat\datasets\LUNA 16\classification\subset8\1\1_aug\106_3.npy
1,D:\Doctorat\datasets\LUNA 16\classification\subset8\1\1_aug\106_35.npy
1,D:\Doctorat\datasets\LUNA 16\classification\subset8\1\1_aug\106_39.npy
1,D:\Doctorat\datasets\LUNA 16\classification\subset8\1\1_aug\106_4.npy
1,D:\Doctorat\datasets\LUNA 16\classification\subset8\1\1_aug\106_6.npy
1,D:\Doctorat\datasets\LUNA 16\classification\subset8\1\1_aug\107_11.npy
1,D:\Doctorat\datasets\LUNA 16\classification\subset8\1\1_aug\107_14.npy
1,D:\Doctorat\datasets\LUNA 16\classification\subset8\1\1_aug\107_16.npy
1,D:\Doctorat\datasets\LUNA 16\classification\subset8\1\1_aug\107_17.npy
1,D:\Doctorat\datasets\LUNA 16\classification\subset8\1\1_aug\107_24.npy
1,D:\Doctorat\datasets\LUNA 16\classification\subset8\1\1_aug\107_25.npy
1,D:\Doctorat\datasets\LUNA 16\classification\subset8\1\1_aug\107_27.npy
1,D:\Doctorat\datasets\LUNA 16\classification\subset8\1\1_aug\107_3.npy
1,D:\Doctorat\datasets\LUNA 16\classification\subset8\1\1_aug\107_30.npy
1,D:\Doctorat\datasets\LUNA 16\classification\subset8\1\1_aug\107_38.npy
1,D:\Doctorat\datasets\LUNA 16\classification\subset8\1\1_aug\107_8.npy
1,D:\Doctorat\datasets\LUNA 16\classification\subset8\1\1_aug\108_1.npy
1,D:\Doctorat\datasets\LUNA 16\classification\subset8\1\1_aug\108_12.npy
1,D:\Doctorat\datasets\LUNA 16\classification\subset8\1\1_aug\108_13.npy
1,D:\Doctorat\datasets\LUNA 16\classification\subset8\1\1_aug\108_15.npy
1,D:\Doctorat\datasets\LUNA 16\classification\subset8\1\1_aug\108_16.npy
1,D:\Doctorat\datasets\LUNA 16\classification\subset8\1\1_aug\108_19.npy
1,D:\Doctorat\datasets\LUNA 16\classification\subset8\1\1_aug\108_29.npy
1,D:\Doctorat\datasets\LUNA 16\classification\subset8\1\1_aug\108_3.npy
1,D:\Doctorat\datasets\LUNA 16\classification\subset8\1\1_aug\108_33.npy
1,D:\Doctorat\datasets\LUNA 16\classification\subset8\1\1_aug\108_34.npy
1,D:\Doctorat\datasets\LUNA 16\classification\subset8\1\1_aug\108_5.npy
1,D:\Doctorat\datasets\LUNA 16\classification\subset8\1\1_aug\109_10.npy
1,D:\Doctorat\datasets\LUNA 16\classification\subset8\1\1_aug\109_16.npy
1,D:\Doctorat\datasets\LUNA 16\classification\subset8\1\1_aug\109_20.npy
1,D:\Doctorat\datasets\LUNA 16\classification\subset8\1\1_aug\109_33.npy
1,D:\Doctorat\datasets\LUNA 16\classification\subset8\1\1_aug\109_38.npy
1,D:\Doctorat\datasets\LUNA 16\classification\subset8\1\1_aug\109_4.npy
1,D:\Doctorat\datasets\LUNA 16\classification\subset8\1\1_aug\109_7.npy
1,D:\Doctorat\datasets\LUNA 16\classification\subset8\1\1_aug\10_5.npy
1,D:\Doctorat\datasets\LUNA 16\classification\subset8\1\1_aug\10_8.npy
1,D:\Doctorat\datasets\LUNA 16\classification\subset8\1\1_aug\10_9.npy
1,D:\Doctorat\datasets\LUNA 16\classification\subset8\1\1_aug\110_12.npy
1,D:\Doctorat\datasets\LUNA 16\classification\subset8\1\1_aug\110_22.npy
1,D:\Doctorat\datasets\LUNA 16\classification\subset8\1\1_aug\110_28.npy
1,D:\Doctorat\datasets\LUNA 16\classification\subset8\1\1_aug\110_35.npy
1,D:\Doctorat\datasets\LUNA 16\classification\subset8\1\1_aug\111_11.npy
1,D:\Doctorat\datasets\LUNA 16\classification\subset8\1\1_aug\111_19.npy
1,D:\Doctorat\datasets\LUNA 16\classification\subset8\1\1_aug\111_25.npy
1,D:\Doctorat\datasets\LUNA 16\classification\subset8\1\1_aug\111_30.npy
1,D:\Doctorat\datasets\LUNA 16\classification\subset8\1\1_aug\112_1.npy
1,D:\Doctorat\datasets\LUNA 16\classification\subset8\1\1_aug\112_11.npy
1,D:\Doctorat\datasets\LUNA 16\classification\subset8\1\1_aug\112_16.npy
1,D:\Doctorat\datasets\LUNA 16\classification\subset8\1\1_aug\112_18.npy
1,D:\Doctorat\datasets\LUNA 16\classification\subset8\1\1_aug\112_2.npy
1,D:\Doctorat\datasets\LUNA 16\classification\subset8\1\1_aug\112_21.npy
1,D:\Doctorat\datasets\LUNA 16\classification\subset8\1\1_aug\112_22.npy
1,D:\Doctorat\datasets\LUNA 16\classification\subset8\1\1_aug\112_33.npy
1,D:\Doctorat\datasets\LUNA 16\classification\subset8\1\1_aug\112_34.npy
1,D:\Doctorat\datasets\LUNA 16\classification\subset8\1\1_aug\112_38.npy
1,D:\Doctorat\datasets\LUNA 16\classification\subset8\1\1_aug\112_4.npy
1,D:\Doctorat\datasets\LUNA 16\classification\subset8\1\1_aug\113_10.npy
1,D:\Doctorat\datasets\LUNA 16\classification\subset8\1\1_aug\113_11.npy
1,D:\Doctorat\datasets\LUNA 16\classification\subset8\1\1_aug\113_14.npy
1,D:\Doctorat\datasets\LUNA 16\classification\subset8\1\1_aug\113_16.npy
1,D:\Doctorat\datasets\LUNA 16\classification\subset8\1\1_aug\113_2.npy
1,D:\Doctorat\datasets\LUNA 16\classification\subset8\1\1_aug\113_26.npy
1,D:\Doctorat\datasets\LUNA 16\classification\subset8\1\1_aug\113_29.npy
1,D:\Doctorat\datasets\LUNA 16\classification\subset8\1\1_aug\113_30.npy
1,D:\Doctorat\datasets\LUNA 16\classification\subset8\1\1_aug\113_5.npy
1,D:\Doctorat\datasets\LUNA 16\classification\subset8\1\1_aug\114_10.npy
1,D:\Doctorat\datasets\LUNA 16\classification\subset8\1\1_aug\114_11.npy
1,D:\Doctorat\datasets\LUNA 16\classification\subset8\1\1_aug\114_16.npy
1,D:\Doctorat\datasets\LUNA 16\classification\subset8\1\1_aug\114_20.npy
1,D:\Doctorat\datasets\LUNA 16\classification\subset8\1\1_aug\114_22.npy
1,D:\Doctorat\datasets\LUNA 16\classification\subset8\1\1_aug\114_24.npy
1,D:\Doctorat\datasets\LUNA 16\classification\subset8\1\1_aug\114_3.npy
1,D:\Doctorat\datasets\LUNA 16\classification\subset8\1\1_aug\114_40.npy
1,D:\Doctorat\datasets\LUNA 16\classification\subset8\1\1_aug\114_6.npy
1,D:\Doctorat\datasets\LUNA 16\classification\subset8\1\1_aug\114_7.npy
1,D:\Doctorat\datasets\LUNA 16\classification\subset8\1\1_aug\114_9.npy
1,D:\Doctorat\datasets\LUNA 16\classification\subset8\1\1_aug\115_10.npy
1,D:\Doctorat\datasets\LUNA 16\classification\subset8\1\1_aug\115_18.npy
1,D:\Doctorat\datasets\LUNA 16\classification\subset8\1\1_aug\115_19.npy
1,D:\Doctorat\datasets\LUNA 16\classification\subset8\1\1_aug\115_2.npy
1,D:\Doctorat\datasets\LUNA 16\classification\subset8\1\1_aug\115_21.npy
1,D:\Doctorat\datasets\LUNA 16\classification\subset8\1\1_aug\115_35.npy
1,D:\Doctorat\datasets\LUNA 16\classification\subset8\1\1_aug\116_13.npy
1,D:\Doctorat\datasets\LUNA 16\classification\subset8\1\1_aug\116_14.npy
1,D:\Doctorat\datasets\LUNA 16\classification\subset8\1\1_aug\116_2.npy
1,D:\Doctorat\datasets\LUNA 16\classification\subset8\1\1_aug\116_21.npy
1,D:\Doctorat\datasets\LUNA 16\classification\subset8\1\1_aug\116_22.npy
1,D:\Doctorat\datasets\LUNA 16\classification\subset8\1\1_aug\116_23.npy
1,D:\Doctorat\datasets\LUNA 16\classification\subset8\1\1_aug\116_5.npy
1,D:\Doctorat\datasets\LUNA 16\classification\subset8\1\1_aug\117_1.npy
1,D:\Doctorat\datasets\LUNA 16\classification\subset8\1\1_aug\117_19.npy
1,D:\Doctorat\datasets\LUNA 16\classification\subset8\1\1_aug\117_22.npy
1,D:\Doctorat\datasets\LUNA 16\classification\subset8\1\1_aug\117_29.npy
1,D:\Doctorat\datasets\LUNA 16\classification\subset8\1\1_aug\117_3.npy
1,D:\Doctorat\datasets\LUNA 16\classification\subset8\1\1_aug\117_31.npy
1,D:\Doctorat\datasets\LUNA 16\classification\subset8\1\1_aug\117_37.npy
1,D:\Doctorat\datasets\LUNA 16\classification\subset8\1\1_aug\117_38.npy
1,D:\Doctorat\datasets\LUNA 16\classification\subset8\1\1_aug\117_4.npy
1,D:\Doctorat\datasets\LUNA 16\classification\subset8\1\1_aug\117_8.npy
1,D:\Doctorat\datasets\LUNA 16\classification\subset8\1\1_aug\118_12.npy
1,D:\Doctorat\datasets\LUNA 16\classification\subset8\1\1_aug\118_18.npy
1,D:\Doctorat\datasets\LUNA 16\classification\subset8\1\1_aug\118_20.npy
1,D:\Doctorat\datasets\LUNA 16\classification\subset8\1\1_aug\118_24.npy
1,D:\Doctorat\datasets\LUNA 16\classification\subset8\1\1_aug\118_40.npy
1,D:\Doctorat\datasets\LUNA 16\classification\subset8\1\1_aug\119_2.npy
1,D:\Doctorat\datasets\LUNA 16\classification\subset8\1\1_aug\119_25.npy
1,D:\Doctorat\datasets\LUNA 16\classification\subset8\1\1_aug\119_32.npy
1,D:\Doctorat\datasets\LUNA 16\classification\subset8\1\1_aug\119_33.npy
1,D:\Doctorat\datasets\LUNA 16\classification\subset8\1\1_aug\119_4.npy
1,D:\Doctorat\datasets\LUNA 16\classification\subset8\1\1_aug\119_5.npy
1,D:\Doctorat\datasets\LUNA 16\classification\subset8\1\1_aug\119_6.npy
1,D:\Doctorat\datasets\LUNA 16\classification\subset8\1\1_aug\11_1.npy
1,D:\Doctorat\datasets\LUNA 16\classification\subset8\1\1_aug\11_11.npy
1,D:\Doctorat\datasets\LUNA 16\classification\subset8\1\1_aug\11_27.npy
1,D:\Doctorat\datasets\LUNA 16\classification\subset8\1\1_aug\11_6.npy
1,D:\Doctorat\datasets\LUNA 16\classification\subset8\1\1_aug\120_13.npy
1,D:\Doctorat\datasets\LUNA 16\classification\subset8\1\1_aug\120_14.npy
1,D:\Doctorat\datasets\LUNA 16\classification\subset8\1\1_aug\120_18.npy
1,D:\Doctorat\datasets\LUNA 16\classification\subset8\1\1_aug\120_26.npy
1,D:\Doctorat\datasets\LUNA 16\classification\subset8\1\1_aug\120_32.npy
1,D:\Doctorat\datasets\LUNA 16\classification\subset8\1\1_aug\120_33.npy
1,D:\Doctorat\datasets\LUNA 16\classification\subset8\1\1_aug\120_34.npy
1,D:\Doctorat\datasets\LUNA 16\classification\subset8\1\1_aug\120_35.npy
1,D:\Doctorat\datasets\LUNA 16\classification\subset8\1\1_aug\121_1.npy
1,D:\Doctorat\datasets\LUNA 16\classification\subset8\1\1_aug\121_16.npy
1,D:\Doctorat\datasets\LUNA 16\classification\subset8\1\1_aug\121_19.npy
1,D:\Doctorat\datasets\LUNA 16\classification\subset8\1\1_aug\121_2.npy
1,D:\Doctorat\datasets\LUNA 16\classification\subset8\1\1_aug\121_29.npy
1,D:\Doctorat\datasets\LUNA 16\classification\subset8\1\1_aug\121_30.npy
1,D:\Doctorat\datasets\LUNA 16\classification\subset8\1\1_aug\121_32.npy
1,D:\Doctorat\datasets\LUNA 16\classification\subset8\1\1_aug\121_39.npy
1,D:\Doctorat\datasets\LUNA 16\classification\subset8\1\1_aug\122_16.npy
1,D:\Doctorat\datasets\LUNA 16\classification\subset8\1\1_aug\122_18.npy
1,D:\Doctorat\datasets\LUNA 16\classification\subset8\1\1_aug\122_32.npy
1,D:\Doctorat\datasets\LUNA 16\classification\subset8\1\1_aug\122_39.npy
1,D:\Doctorat\datasets\LUNA 16\classification\subset8\1\1_aug\122_4.npy
1,D:\Doctorat\datasets\LUNA 16\classification\subset8\1\1_aug\123_16.npy
1,D:\Doctorat\datasets\LUNA 16\classification\subset8\1\1_aug\123_22.npy
1,D:\Doctorat\datasets\LUNA 16\classification\subset8\1\1_aug\123_24.npy
1,D:\Doctorat\datasets\LUNA 16\classification\subset8\1\1_aug\123_26.npy
1,D:\Doctorat\datasets\LUNA 16\classification\subset8\1\1_aug\123_32.npy
1,D:\Doctorat\datasets\LUNA 16\classification\subset8\1\1_aug\123_34.npy
1,D:\Doctorat\datasets\LUNA 16\classification\subset8\1\1_aug\123_40.npy
1,D:\Doctorat\datasets\LUNA 16\classification\subset8\1\1_aug\123_7.npy
1,D:\Doctorat\datasets\LUNA 16\classification\subset8\1\1_aug\124_10.npy
1,D:\Doctorat\datasets\LUNA 16\classification\subset8\1\1_aug\124_15.npy
1,D:\Doctorat\datasets\LUNA 16\classification\subset8\1\1_aug\124_2.npy
1,D:\Doctorat\datasets\LUNA 16\classification\subset8\1\1_aug\124_25.npy
1,D:\Doctorat\datasets\LUNA 16\classification\subset8\1\1_aug\124_29.npy
1,D:\Doctorat\datasets\LUNA 16\classification\subset8\1\1_aug\124_3.npy
1,D:\Doctorat\datasets\LUNA 16\classification\subset8\1\1_aug\125_13.npy
1,D:\Doctorat\datasets\LUNA 16\classification\subset8\1\1_aug\125_14.npy
1,D:\Doctorat\datasets\LUNA 16\classification\subset8\1\1_aug\125_16.npy
1,D:\Doctorat\datasets\LUNA 16\classification\subset8\1\1_aug\125_20.npy
1,D:\Doctorat\datasets\LUNA 16\classification\subset8\1\1_aug\125_23.npy
1,D:\Doctorat\datasets\LUNA 16\classification\subset8\1\1_aug\125_32.npy
1,D:\Doctorat\datasets\LUNA 16\classification\subset8\1\1_aug\125_36.npy
1,D:\Doctorat\datasets\LUNA 16\classification\subset8\1\1_aug\125_39.npy
1,D:\Doctorat\datasets\LUNA 16\classification\subset8\1\1_aug\125_40.npy
1,D:\Doctorat\datasets\LUNA 16\classification\subset8\1\1_aug\126_11.npy
1,D:\Doctorat\datasets\LUNA 16\classification\subset8\1\1_aug\126_12.npy
1,D:\Doctorat\datasets\LUNA 16\classification\subset8\1\1_aug\126_27.npy
1,D:\Doctorat\datasets\LUNA 16\classification\subset8\1\1_aug\126_32.npy
1,D:\Doctorat\datasets\LUNA 16\classification\subset8\1\1_aug\126_35.npy
1,D:\Doctorat\datasets\LUNA 16\classification\subset8\1\1_aug\127_11.npy
1,D:\Doctorat\datasets\LUNA 16\classification\subset8\1\1_aug\127_14.npy
1,D:\Doctorat\datasets\LUNA 16\classification\subset8\1\1_aug\127_16.npy
1,D:\Doctorat\datasets\LUNA 16\classification\subset8\1\1_aug\127_20.npy
1,D:\Doctorat\datasets\LUNA 16\classification\subset8\1\1_aug\127_24.npy
1,D:\Doctorat\datasets\LUNA 16\classification\subset8\1\1_aug\127_25.npy
1,D:\Doctorat\datasets\LUNA 16\classification\subset8\1\1_aug\127_27.npy
1,D:\Doctorat\datasets\LUNA 16\classification\subset8\1\1_aug\127_29.npy
1,D:\Doctorat\datasets\LUNA 16\classification\subset8\1\1_aug\127_33.npy
1,D:\Doctorat\datasets\LUNA 16\classification\subset8\1\1_aug\127_5.npy
1,D:\Doctorat\datasets\LUNA 16\classification\subset8\1\1_aug\127_8.npy
1,D:\Doctorat\datasets\LUNA 16\classification\subset8\1\1_aug\128_12.npy
1,D:\Doctorat\datasets\LUNA 16\classification\subset8\1\1_aug\128_15.npy
1,D:\Doctorat\datasets\LUNA 16\classification\subset8\1\1_aug\128_25.npy
1,D:\Doctorat\datasets\LUNA 16\classification\subset8\1\1_aug\128_28.npy
1,D:\Doctorat\datasets\LUNA 16\classification\subset8\1\1_aug\128_3.npy
1,D:\Doctorat\datasets\LUNA 16\classification\subset8\1\1_aug\128_34.npy
1,D:\Doctorat\datasets\LUNA 16\classification\subset8\1\1_aug\128_36.npy
1,D:\Doctorat\datasets\LUNA 16\classification\subset8\1\1_aug\128_5.npy
1,D:\Doctorat\datasets\LUNA 16\classification\subset8\1\1_aug\128_7.npy
1,D:\Doctorat\datasets\LUNA 16\classification\subset8\1\1_aug\129_1.npy
1,D:\Doctorat\datasets\LUNA 16\classification\subset8\1\1_aug\129_19.npy
1,D:\Doctorat\datasets\LUNA 16\classification\subset8\1\1_aug\129_35.npy
1,D:\Doctorat\datasets\LUNA 16\classification\subset8\1\1_aug\12_19.npy
1,D:\Doctorat\datasets\LUNA 16\classification\subset8\1\1_aug\12_21.npy
1,D:\Doctorat\datasets\LUNA 16\classification\subset8\1\1_aug\12_29.npy
1,D:\Doctorat\datasets\LUNA 16\classification\subset8\1\1_aug\12_3.npy
1,D:\Doctorat\datasets\LUNA 16\classification\subset8\1\1_aug\12_32.npy
1,D:\Doctorat\datasets\LUNA 16\classification\subset8\1\1_aug\12_9.npy
1,D:\Doctorat\datasets\LUNA 16\classification\subset8\1\1_aug\130_14.npy
1,D:\Doctorat\datasets\LUNA 16\classification\subset8\1\1_aug\130_16.npy
1,D:\Doctorat\datasets\LUNA 16\classification\subset8\1\1_aug\130_32.npy
1,D:\Doctorat\datasets\LUNA 16\classification\subset8\1\1_aug\130_40.npy
1,D:\Doctorat\datasets\LUNA 16\classification\subset8\1\1_aug\131_1.npy
1,D:\Doctorat\datasets\LUNA 16\classification\subset8\1\1_aug\131_12.npy
1,D:\Doctorat\datasets\LUNA 16\classification\subset8\1\1_aug\131_21.npy
1,D:\Doctorat\datasets\LUNA 16\classification\subset8\1\1_aug\131_22.npy
1,D:\Doctorat\datasets\LUNA 16\classification\subset8\1\1_aug\131_29.npy
1,D:\Doctorat\datasets\LUNA 16\classification\subset8\1\1_aug\131_32.npy
1,D:\Doctorat\datasets\LUNA 16\classification\subset8\1\1_aug\131_36.npy
1,D:\Doctorat\datasets\LUNA 16\classification\subset8\1\1_aug\131_6.npy
1,D:\Doctorat\datasets\LUNA 16\classification\subset8\1\1_aug\131_7.npy
1,D:\Doctorat\datasets\LUNA 16\classification\subset8\1\1_aug\131_8.npy
1,D:\Doctorat\datasets\LUNA 16\classification\subset8\1\1_aug\132_13.npy
1,D:\Doctorat\datasets\LUNA 16\classification\subset8\1\1_aug\132_30.npy
1,D:\Doctorat\datasets\LUNA 16\classification\subset8\1\1_aug\132_34.npy
1,D:\Doctorat\datasets\LUNA 16\classification\subset8\1\1_aug\132_40.npy
1,D:\Doctorat\datasets\LUNA 16\classification\subset8\1\1_aug\132_5.npy
1,D:\Doctorat\datasets\LUNA 16\classification\subset8\1\1_aug\133_10.npy
1,D:\Doctorat\datasets\LUNA 16\classification\subset8\1\1_aug\133_12.npy
1,D:\Doctorat\datasets\LUNA 16\classification\subset8\1\1_aug\133_19.npy
1,D:\Doctorat\datasets\LUNA 16\classification\subset8\1\1_aug\133_29.npy
1,D:\Doctorat\datasets\LUNA 16\classification\subset8\1\1_aug\133_31.npy
1,D:\Doctorat\datasets\LUNA 16\classification\subset8\1\1_aug\133_32.npy
1,D:\Doctorat\datasets\LUNA 16\classification\subset8\1\1_aug\133_9.npy
1,D:\Doctorat\datasets\LUNA 16\classification\subset8\1\1_aug\134_12.npy
1,D:\Doctorat\datasets\LUNA 16\classification\subset8\1\1_aug\134_15.npy
1,D:\Doctorat\datasets\LUNA 16\classification\subset8\1\1_aug\134_21.npy
1,D:\Doctorat\datasets\LUNA 16\classification\subset8\1\1_aug\134_32.npy
1,D:\Doctorat\datasets\LUNA 16\classification\subset8\1\1_aug\135_15.npy
1,D:\Doctorat\datasets\LUNA 16\classification\subset8\1\1_aug\135_21.npy
1,D:\Doctorat\datasets\LUNA 16\classification\subset8\1\1_aug\135_26.npy
1,D:\Doctorat\datasets\LUNA 16\classification\subset8\1\1_aug\135_27.npy
1,D:\Doctorat\datasets\LUNA 16\classification\subset8\1\1_aug\135_9.npy
1,D:\Doctorat\datasets\LUNA 16\classification\subset8\1\1_aug\136_1.npy
1,D:\Doctorat\datasets\LUNA 16\classification\subset8\1\1_aug\136_11.npy
1,D:\Doctorat\datasets\LUNA 16\classification\subset8\1\1_aug\136_18.npy
1,D:\Doctorat\datasets\LUNA 16\classification\subset8\1\1_aug\136_20.npy
1,D:\Doctorat\datasets\LUNA 16\classification\subset8\1\1_aug\136_24.npy
1,D:\Doctorat\datasets\LUNA 16\classification\subset8\1\1_aug\136_28.npy
1,D:\Doctorat\datasets\LUNA 16\classification\subset8\1\1_aug\136_37.npy
1,D:\Doctorat\datasets\LUNA 16\classification\subset8\1\1_aug\136_38.npy
1,D:\Doctorat\datasets\LUNA 16\classification\subset8\1\1_aug\136_7.npy
1,D:\Doctorat\datasets\LUNA 16\classification\subset8\1\1_aug\136_8.npy
1,D:\Doctorat\datasets\LUNA 16\classification\subset8\1\1_aug\137_16.npy
1,D:\Doctorat\datasets\LUNA 16\classification\subset8\1\1_aug\137_18.npy
1,D:\Doctorat\datasets\LUNA 16\classification\subset8\1\1_aug\137_2.npy
1,D:\Doctorat\datasets\LUNA 16\classification\subset8\1\1_aug\137_21.npy
1,D:\Doctorat\datasets\LUNA 16\classification\subset8\1\1_aug\137_25.npy
1,D:\Doctorat\datasets\LUNA 16\classification\subset8\1\1_aug\137_3.npy
1,D:\Doctorat\datasets\LUNA 16\classification\subset8\1\1_aug\137_32.npy
1,D:\Doctorat\datasets\LUNA 16\classification\subset8\1\1_aug\137_36.npy
1,D:\Doctorat\datasets\LUNA 16\classification\subset8\1\1_aug\137_40.npy
1,D:\Doctorat\datasets\LUNA 16\classification\subset8\1\1_aug\137_7.npy
1,D:\Doctorat\datasets\LUNA 16\classification\subset8\1\1_aug\138_11.npy
1,D:\Doctorat\datasets\LUNA 16\classification\subset8\1\1_aug\138_16.npy
1,D:\Doctorat\datasets\LUNA 16\classification\subset8\1\1_aug\138_18.npy
1,D:\Doctorat\datasets\LUNA 16\classification\subset8\1\1_aug\138_27.npy
1,D:\Doctorat\datasets\LUNA 16\classification\subset8\1\1_aug\138_3.npy
1,D:\Doctorat\datasets\LUNA 16\classification\subset8\1\1_aug\138_33.npy
1,D:\Doctorat\datasets\LUNA 16\classification\subset8\1\1_aug\138_36.npy
1,D:\Doctorat\datasets\LUNA 16\classification\subset8\1\1_aug\138_4.npy
1,D:\Doctorat\datasets\LUNA 16\classification\subset8\1\1_aug\138_5.npy
1,D:\Doctorat\datasets\LUNA 16\classification\subset8\1\1_aug\138_7.npy
1,D:\Doctorat\datasets\LUNA 16\classification\subset8\1\1_aug\139_13.npy
1,D:\Doctorat\datasets\LUNA 16\classification\subset8\1\1_aug\139_16.npy
1,D:\Doctorat\datasets\LUNA 16\classification\subset8\1\1_aug\139_26.npy
1,D:\Doctorat\datasets\LUNA 16\classification\subset8\1\1_aug\139_32.npy
1,D:\Doctorat\datasets\LUNA 16\classification\subset8\1\1_aug\139_35.npy
1,D:\Doctorat\datasets\LUNA 16\classification\subset8\1\1_aug\139_6.npy
1,D:\Doctorat\datasets\LUNA 16\classification\subset8\1\1_aug\139_9.npy
1,D:\Doctorat\datasets\LUNA 16\classification\subset8\1\1_aug\13_2.npy
1,D:\Doctorat\datasets\LUNA 16\classification\subset8\1\1_aug\13_21.npy
1,D:\Doctorat\datasets\LUNA 16\classification\subset8\1\1_aug\13_22.npy
1,D:\Doctorat\datasets\LUNA 16\classification\subset8\1\1_aug\13_26.npy
1,D:\Doctorat\datasets\LUNA 16\classification\subset8\1\1_aug\13_3.npy
1,D:\Doctorat\datasets\LUNA 16\classification\subset8\1\1_aug\13_38.npy
1,D:\Doctorat\datasets\LUNA 16\classification\subset8\1\1_aug\13_39.npy
1,D:\Doctorat\datasets\LUNA 16\classification\subset8\1\1_aug\13_40.npy
1,D:\Doctorat\datasets\LUNA 16\classification\subset8\1\1_aug\13_7.npy
1,D:\Doctorat\datasets\LUNA 16\classification\subset8\1\1_aug\140_16.npy
1,D:\Doctorat\datasets\LUNA 16\classification\subset8\1\1_aug\140_26.npy
1,D:\Doctorat\datasets\LUNA 16\classification\subset8\1\1_aug\140_27.npy
1,D:\Doctorat\datasets\LUNA 16\classification\subset8\1\1_aug\140_28.npy
1,D:\Doctorat\datasets\LUNA 16\classification\subset8\1\1_aug\140_34.npy
1,D:\Doctorat\datasets\LUNA 16\classification\subset8\1\1_aug\140_35.npy
1,D:\Doctorat\datasets\LUNA 16\classification\subset8\1\1_aug\140_37.npy
1,D:\Doctorat\datasets\LUNA 16\classification\subset8\1\1_aug\140_38.npy
1,D:\Doctorat\datasets\LUNA 16\classification\subset8\1\1_aug\140_40.npy
1,D:\Doctorat\datasets\LUNA 16\classification\subset8\1\1_aug\141_19.npy
1,D:\Doctorat\datasets\LUNA 16\classification\subset8\1\1_aug\141_21.npy
1,D:\Doctorat\datasets\LUNA 16\classification\subset8\1\1_aug\141_24.npy
1,D:\Doctorat\datasets\LUNA 16\classification\subset8\1\1_aug\141_25.npy
1,D:\Doctorat\datasets\LUNA 16\classification\subset8\1\1_aug\141_29.npy
1,D:\Doctorat\datasets\LUNA 16\classification\subset8\1\1_aug\141_31.npy
1,D:\Doctorat\datasets\LUNA 16\classification\subset8\1\1_aug\141_33.npy
1,D:\Doctorat\datasets\LUNA 16\classification\subset8\1\1_aug\141_37.npy
1,D:\Doctorat\datasets\LUNA 16\classification\subset8\1\1_aug\141_38.npy
1,D:\Doctorat\datasets\LUNA 16\classification\subset8\1\1_aug\141_4.npy
1,D:\Doctorat\datasets\LUNA 16\classification\subset8\1\1_aug\142_10.npy
1,D:\Doctorat\datasets\LUNA 16\classification\subset8\1\1_aug\142_16.npy
1,D:\Doctorat\datasets\LUNA 16\classification\subset8\1\1_aug\142_20.npy
1,D:\Doctorat\datasets\LUNA 16\classification\subset8\1\1_aug\142_21.npy
1,D:\Doctorat\datasets\LUNA 16\classification\subset8\1\1_aug\142_28.npy
1,D:\Doctorat\datasets\LUNA 16\classification\subset8\1\1_aug\142_29.npy
1,D:\Doctorat\datasets\LUNA 16\classification\subset8\1\1_aug\142_34.npy
1,D:\Doctorat\datasets\LUNA 16\classification\subset8\1\1_aug\142_40.npy
1,D:\Doctorat\datasets\LUNA 16\classification\subset8\1\1_aug\142_7.npy
1,D:\Doctorat\datasets\LUNA 16\classification\subset8\1\1_aug\142_9.npy
1,D:\Doctorat\datasets\LUNA 16\classification\subset8\1\1_aug\143_11.npy
1,D:\Doctorat\datasets\LUNA 16\classification\subset8\1\1_aug\143_13.npy
1,D:\Doctorat\datasets\LUNA 16\classification\subset8\1\1_aug\143_17.npy
1,D:\Doctorat\datasets\LUNA 16\classification\subset8\1\1_aug\143_2.npy
1,D:\Doctorat\datasets\LUNA 16\classification\subset8\1\1_aug\143_21.npy
1,D:\Doctorat\datasets\LUNA 16\classification\subset8\1\1_aug\143_28.npy
1,D:\Doctorat\datasets\LUNA 16\classification\subset8\1\1_aug\143_35.npy
1,D:\Doctorat\datasets\LUNA 16\classification\subset8\1\1_aug\143_36.npy
1,D:\Doctorat\datasets\LUNA 16\classification\subset8\1\1_aug\143_37.npy
1,D:\Doctorat\datasets\LUNA 16\classification\subset8\1\1_aug\144_13.npy
1,D:\Doctorat\datasets\LUNA 16\classification\subset8\1\1_aug\144_36.npy
1,D:\Doctorat\datasets\LUNA 16\classification\subset8\1\1_aug\144_6.npy
1,D:\Doctorat\datasets\LUNA 16\classification\subset8\1\1_aug\145_13.npy
1,D:\Doctorat\datasets\LUNA 16\classification\subset8\1\1_aug\145_14.npy
1,D:\Doctorat\datasets\LUNA 16\classification\subset8\1\1_aug\145_16.npy
1,D:\Doctorat\datasets\LUNA 16\classification\subset8\1\1_aug\145_22.npy
1,D:\Doctorat\datasets\LUNA 16\classification\subset8\1\1_aug\145_23.npy
1,D:\Doctorat\datasets\LUNA 16\classification\subset8\1\1_aug\145_26.npy
1,D:\Doctorat\datasets\LUNA 16\classification\subset8\1\1_aug\145_33.npy
1,D:\Doctorat\datasets\LUNA 16\classification\subset8\1\1_aug\145_38.npy
1,D:\Doctorat\datasets\LUNA 16\classification\subset8\1\1_aug\145_8.npy
1,D:\Doctorat\datasets\LUNA 16\classification\subset8\1\1_aug\146_22.npy
1,D:\Doctorat\datasets\LUNA 16\classification\subset8\1\1_aug\146_30.npy
1,D:\Doctorat\datasets\LUNA 16\classification\subset8\1\1_aug\146_8.npy
1,D:\Doctorat\datasets\LUNA 16\classification\subset8\1\1_aug\146_9.npy
1,D:\Doctorat\datasets\LUNA 16\classification\subset8\1\1_aug\147_12.npy
1,D:\Doctorat\datasets\LUNA 16\classification\subset8\1\1_aug\147_18.npy
1,D:\Doctorat\datasets\LUNA 16\classification\subset8\1\1_aug\147_24.npy
1,D:\Doctorat\datasets\LUNA 16\classification\subset8\1\1_aug\147_27.npy
1,D:\Doctorat\datasets\LUNA 16\classification\subset8\1\1_aug\147_39.npy
1,D:\Doctorat\datasets\LUNA 16\classification\subset8\1\1_aug\147_4.npy
1,D:\Doctorat\datasets\LUNA 16\classification\subset8\1\1_aug\147_5.npy
1,D:\Doctorat\datasets\LUNA 16\classification\subset8\1\1_aug\147_7.npy
1,D:\Doctorat\datasets\LUNA 16\classification\subset8\1\1_aug\147_9.npy
1,D:\Doctorat\datasets\LUNA 16\classification\subset8\1\1_aug\148_17.npy
1,D:\Doctorat\datasets\LUNA 16\classification\subset8\1\1_aug\148_23.npy
1,D:\Doctorat\datasets\LUNA 16\classification\subset8\1\1_aug\148_33.npy
1,D:\Doctorat\datasets\LUNA 16\classification\subset8\1\1_aug\148_37.npy
1,D:\Doctorat\datasets\LUNA 16\classification\subset8\1\1_aug\148_38.npy
1,D:\Doctorat\datasets\LUNA 16\classification\subset8\1\1_aug\148_4.npy
1,D:\Doctorat\datasets\LUNA 16\classification\subset8\1\1_aug\149_1.npy
1,D:\Doctorat\datasets\LUNA 16\classification\subset8\1\1_aug\149_19.npy
1,D:\Doctorat\datasets\LUNA 16\classification\subset8\1\1_aug\149_20.npy
1,D:\Doctorat\datasets\LUNA 16\classification\subset8\1\1_aug\149_24.npy
1,D:\Doctorat\datasets\LUNA 16\classification\subset8\1\1_aug\149_27.npy
1,D:\Doctorat\datasets\LUNA 16\classification\subset8\1\1_aug\149_37.npy
1,D:\Doctorat\datasets\LUNA 16\classification\subset8\1\1_aug\149_38.npy
1,D:\Doctorat\datasets\LUNA 16\classification\subset8\1\1_aug\149_39.npy
1,D:\Doctorat\datasets\LUNA 16\classification\subset8\1\1_aug\14_14.npy
1,D:\Doctorat\datasets\LUNA 16\classification\subset8\1\1_aug\14_25.npy
1,D:\Doctorat\datasets\LUNA 16\classification\subset8\1\1_aug\14_29.npy
1,D:\Doctorat\datasets\LUNA 16\classification\subset8\1\1_aug\14_36.npy
1,D:\Doctorat\datasets\LUNA 16\classification\subset8\1\1_aug\14_40.npy
1,D:\Doctorat\datasets\LUNA 16\classification\subset8\1\1_aug\150_17.npy
1,D:\Doctorat\datasets\LUNA 16\classification\subset8\1\1_aug\150_20.npy
1,D:\Doctorat\datasets\LUNA 16\classification\subset8\1\1_aug\150_28.npy
1,D:\Doctorat\datasets\LUNA 16\classification\subset8\1\1_aug\150_3.npy
1,D:\Doctorat\datasets\LUNA 16\classification\subset8\1\1_aug\150_38.npy
1,D:\Doctorat\datasets\LUNA 16\classification\subset8\1\1_aug\151_10.npy
1,D:\Doctorat\datasets\LUNA 16\classification\subset8\1\1_aug\151_16.npy
1,D:\Doctorat\datasets\LUNA 16\classification\subset8\1\1_aug\151_3.npy
1,D:\Doctorat\datasets\LUNA 16\classification\subset8\1\1_aug\151_30.npy
1,D:\Doctorat\datasets\LUNA 16\classification\subset8\1\1_aug\151_4.npy
1,D:\Doctorat\datasets\LUNA 16\classification\subset8\1\1_aug\152_18.npy
1,D:\Doctorat\datasets\LUNA 16\classification\subset8\1\1_aug\152_21.npy
1,D:\Doctorat\datasets\LUNA 16\classification\subset8\1\1_aug\152_24.npy
1,D:\Doctorat\datasets\LUNA 16\classification\subset8\1\1_aug\152_3.npy
1,D:\Doctorat\datasets\LUNA 16\classification\subset8\1\1_aug\152_32.npy
1,D:\Doctorat\datasets\LUNA 16\classification\subset8\1\1_aug\152_39.npy
1,D:\Doctorat\datasets\LUNA 16\classification\subset8\1\1_aug\152_6.npy
1,D:\Doctorat\datasets\LUNA 16\classification\subset8\1\1_aug\153_10.npy
1,D:\Doctorat\datasets\LUNA 16\classification\subset8\1\1_aug\153_11.npy
1,D:\Doctorat\datasets\LUNA 16\classification\subset8\1\1_aug\153_12.npy
1,D:\Doctorat\datasets\LUNA 16\classification\subset8\1\1_aug\153_14.npy
1,D:\Doctorat\datasets\LUNA 16\classification\subset8\1\1_aug\153_25.npy
1,D:\Doctorat\datasets\LUNA 16\classification\subset8\1\1_aug\153_33.npy
1,D:\Doctorat\datasets\LUNA 16\classification\subset8\1\1_aug\153_37.npy
1,D:\Doctorat\datasets\LUNA 16\classification\subset8\1\1_aug\153_4.npy
1,D:\Doctorat\datasets\LUNA 16\classification\subset8\1\1_aug\153_6.npy
1,D:\Doctorat\datasets\LUNA 16\classification\subset8\1\1_aug\154_25.npy
1,D:\Doctorat\datasets\LUNA 16\classification\subset8\1\1_aug\154_32.npy
1,D:\Doctorat\datasets\LUNA 16\classification\subset8\1\1_aug\154_35.npy
1,D:\Doctorat\datasets\LUNA 16\classification\subset8\1\1_aug\154_38.npy
1,D:\Doctorat\datasets\LUNA 16\classification\subset8\1\1_aug\154_7.npy
1,D:\Doctorat\datasets\LUNA 16\classification\subset8\1\1_aug\154_8.npy
1,D:\Doctorat\datasets\LUNA 16\classification\subset8\1\1_aug\155_2.npy
1,D:\Doctorat\datasets\LUNA 16\classification\subset8\1\1_aug\155_32.npy
1,D:\Doctorat\datasets\LUNA 16\classification\subset8\1\1_aug\156_16.npy
1,D:\Doctorat\datasets\LUNA 16\classification\subset8\1\1_aug\156_17.npy
1,D:\Doctorat\datasets\LUNA 16\classification\subset8\1\1_aug\156_28.npy
1,D:\Doctorat\datasets\LUNA 16\classification\subset8\1\1_aug\156_29.npy
1,D:\Doctorat\datasets\LUNA 16\classification\subset8\1\1_aug\156_33.npy
1,D:\Doctorat\datasets\LUNA 16\classification\subset8\1\1_aug\156_36.npy
1,D:\Doctorat\datasets\LUNA 16\classification\subset8\1\1_aug\156_38.npy
1,D:\Doctorat\datasets\LUNA 16\classification\subset8\1\1_aug\156_40.npy
1,D:\Doctorat\datasets\LUNA 16\classification\subset8\1\1_aug\156_7.npy
1,D:\Doctorat\datasets\LUNA 16\classification\subset8\1\1_aug\157_10.npy
1,D:\Doctorat\datasets\LUNA 16\classification\subset8\1\1_aug\157_12.npy
1,D:\Doctorat\datasets\LUNA 16\classification\subset8\1\1_aug\157_16.npy
1,D:\Doctorat\datasets\LUNA 16\classification\subset8\1\1_aug\157_22.npy
1,D:\Doctorat\datasets\LUNA 16\classification\subset8\1\1_aug\157_31.npy
1,D:\Doctorat\datasets\LUNA 16\classification\subset8\1\1_aug\157_40.npy
1,D:\Doctorat\datasets\LUNA 16\classification\subset8\1\1_aug\158_1.npy
1,D:\Doctorat\datasets\LUNA 16\classification\subset8\1\1_aug\158_15.npy
1,D:\Doctorat\datasets\LUNA 16\classification\subset8\1\1_aug\158_2.npy
1,D:\Doctorat\datasets\LUNA 16\classification\subset8\1\1_aug\158_26.npy
1,D:\Doctorat\datasets\LUNA 16\classification\subset8\1\1_aug\158_32.npy
1,D:\Doctorat\datasets\LUNA 16\classification\subset8\1\1_aug\158_33.npy
1,D:\Doctorat\datasets\LUNA 16\classification\subset8\1\1_aug\158_35.npy
1,D:\Doctorat\datasets\LUNA 16\classification\subset8\1\1_aug\159_17.npy
1,D:\Doctorat\datasets\LUNA 16\classification\subset8\1\1_aug\159_28.npy
1,D:\Doctorat\datasets\LUNA 16\classification\subset8\1\1_aug\159_4.npy
1,D:\Doctorat\datasets\LUNA 16\classification\subset8\1\1_aug\159_40.npy
1,D:\Doctorat\datasets\LUNA 16\classification\subset8\1\1_aug\159_5.npy
1,D:\Doctorat\datasets\LUNA 16\classification\subset8\1\1_aug\159_6.npy
1,D:\Doctorat\datasets\LUNA 16\classification\subset8\1\1_aug\15_10.npy
1,D:\Doctorat\datasets\LUNA 16\classification\subset8\1\1_aug\15_11.npy
1,D:\Doctorat\datasets\LUNA 16\classification\subset8\1\1_aug\15_19.npy
1,D:\Doctorat\datasets\LUNA 16\classification\subset8\1\1_aug\15_20.npy
1,D:\Doctorat\datasets\LUNA 16\classification\subset8\1\1_aug\15_22.npy
1,D:\Doctorat\datasets\LUNA 16\classification\subset8\1\1_aug\15_23.npy
1,D:\Doctorat\datasets\LUNA 16\classification\subset8\1\1_aug\15_29.npy
1,D:\Doctorat\datasets\LUNA 16\classification\subset8\1\1_aug\15_30.npy
1,D:\Doctorat\datasets\LUNA 16\classification\subset8\1\1_aug\15_33.npy
1,D:\Doctorat\datasets\LUNA 16\classification\subset8\1\1_aug\15_35.npy
1,D:\Doctorat\datasets\LUNA 16\classification\subset8\1\1_aug\15_5.npy
1,D:\Doctorat\datasets\LUNA 16\classification\subset8\1\1_aug\160_20.npy
1,D:\Doctorat\datasets\LUNA 16\classification\subset8\1\1_aug\160_27.npy
1,D:\Doctorat\datasets\LUNA 16\classification\subset8\1\1_aug\160_3.npy
1,D:\Doctorat\datasets\LUNA 16\classification\subset8\1\1_aug\160_34.npy
1,D:\Doctorat\datasets\LUNA 16\classification\subset8\1\1_aug\160_38.npy
1,D:\Doctorat\datasets\LUNA 16\classification\subset8\1\1_aug\161_22.npy
1,D:\Doctorat\datasets\LUNA 16\classification\subset8\1\1_aug\161_24.npy
1,D:\Doctorat\datasets\LUNA 16\classification\subset8\1\1_aug\161_26.npy
1,D:\Doctorat\datasets\LUNA 16\classification\subset8\1\1_aug\161_28.npy
1,D:\Doctorat\datasets\LUNA 16\classification\subset8\1\1_aug\161_30.npy
1,D:\Doctorat\datasets\LUNA 16\classification\subset8\1\1_aug\161_31.npy
1,D:\Doctorat\datasets\LUNA 16\classification\subset8\1\1_aug\161_40.npy
1,D:\Doctorat\datasets\LUNA 16\classification\subset8\1\1_aug\161_6.npy
1,D:\Doctorat\datasets\LUNA 16\classification\subset8\1\1_aug\162_22.npy
1,D:\Doctorat\datasets\LUNA 16\classification\subset8\1\1_aug\162_4.npy
1,D:\Doctorat\datasets\LUNA 16\classification\subset8\1\1_aug\162_8.npy
1,D:\Doctorat\datasets\LUNA 16\classification\subset8\1\1_aug\163_25.npy
1,D:\Doctorat\datasets\LUNA 16\classification\subset8\1\1_aug\163_27.npy
1,D:\Doctorat\datasets\LUNA 16\classification\subset8\1\1_aug\163_38.npy
1,D:\Doctorat\datasets\LUNA 16\classification\subset8\1\1_aug\163_8.npy
1,D:\Doctorat\datasets\LUNA 16\classification\subset8\1\1_aug\164_12.npy
1,D:\Doctorat\datasets\LUNA 16\classification\subset8\1\1_aug\164_20.npy
1,D:\Doctorat\datasets\LUNA 16\classification\subset8\1\1_aug\164_30.npy
1,D:\Doctorat\datasets\LUNA 16\classification\subset8\1\1_aug\164_33.npy
1,D:\Doctorat\datasets\LUNA 16\classification\subset8\1\1_aug\164_35.npy
1,D:\Doctorat\datasets\LUNA 16\classification\subset8\1\1_aug\164_36.npy
1,D:\Doctorat\datasets\LUNA 16\classification\subset8\1\1_aug\165_17.npy
1,D:\Doctorat\datasets\LUNA 16\classification\subset8\1\1_aug\165_25.npy
1,D:\Doctorat\datasets\LUNA 16\classification\subset8\1\1_aug\165_35.npy
1,D:\Doctorat\datasets\LUNA 16\classification\subset8\1\1_aug\165_39.npy
1,D:\Doctorat\datasets\LUNA 16\classification\subset8\1\1_aug\166_1.npy
1,D:\Doctorat\datasets\LUNA 16\classification\subset8\1\1_aug\166_14.npy
1,D:\Doctorat\datasets\LUNA 16\classification\subset8\1\1_aug\166_26.npy
1,D:\Doctorat\datasets\LUNA 16\classification\subset8\1\1_aug\166_28.npy
1,D:\Doctorat\datasets\LUNA 16\classification\subset8\1\1_aug\166_29.npy
1,D:\Doctorat\datasets\LUNA 16\classification\subset8\1\1_aug\166_39.npy
1,D:\Doctorat\datasets\LUNA 16\classification\subset8\1\1_aug\166_8.npy
1,D:\Doctorat\datasets\LUNA 16\classification\subset8\1\1_aug\167_17.npy
1,D:\Doctorat\datasets\LUNA 16\classification\subset8\1\1_aug\167_22.npy
1,D:\Doctorat\datasets\LUNA 16\classification\subset8\1\1_aug\167_26.npy
1,D:\Doctorat\datasets\LUNA 16\classification\subset8\1\1_aug\167_33.npy
1,D:\Doctorat\datasets\LUNA 16\classification\subset8\1\1_aug\167_7.npy
1,D:\Doctorat\datasets\LUNA 16\classification\subset8\1\1_aug\168_31.npy
1,D:\Doctorat\datasets\LUNA 16\classification\subset8\1\1_aug\168_34.npy
1,D:\Doctorat\datasets\LUNA 16\classification\subset8\1\1_aug\168_36.npy
1,D:\Doctorat\datasets\LUNA 16\classification\subset8\1\1_aug\169_11.npy
1,D:\Doctorat\datasets\LUNA 16\classification\subset8\1\1_aug\169_13.npy
1,D:\Doctorat\datasets\LUNA 16\classification\subset8\1\1_aug\169_26.npy
1,D:\Doctorat\datasets\LUNA 16\classification\subset8\1\1_aug\169_31.npy
1,D:\Doctorat\datasets\LUNA 16\classification\subset8\1\1_aug\169_39.npy
1,D:\Doctorat\datasets\LUNA 16\classification\subset8\1\1_aug\169_5.npy
1,D:\Doctorat\datasets\LUNA 16\classification\subset8\1\1_aug\169_8.npy
1,D:\Doctorat\datasets\LUNA 16\classification\subset8\1\1_aug\169_9.npy
1,D:\Doctorat\datasets\LUNA 16\classification\subset8\1\1_aug\16_18.npy
1,D:\Doctorat\datasets\LUNA 16\classification\subset8\1\1_aug\16_27.npy
1,D:\Doctorat\datasets\LUNA 16\classification\subset8\1\1_aug\16_29.npy
1,D:\Doctorat\datasets\LUNA 16\classification\subset8\1\1_aug\16_3.npy
1,D:\Doctorat\datasets\LUNA 16\classification\subset8\1\1_aug\16_32.npy
1,D:\Doctorat\datasets\LUNA 16\classification\subset8\1\1_aug\16_6.npy
1,D:\Doctorat\datasets\LUNA 16\classification\subset8\1\1_aug\16_9.npy
1,D:\Doctorat\datasets\LUNA 16\classification\subset8\1\1_aug\170_1.npy
1,D:\Doctorat\datasets\LUNA 16\classification\subset8\1\1_aug\170_14.npy
1,D:\Doctorat\datasets\LUNA 16\classification\subset8\1\1_aug\170_17.npy
1,D:\Doctorat\datasets\LUNA 16\classification\subset8\1\1_aug\170_20.npy
1,D:\Doctorat\datasets\LUNA 16\classification\subset8\1\1_aug\170_23.npy
1,D:\Doctorat\datasets\LUNA 16\classification\subset8\1\1_aug\170_24.npy
1,D:\Doctorat\datasets\LUNA 16\classification\subset8\1\1_aug\170_4.npy
1,D:\Doctorat\datasets\LUNA 16\classification\subset8\1\1_aug\170_8.npy
1,D:\Doctorat\datasets\LUNA 16\classification\subset8\1\1_aug\171_1.npy
1,D:\Doctorat\datasets\LUNA 16\classification\subset8\1\1_aug\171_12.npy
1,D:\Doctorat\datasets\LUNA 16\classification\subset8\1\1_aug\171_13.npy
1,D:\Doctorat\datasets\LUNA 16\classification\subset8\1\1_aug\171_17.npy
1,D:\Doctorat\datasets\LUNA 16\classification\subset8\1\1_aug\171_25.npy
1,D:\Doctorat\datasets\LUNA 16\classification\subset8\1\1_aug\171_30.npy
1,D:\Doctorat\datasets\LUNA 16\classification\subset8\1\1_aug\171_4.npy
1,D:\Doctorat\datasets\LUNA 16\classification\subset8\1\1_aug\172_10.npy
1,D:\Doctorat\datasets\LUNA 16\classification\subset8\1\1_aug\172_13.npy
1,D:\Doctorat\datasets\LUNA 16\classification\subset8\1\1_aug\172_16.npy
1,D:\Doctorat\datasets\LUNA 16\classification\subset8\1\1_aug\172_36.npy
1,D:\Doctorat\datasets\LUNA 16\classification\subset8\1\1_aug\172_8.npy
1,D:\Doctorat\datasets\LUNA 16\classification\subset8\1\1_aug\173_10.npy
1,D:\Doctorat\datasets\LUNA 16\classification\subset8\1\1_aug\173_15.npy
1,D:\Doctorat\datasets\LUNA 16\classification\subset8\1\1_aug\173_17.npy
1,D:\Doctorat\datasets\LUNA 16\classification\subset8\1\1_aug\173_6.npy
1,D:\Doctorat\datasets\LUNA 16\classification\subset8\1\1_aug\174_14.npy
1,D:\Doctorat\datasets\LUNA 16\classification\subset8\1\1_aug\174_2.npy
1,D:\Doctorat\datasets\LUNA 16\classification\subset8\1\1_aug\174_21.npy
1,D:\Doctorat\datasets\LUNA 16\classification\subset8\1\1_aug\174_24.npy
1,D:\Doctorat\datasets\LUNA 16\classification\subset8\1\1_aug\174_26.npy
1,D:\Doctorat\datasets\LUNA 16\classification\subset8\1\1_aug\174_34.npy
1,D:\Doctorat\datasets\LUNA 16\classification\subset8\1\1_aug\174_37.npy
1,D:\Doctorat\datasets\LUNA 16\classification\subset8\1\1_aug\174_40.npy
1,D:\Doctorat\datasets\LUNA 16\classification\subset8\1\1_aug\174_6.npy
1,D:\Doctorat\datasets\LUNA 16\classification\subset8\1\1_aug\175_13.npy
1,D:\Doctorat\datasets\LUNA 16\classification\subset8\1\1_aug\175_16.npy
1,D:\Doctorat\datasets\LUNA 16\classification\subset8\1\1_aug\175_21.npy
1,D:\Doctorat\datasets\LUNA 16\classification\subset8\1\1_aug\175_24.npy
1,D:\Doctorat\datasets\LUNA 16\classification\subset8\1\1_aug\175_26.npy
1,D:\Doctorat\datasets\LUNA 16\classification\subset8\1\1_aug\175_31.npy
1,D:\Doctorat\datasets\LUNA 16\classification\subset8\1\1_aug\176_10.npy
1,D:\Doctorat\datasets\LUNA 16\classification\subset8\1\1_aug\176_12.npy
1,D:\Doctorat\datasets\LUNA 16\classification\subset8\1\1_aug\176_2.npy
1,D:\Doctorat\datasets\LUNA 16\classification\subset8\1\1_aug\176_24.npy
1,D:\Doctorat\datasets\LUNA 16\classification\subset8\1\1_aug\176_27.npy
1,D:\Doctorat\datasets\LUNA 16\classification\subset8\1\1_aug\176_39.npy
1,D:\Doctorat\datasets\LUNA 16\classification\subset8\1\1_aug\177_10.npy
1,D:\Doctorat\datasets\LUNA 16\classification\subset8\1\1_aug\177_15.npy
1,D:\Doctorat\datasets\LUNA 16\classification\subset8\1\1_aug\177_20.npy
1,D:\Doctorat\datasets\LUNA 16\classification\subset8\1\1_aug\177_27.npy
1,D:\Doctorat\datasets\LUNA 16\classification\subset8\1\1_aug\177_36.npy
1,D:\Doctorat\datasets\LUNA 16\classification\subset8\1\1_aug\177_39.npy
1,D:\Doctorat\datasets\LUNA 16\classification\subset8\1\1_aug\178_13.npy
1,D:\Doctorat\datasets\LUNA 16\classification\subset8\1\1_aug\178_17.npy
1,D:\Doctorat\datasets\LUNA 16\classification\subset8\1\1_aug\178_21.npy
1,D:\Doctorat\datasets\LUNA 16\classification\subset8\1\1_aug\178_35.npy
1,D:\Doctorat\datasets\LUNA 16\classification\subset8\1\1_aug\179_10.npy
1,D:\Doctorat\datasets\LUNA 16\classification\subset8\1\1_aug\179_11.npy
1,D:\Doctorat\datasets\LUNA 16\classification\subset8\1\1_aug\179_12.npy
1,D:\Doctorat\datasets\LUNA 16\classification\subset8\1\1_aug\179_16.npy
1,D:\Doctorat\datasets\LUNA 16\classification\subset8\1\1_aug\179_17.npy
1,D:\Doctorat\datasets\LUNA 16\classification\subset8\1\1_aug\179_21.npy
1,D:\Doctorat\datasets\LUNA 16\classification\subset8\1\1_aug\179_39.npy
1,D:\Doctorat\datasets\LUNA 16\classification\subset8\1\1_aug\17_10.npy
1,D:\Doctorat\datasets\LUNA 16\classification\subset8\1\1_aug\17_16.npy
1,D:\Doctorat\datasets\LUNA 16\classification\subset8\1\1_aug\17_28.npy
1,D:\Doctorat\datasets\LUNA 16\classification\subset8\1\1_aug\17_30.npy
1,D:\Doctorat\datasets\LUNA 16\classification\subset8\1\1_aug\17_7.npy
1,D:\Doctorat\datasets\LUNA 16\classification\subset8\1\1_aug\180_13.npy
1,D:\Doctorat\datasets\LUNA 16\classification\subset8\1\1_aug\180_18.npy
1,D:\Doctorat\datasets\LUNA 16\classification\subset8\1\1_aug\180_25.npy
1,D:\Doctorat\datasets\LUNA 16\classification\subset8\1\1_aug\180_28.npy
1,D:\Doctorat\datasets\LUNA 16\classification\subset8\1\1_aug\180_3.npy
1,D:\Doctorat\datasets\LUNA 16\classification\subset8\1\1_aug\180_38.npy
1,D:\Doctorat\datasets\LUNA 16\classification\subset8\1\1_aug\181_11.npy
1,D:\Doctorat\datasets\LUNA 16\classification\subset8\1\1_aug\181_19.npy
1,D:\Doctorat\datasets\LUNA 16\classification\subset8\1\1_aug\181_21.npy
1,D:\Doctorat\datasets\LUNA 16\classification\subset8\1\1_aug\181_33.npy
1,D:\Doctorat\datasets\LUNA 16\classification\subset8\1\1_aug\181_39.npy
1,D:\Doctorat\datasets\LUNA 16\classification\subset8\1\1_aug\182_19.npy
1,D:\Doctorat\datasets\LUNA 16\classification\subset8\1\1_aug\182_22.npy
1,D:\Doctorat\datasets\LUNA 16\classification\subset8\1\1_aug\182_24.npy
1,D:\Doctorat\datasets\LUNA 16\classification\subset8\1\1_aug\182_29.npy
1,D:\Doctorat\datasets\LUNA 16\classification\subset8\1\1_aug\182_36.npy
1,D:\Doctorat\datasets\LUNA 16\classification\subset8\1\1_aug\182_39.npy
1,D:\Doctorat\datasets\LUNA 16\classification\subset8\1\1_aug\182_40.npy
1,D:\Doctorat\datasets\LUNA 16\classification\subset8\1\1_aug\182_8.npy
1,D:\Doctorat\datasets\LUNA 16\classification\subset8\1\1_aug\183_17.npy
1,D:\Doctorat\datasets\LUNA 16\classification\subset8\1\1_aug\183_4.npy
1,D:\Doctorat\datasets\LUNA 16\classification\subset8\1\1_aug\183_9.npy
1,D:\Doctorat\datasets\LUNA 16\classification\subset8\1\1_aug\184_10.npy
1,D:\Doctorat\datasets\LUNA 16\classification\subset8\1\1_aug\184_15.npy
1,D:\Doctorat\datasets\LUNA 16\classification\subset8\1\1_aug\184_16.npy
1,D:\Doctorat\datasets\LUNA 16\classification\subset8\1\1_aug\184_26.npy
1,D:\Doctorat\datasets\LUNA 16\classification\subset8\1\1_aug\184_28.npy
1,D:\Doctorat\datasets\LUNA 16\classification\subset8\1\1_aug\184_29.npy
1,D:\Doctorat\datasets\LUNA 16\classification\subset8\1\1_aug\184_33.npy
1,D:\Doctorat\datasets\LUNA 16\classification\subset8\1\1_aug\184_36.npy
1,D:\Doctorat\datasets\LUNA 16\classification\subset8\1\1_aug\184_38.npy
1,D:\Doctorat\datasets\LUNA 16\classification\subset8\1\1_aug\184_7.npy
1,D:\Doctorat\datasets\LUNA 16\classification\subset8\1\1_aug\185_12.npy
1,D:\Doctorat\datasets\LUNA 16\classification\subset8\1\1_aug\185_14.npy
1,D:\Doctorat\datasets\LUNA 16\classification\subset8\1\1_aug\185_16.npy
1,D:\Doctorat\datasets\LUNA 16\classification\subset8\1\1_aug\185_21.npy
1,D:\Doctorat\datasets\LUNA 16\classification\subset8\1\1_aug\185_29.npy
1,D:\Doctorat\datasets\LUNA 16\classification\subset8\1\1_aug\185_35.npy
1,D:\Doctorat\datasets\LUNA 16\classification\subset8\1\1_aug\185_38.npy
1,D:\Doctorat\datasets\LUNA 16\classification\subset8\1\1_aug\185_8.npy
1,D:\Doctorat\datasets\LUNA 16\classification\subset8\1\1_aug\186_14.npy
1,D:\Doctorat\datasets\LUNA 16\classification\subset8\1\1_aug\186_16.npy
1,D:\Doctorat\datasets\LUNA 16\classification\subset8\1\1_aug\186_25.npy
1,D:\Doctorat\datasets\LUNA 16\classification\subset8\1\1_aug\186_28.npy
1,D:\Doctorat\datasets\LUNA 16\classification\subset8\1\1_aug\186_30.npy
1,D:\Doctorat\datasets\LUNA 16\classification\subset8\1\1_aug\186_7.npy
1,D:\Doctorat\datasets\LUNA 16\classification\subset8\1\1_aug\187_18.npy
1,D:\Doctorat\datasets\LUNA 16\classification\subset8\1\1_aug\187_21.npy
1,D:\Doctorat\datasets\LUNA 16\classification\subset8\1\1_aug\187_25.npy
1,D:\Doctorat\datasets\LUNA 16\classification\subset8\1\1_aug\187_3.npy
1,D:\Doctorat\datasets\LUNA 16\classification\subset8\1\1_aug\187_31.npy
1,D:\Doctorat\datasets\LUNA 16\classification\subset8\1\1_aug\187_33.npy
1,D:\Doctorat\datasets\LUNA 16\classification\subset8\1\1_aug\187_34.npy
1,D:\Doctorat\datasets\LUNA 16\classification\subset8\1\1_aug\187_5.npy
1,D:\Doctorat\datasets\LUNA 16\classification\subset8\1\1_aug\187_8.npy
1,D:\Doctorat\datasets\LUNA 16\classification\subset8\1\1_aug\187_9.npy
1,D:\Doctorat\datasets\LUNA 16\classification\subset8\1\1_aug\188_10.npy
1,D:\Doctorat\datasets\LUNA 16\classification\subset8\1\1_aug\188_2.npy
1,D:\Doctorat\datasets\LUNA 16\classification\subset8\1\1_aug\188_23.npy
1,D:\Doctorat\datasets\LUNA 16\classification\subset8\1\1_aug\188_32.npy
1,D:\Doctorat\datasets\LUNA 16\classification\subset8\1\1_aug\188_35.npy
1,D:\Doctorat\datasets\LUNA 16\classification\subset8\1\1_aug\188_36.npy
1,D:\Doctorat\datasets\LUNA 16\classification\subset8\1\1_aug\188_37.npy
1,D:\Doctorat\datasets\LUNA 16\classification\subset8\1\1_aug\189_1.npy
1,D:\Doctorat\datasets\LUNA 16\classification\subset8\1\1_aug\189_13.npy
1,D:\Doctorat\datasets\LUNA 16\classification\subset8\1\1_aug\189_16.npy
1,D:\Doctorat\datasets\LUNA 16\classification\subset8\1\1_aug\189_17.npy
1,D:\Doctorat\datasets\LUNA 16\classification\subset8\1\1_aug\189_18.npy
1,D:\Doctorat\datasets\LUNA 16\classification\subset8\1\1_aug\189_22.npy
1,D:\Doctorat\datasets\LUNA 16\classification\subset8\1\1_aug\189_5.npy
1,D:\Doctorat\datasets\LUNA 16\classification\subset8\1\1_aug\189_8.npy
1,D:\Doctorat\datasets\LUNA 16\classification\subset8\1\1_aug\18_10.npy
1,D:\Doctorat\datasets\LUNA 16\classification\subset8\1\1_aug\18_15.npy
1,D:\Doctorat\datasets\LUNA 16\classification\subset8\1\1_aug\18_16.npy
1,D:\Doctorat\datasets\LUNA 16\classification\subset8\1\1_aug\18_18.npy
1,D:\Doctorat\datasets\LUNA 16\classification\subset8\1\1_aug\18_29.npy
1,D:\Doctorat\datasets\LUNA 16\classification\subset8\1\1_aug\18_37.npy
1,D:\Doctorat\datasets\LUNA 16\classification\subset8\1\1_aug\18_38.npy
1,D:\Doctorat\datasets\LUNA 16\classification\subset8\1\1_aug\18_5.npy
1,D:\Doctorat\datasets\LUNA 16\classification\subset8\1\1_aug\18_7.npy
1,D:\Doctorat\datasets\LUNA 16\classification\subset8\1\1_aug\18_8.npy
1,D:\Doctorat\datasets\LUNA 16\classification\subset8\1\1_aug\190_10.npy
1,D:\Doctorat\datasets\LUNA 16\classification\subset8\1\1_aug\190_11.npy
1,D:\Doctorat\datasets\LUNA 16\classification\subset8\1\1_aug\190_12.npy
1,D:\Doctorat\datasets\LUNA 16\classification\subset8\1\1_aug\190_13.npy
1,D:\Doctorat\datasets\LUNA 16\classification\subset8\1\1_aug\190_15.npy
1,D:\Doctorat\datasets\LUNA 16\classification\subset8\1\1_aug\190_28.npy
1,D:\Doctorat\datasets\LUNA 16\classification\subset8\1\1_aug\190_38.npy
1,D:\Doctorat\datasets\LUNA 16\classification\subset8\1\1_aug\190_4.npy
1,D:\Doctorat\datasets\LUNA 16\classification\subset8\1\1_aug\191_23.npy
1,D:\Doctorat\datasets\LUNA 16\classification\subset8\1\1_aug\191_24.npy
1,D:\Doctorat\datasets\LUNA 16\classification\subset8\1\1_aug\191_28.npy
1,D:\Doctorat\datasets\LUNA 16\classification\subset8\1\1_aug\191_35.npy
1,D:\Doctorat\datasets\LUNA 16\classification\subset8\1\1_aug\191_38.npy
1,D:\Doctorat\datasets\LUNA 16\classification\subset8\1\1_aug\191_4.npy
1,D:\Doctorat\datasets\LUNA 16\classification\subset8\1\1_aug\192_14.npy
1,D:\Doctorat\datasets\LUNA 16\classification\subset8\1\1_aug\192_32.npy
1,D:\Doctorat\datasets\LUNA 16\classification\subset8\1\1_aug\192_9.npy
1,D:\Doctorat\datasets\LUNA 16\classification\subset8\1\1_aug\193_11.npy
1,D:\Doctorat\datasets\LUNA 16\classification\subset8\1\1_aug\193_17.npy
1,D:\Doctorat\datasets\LUNA 16\classification\subset8\1\1_aug\193_21.npy
1,D:\Doctorat\datasets\LUNA 16\classification\subset8\1\1_aug\193_22.npy
1,D:\Doctorat\datasets\LUNA 16\classification\subset8\1\1_aug\193_26.npy
1,D:\Doctorat\datasets\LUNA 16\classification\subset8\1\1_aug\193_29.npy
1,D:\Doctorat\datasets\LUNA 16\classification\subset8\1\1_aug\193_35.npy
1,D:\Doctorat\datasets\LUNA 16\classification\subset8\1\1_aug\193_36.npy
1,D:\Doctorat\datasets\LUNA 16\classification\subset8\1\1_aug\193_37.npy
1,D:\Doctorat\datasets\LUNA 16\classification\subset8\1\1_aug\193_40.npy
1,D:\Doctorat\datasets\LUNA 16\classification\subset8\1\1_aug\193_5.npy
1,D:\Doctorat\datasets\LUNA 16\classification\subset8\1\1_aug\193_8.npy
1,D:\Doctorat\datasets\LUNA 16\classification\subset8\1\1_aug\194_14.npy
1,D:\Doctorat\datasets\LUNA 16\classification\subset8\1\1_aug\194_17.npy
1,D:\Doctorat\datasets\LUNA 16\classification\subset8\1\1_aug\194_25.npy
1,D:\Doctorat\datasets\LUNA 16\classification\subset8\1\1_aug\194_27.npy
1,D:\Doctorat\datasets\LUNA 16\classification\subset8\1\1_aug\194_29.npy
1,D:\Doctorat\datasets\LUNA 16\classification\subset8\1\1_aug\194_30.npy
1,D:\Doctorat\datasets\LUNA 16\classification\subset8\1\1_aug\194_5.npy
1,D:\Doctorat\datasets\LUNA 16\classification\subset8\1\1_aug\19_10.npy
1,D:\Doctorat\datasets\LUNA 16\classification\subset8\1\1_aug\19_2.npy
1,D:\Doctorat\datasets\LUNA 16\classification\subset8\1\1_aug\19_21.npy
1,D:\Doctorat\datasets\LUNA 16\classification\subset8\1\1_aug\19_25.npy
1,D:\Doctorat\datasets\LUNA 16\classification\subset8\1\1_aug\19_28.npy
1,D:\Doctorat\datasets\LUNA 16\classification\subset8\1\1_aug\19_38.npy
1,D:\Doctorat\datasets\LUNA 16\classification\subset8\1\1_aug\19_39.npy
1,D:\Doctorat\datasets\LUNA 16\classification\subset8\1\1_aug\19_8.npy
1,D:\Doctorat\datasets\LUNA 16\classification\subset8\1\1_aug\1_1.npy
1,D:\Doctorat\datasets\LUNA 16\classification\subset8\1\1_aug\1_2.npy
1,D:\Doctorat\datasets\LUNA 16\classification\subset8\1\1_aug\1_25.npy
1,D:\Doctorat\datasets\LUNA 16\classification\subset8\1\1_aug\1_28.npy
1,D:\Doctorat\datasets\LUNA 16\classification\subset8\1\1_aug\1_34.npy
1,D:\Doctorat\datasets\LUNA 16\classification\subset8\1\1_aug\20_22.npy
1,D:\Doctorat\datasets\LUNA 16\classification\subset8\1\1_aug\20_23.npy
1,D:\Doctorat\datasets\LUNA 16\classification\subset8\1\1_aug\20_32.npy
1,D:\Doctorat\datasets\LUNA 16\classification\subset8\1\1_aug\20_34.npy
1,D:\Doctorat\datasets\LUNA 16\classification\subset8\1\1_aug\20_39.npy
1,D:\Doctorat\datasets\LUNA 16\classification\subset8\1\1_aug\20_6.npy
1,D:\Doctorat\datasets\LUNA 16\classification\subset8\1\1_aug\20_7.npy
1,D:\Doctorat\datasets\LUNA 16\classification\subset8\1\1_aug\21_15.npy
1,D:\Doctorat\datasets\LUNA 16\classification\subset8\1\1_aug\21_19.npy
1,D:\Doctorat\datasets\LUNA 16\classification\subset8\1\1_aug\21_30.npy
1,D:\Doctorat\datasets\LUNA 16\classification\subset8\1\1_aug\22_12.npy
1,D:\Doctorat\datasets\LUNA 16\classification\subset8\1\1_aug\22_18.npy
1,D:\Doctorat\datasets\LUNA 16\classification\subset8\1\1_aug\22_37.npy
1,D:\Doctorat\datasets\LUNA 16\classification\subset8\1\1_aug\22_38.npy
1,D:\Doctorat\datasets\LUNA 16\classification\subset8\1\1_aug\22_39.npy
1,D:\Doctorat\datasets\LUNA 16\classification\subset8\1\1_aug\22_40.npy
1,D:\Doctorat\datasets\LUNA 16\classification\subset8\1\1_aug\23_1.npy
1,D:\Doctorat\datasets\LUNA 16\classification\subset8\1\1_aug\23_15.npy
1,D:\Doctorat\datasets\LUNA 16\classification\subset8\1\1_aug\23_19.npy
1,D:\Doctorat\datasets\LUNA 16\classification\subset8\1\1_aug\23_36.npy
1,D:\Doctorat\datasets\LUNA 16\classification\subset8\1\1_aug\23_39.npy
1,D:\Doctorat\datasets\LUNA 16\classification\subset8\1\1_aug\24_11.npy
1,D:\Doctorat\datasets\LUNA 16\classification\subset8\1\1_aug\24_24.npy
1,D:\Doctorat\datasets\LUNA 16\classification\subset8\1\1_aug\24_25.npy
1,D:\Doctorat\datasets\LUNA 16\classification\subset8\1\1_aug\24_28.npy
1,D:\Doctorat\datasets\LUNA 16\classification\subset8\1\1_aug\24_29.npy
1,D:\Doctorat\datasets\LUNA 16\classification\subset8\1\1_aug\24_3.npy
1,D:\Doctorat\datasets\LUNA 16\classification\subset8\1\1_aug\24_32.npy
1,D:\Doctorat\datasets\LUNA 16\classification\subset8\1\1_aug\24_33.npy
1,D:\Doctorat\datasets\LUNA 16\classification\subset8\1\1_aug\24_5.npy
1,D:\Doctorat\datasets\LUNA 16\classification\subset8\1\1_aug\24_7.npy
1,D:\Doctorat\datasets\LUNA 16\classification\subset8\1\1_aug\25_11.npy
1,D:\Doctorat\datasets\LUNA 16\classification\subset8\1\1_aug\25_16.npy
1,D:\Doctorat\datasets\LUNA 16\classification\subset8\1\1_aug\25_17.npy
1,D:\Doctorat\datasets\LUNA 16\classification\subset8\1\1_aug\25_18.npy
1,D:\Doctorat\datasets\LUNA 16\classification\subset8\1\1_aug\25_19.npy
1,D:\Doctorat\datasets\LUNA 16\classification\subset8\1\1_aug\25_29.npy
1,D:\Doctorat\datasets\LUNA 16\classification\subset8\1\1_aug\25_34.npy
1,D:\Doctorat\datasets\LUNA 16\classification\subset8\1\1_aug\25_6.npy
1,D:\Doctorat\datasets\LUNA 16\classification\subset8\1\1_aug\25_8.npy
1,D:\Doctorat\datasets\LUNA 16\classification\subset8\1\1_aug\25_9.npy
1,D:\Doctorat\datasets\LUNA 16\classification\subset8\1\1_aug\26_29.npy
1,D:\Doctorat\datasets\LUNA 16\classification\subset8\1\1_aug\26_33.npy
1,D:\Doctorat\datasets\LUNA 16\classification\subset8\1\1_aug\26_40.npy
1,D:\Doctorat\datasets\LUNA 16\classification\subset8\1\1_aug\26_8.npy
1,D:\Doctorat\datasets\LUNA 16\classification\subset8\1\1_aug\27_22.npy
1,D:\Doctorat\datasets\LUNA 16\classification\subset8\1\1_aug\27_26.npy
1,D:\Doctorat\datasets\LUNA 16\classification\subset8\1\1_aug\27_27.npy
1,D:\Doctorat\datasets\LUNA 16\classification\subset8\1\1_aug\27_36.npy
1,D:\Doctorat\datasets\LUNA 16\classification\subset8\1\1_aug\27_4.npy
1,D:\Doctorat\datasets\LUNA 16\classification\subset8\1\1_aug\27_40.npy
1,D:\Doctorat\datasets\LUNA 16\classification\subset8\1\1_aug\27_7.npy
1,D:\Doctorat\datasets\LUNA 16\classification\subset8\1\1_aug\28_1.npy
1,D:\Doctorat\datasets\LUNA 16\classification\subset8\1\1_aug\28_16.npy
1,D:\Doctorat\datasets\LUNA 16\classification\subset8\1\1_aug\28_20.npy
1,D:\Doctorat\datasets\LUNA 16\classification\subset8\1\1_aug\28_30.npy
1,D:\Doctorat\datasets\LUNA 16\classification\subset8\1\1_aug\28_31.npy
1,D:\Doctorat\datasets\LUNA 16\classification\subset8\1\1_aug\28_35.npy
1,D:\Doctorat\datasets\LUNA 16\classification\subset8\1\1_aug\29_12.npy
1,D:\Doctorat\datasets\LUNA 16\classification\subset8\1\1_aug\29_19.npy
1,D:\Doctorat\datasets\LUNA 16\classification\subset8\1\1_aug\29_21.npy
1,D:\Doctorat\datasets\LUNA 16\classification\subset8\1\1_aug\29_3.npy
1,D:\Doctorat\datasets\LUNA 16\classification\subset8\1\1_aug\29_30.npy
1,D:\Doctorat\datasets\LUNA 16\classification\subset8\1\1_aug\29_32.npy
1,D:\Doctorat\datasets\LUNA 16\classification\subset8\1\1_aug\29_36.npy
1,D:\Doctorat\datasets\LUNA 16\classification\subset8\1\1_aug\29_37.npy
1,D:\Doctorat\datasets\LUNA 16\classification\subset8\1\1_aug\2_10.npy
1,D:\Doctorat\datasets\LUNA 16\classification\subset8\1\1_aug\2_15.npy
1,D:\Doctorat\datasets\LUNA 16\classification\subset8\1\1_aug\2_19.npy
1,D:\Doctorat\datasets\LUNA 16\classification\subset8\1\1_aug\2_2.npy
1,D:\Doctorat\datasets\LUNA 16\classification\subset8\1\1_aug\2_20.npy
1,D:\Doctorat\datasets\LUNA 16\classification\subset8\1\1_aug\2_25.npy
1,D:\Doctorat\datasets\LUNA 16\classification\subset8\1\1_aug\2_32.npy
1,D:\Doctorat\datasets\LUNA 16\classification\subset8\1\1_aug\2_34.npy
1,D:\Doctorat\datasets\LUNA 16\classification\subset8\1\1_aug\2_38.npy
1,D:\Doctorat\datasets\LUNA 16\classification\subset8\1\1_aug\2_8.npy
1,D:\Doctorat\datasets\LUNA 16\classification\subset8\1\1_aug\30_14.npy
1,D:\Doctorat\datasets\LUNA 16\classification\subset8\1\1_aug\30_19.npy
1,D:\Doctorat\datasets\LUNA 16\classification\subset8\1\1_aug\30_2.npy
1,D:\Doctorat\datasets\LUNA 16\classification\subset8\1\1_aug\30_36.npy
1,D:\Doctorat\datasets\LUNA 16\classification\subset8\1\1_aug\31_11.npy
1,D:\Doctorat\datasets\LUNA 16\classification\subset8\1\1_aug\31_16.npy
1,D:\Doctorat\datasets\LUNA 16\classification\subset8\1\1_aug\31_21.npy
1,D:\Doctorat\datasets\LUNA 16\classification\subset8\1\1_aug\31_24.npy
1,D:\Doctorat\datasets\LUNA 16\classification\subset8\1\1_aug\31_27.npy
1,D:\Doctorat\datasets\LUNA 16\classification\subset8\1\1_aug\31_3.npy
1,D:\Doctorat\datasets\LUNA 16\classification\subset8\1\1_aug\31_31.npy
1,D:\Doctorat\datasets\LUNA 16\classification\subset8\1\1_aug\31_36.npy
1,D:\Doctorat\datasets\LUNA 16\classification\subset8\1\1_aug\31_38.npy
1,D:\Doctorat\datasets\LUNA 16\classification\subset8\1\1_aug\32_14.npy
1,D:\Doctorat\datasets\LUNA 16\classification\subset8\1\1_aug\32_19.npy
1,D:\Doctorat\datasets\LUNA 16\classification\subset8\1\1_aug\32_33.npy
1,D:\Doctorat\datasets\LUNA 16\classification\subset8\1\1_aug\32_37.npy
1,D:\Doctorat\datasets\LUNA 16\classification\subset8\1\1_aug\32_39.npy
1,D:\Doctorat\datasets\LUNA 16\classification\subset8\1\1_aug\32_6.npy
1,D:\Doctorat\datasets\LUNA 16\classification\subset8\1\1_aug\33_1.npy
1,D:\Doctorat\datasets\LUNA 16\classification\subset8\1\1_aug\33_17.npy
1,D:\Doctorat\datasets\LUNA 16\classification\subset8\1\1_aug\33_2.npy
1,D:\Doctorat\datasets\LUNA 16\classification\subset8\1\1_aug\33_20.npy
1,D:\Doctorat\datasets\LUNA 16\classification\subset8\1\1_aug\33_25.npy
1,D:\Doctorat\datasets\LUNA 16\classification\subset8\1\1_aug\33_26.npy
1,D:\Doctorat\datasets\LUNA 16\classification\subset8\1\1_aug\33_35.npy
1,D:\Doctorat\datasets\LUNA 16\classification\subset8\1\1_aug\33_40.npy
1,D:\Doctorat\datasets\LUNA 16\classification\subset8\1\1_aug\33_5.npy
1,D:\Doctorat\datasets\LUNA 16\classification\subset8\1\1_aug\33_9.npy
1,D:\Doctorat\datasets\LUNA 16\classification\subset8\1\1_aug\34_11.npy
1,D:\Doctorat\datasets\LUNA 16\classification\subset8\1\1_aug\34_16.npy
1,D:\Doctorat\datasets\LUNA 16\classification\subset8\1\1_aug\34_19.npy
1,D:\Doctorat\datasets\LUNA 16\classification\subset8\1\1_aug\34_27.npy
1,D:\Doctorat\datasets\LUNA 16\classification\subset8\1\1_aug\34_32.npy
1,D:\Doctorat\datasets\LUNA 16\classification\subset8\1\1_aug\34_33.npy
1,D:\Doctorat\datasets\LUNA 16\classification\subset8\1\1_aug\34_35.npy
1,D:\Doctorat\datasets\LUNA 16\classification\subset8\1\1_aug\34_5.npy
1,D:\Doctorat\datasets\LUNA 16\classification\subset8\1\1_aug\35_10.npy
1,D:\Doctorat\datasets\LUNA 16\classification\subset8\1\1_aug\35_16.npy
1,D:\Doctorat\datasets\LUNA 16\classification\subset8\1\1_aug\35_19.npy
1,D:\Doctorat\datasets\LUNA 16\classification\subset8\1\1_aug\35_27.npy
1,D:\Doctorat\datasets\LUNA 16\classification\subset8\1\1_aug\35_34.npy
1,D:\Doctorat\datasets\LUNA 16\classification\subset8\1\1_aug\35_6.npy
1,D:\Doctorat\datasets\LUNA 16\classification\subset8\1\1_aug\35_7.npy
1,D:\Doctorat\datasets\LUNA 16\classification\subset8\1\1_aug\36_19.npy
1,D:\Doctorat\datasets\LUNA 16\classification\subset8\1\1_aug\36_2.npy
1,D:\Doctorat\datasets\LUNA 16\classification\subset8\1\1_aug\36_22.npy
1,D:\Doctorat\datasets\LUNA 16\classification\subset8\1\1_aug\36_29.npy
1,D:\Doctorat\datasets\LUNA 16\classification\subset8\1\1_aug\36_37.npy
1,D:\Doctorat\datasets\LUNA 16\classification\subset8\1\1_aug\36_40.npy
1,D:\Doctorat\datasets\LUNA 16\classification\subset8\1\1_aug\37_20.npy
1,D:\Doctorat\datasets\LUNA 16\classification\subset8\1\1_aug\37_24.npy
1,D:\Doctorat\datasets\LUNA 16\classification\subset8\1\1_aug\37_35.npy
1,D:\Doctorat\datasets\LUNA 16\classification\subset8\1\1_aug\37_4.npy
1,D:\Doctorat\datasets\LUNA 16\classification\subset8\1\1_aug\37_5.npy
1,D:\Doctorat\datasets\LUNA 16\classification\subset8\1\1_aug\37_6.npy
1,D:\Doctorat\datasets\LUNA 16\classification\subset8\1\1_aug\38_19.npy
1,D:\Doctorat\datasets\LUNA 16\classification\subset8\1\1_aug\38_29.npy
1,D:\Doctorat\datasets\LUNA 16\classification\subset8\1\1_aug\38_30.npy
1,D:\Doctorat\datasets\LUNA 16\classification\subset8\1\1_aug\38_4.npy
1,D:\Doctorat\datasets\LUNA 16\classification\subset8\1\1_aug\39_12.npy
1,D:\Doctorat\datasets\LUNA 16\classification\subset8\1\1_aug\39_13.npy
1,D:\Doctorat\datasets\LUNA 16\classification\subset8\1\1_aug\39_2.npy
1,D:\Doctorat\datasets\LUNA 16\classification\subset8\1\1_aug\39_26.npy
1,D:\Doctorat\datasets\LUNA 16\classification\subset8\1\1_aug\39_31.npy
1,D:\Doctorat\datasets\LUNA 16\classification\subset8\1\1_aug\39_32.npy
1,D:\Doctorat\datasets\LUNA 16\classification\subset8\1\1_aug\39_34.npy
1,D:\Doctorat\datasets\LUNA 16\classification\subset8\1\1_aug\39_35.npy
1,D:\Doctorat\datasets\LUNA 16\classification\subset8\1\1_aug\3_29.npy
1,D:\Doctorat\datasets\LUNA 16\classification\subset8\1\1_aug\3_33.npy
1,D:\Doctorat\datasets\LUNA 16\classification\subset8\1\1_aug\3_35.npy
1,D:\Doctorat\datasets\LUNA 16\classification\subset8\1\1_aug\3_39.npy
1,D:\Doctorat\datasets\LUNA 16\classification\subset8\1\1_aug\40_11.npy
1,D:\Doctorat\datasets\LUNA 16\classification\subset8\1\1_aug\40_13.npy
1,D:\Doctorat\datasets\LUNA 16\classification\subset8\1\1_aug\40_14.npy
1,D:\Doctorat\datasets\LUNA 16\classification\subset8\1\1_aug\40_16.npy
1,D:\Doctorat\datasets\LUNA 16\classification\subset8\1\1_aug\40_19.npy
1,D:\Doctorat\datasets\LUNA 16\classification\subset8\1\1_aug\40_27.npy
1,D:\Doctorat\datasets\LUNA 16\classification\subset8\1\1_aug\40_29.npy
1,D:\Doctorat\datasets\LUNA 16\classification\subset8\1\1_aug\40_31.npy
1,D:\Doctorat\datasets\LUNA 16\classification\subset8\1\1_aug\40_4.npy
1,D:\Doctorat\datasets\LUNA 16\classification\subset8\1\1_aug\40_6.npy
1,D:\Doctorat\datasets\LUNA 16\classification\subset8\1\1_aug\41_1.npy
1,D:\Doctorat\datasets\LUNA 16\classification\subset8\1\1_aug\41_13.npy
1,D:\Doctorat\datasets\LUNA 16\classification\subset8\1\1_aug\41_17.npy
1,D:\Doctorat\datasets\LUNA 16\classification\subset8\1\1_aug\41_2.npy
1,D:\Doctorat\datasets\LUNA 16\classification\subset8\1\1_aug\41_22.npy
1,D:\Doctorat\datasets\LUNA 16\classification\subset8\1\1_aug\41_26.npy
1,D:\Doctorat\datasets\LUNA 16\classification\subset8\1\1_aug\41_29.npy
1,D:\Doctorat\datasets\LUNA 16\classification\subset8\1\1_aug\41_31.npy
1,D:\Doctorat\datasets\LUNA 16\classification\subset8\1\1_aug\41_34.npy
1,D:\Doctorat\datasets\LUNA 16\classification\subset8\1\1_aug\41_36.npy
1,D:\Doctorat\datasets\LUNA 16\classification\subset8\1\1_aug\41_38.npy
1,D:\Doctorat\datasets\LUNA 16\classification\subset8\1\1_aug\42_1.npy
1,D:\Doctorat\datasets\LUNA 16\classification\subset8\1\1_aug\42_13.npy
1,D:\Doctorat\datasets\LUNA 16\classification\subset8\1\1_aug\42_19.npy
1,D:\Doctorat\datasets\LUNA 16\classification\subset8\1\1_aug\42_2.npy
1,D:\Doctorat\datasets\LUNA 16\classification\subset8\1\1_aug\42_20.npy
1,D:\Doctorat\datasets\LUNA 16\classification\subset8\1\1_aug\42_22.npy
1,D:\Doctorat\datasets\LUNA 16\classification\subset8\1\1_aug\42_25.npy
1,D:\Doctorat\datasets\LUNA 16\classification\subset8\1\1_aug\42_30.npy
1,D:\Doctorat\datasets\LUNA 16\classification\subset8\1\1_aug\42_31.npy
1,D:\Doctorat\datasets\LUNA 16\classification\subset8\1\1_aug\42_34.npy
1,D:\Doctorat\datasets\LUNA 16\classification\subset8\1\1_aug\42_35.npy
1,D:\Doctorat\datasets\LUNA 16\classification\subset8\1\1_aug\42_39.npy
1,D:\Doctorat\datasets\LUNA 16\classification\subset8\1\1_aug\42_7.npy
1,D:\Doctorat\datasets\LUNA 16\classification\subset8\1\1_aug\43_13.npy
1,D:\Doctorat\datasets\LUNA 16\classification\subset8\1\1_aug\43_18.npy
1,D:\Doctorat\datasets\LUNA 16\classification\subset8\1\1_aug\43_33.npy
1,D:\Doctorat\datasets\LUNA 16\classification\subset8\1\1_aug\43_40.npy
1,D:\Doctorat\datasets\LUNA 16\classification\subset8\1\1_aug\44_18.npy
1,D:\Doctorat\datasets\LUNA 16\classification\subset8\1\1_aug\44_23.npy
1,D:\Doctorat\datasets\LUNA 16\classification\subset8\1\1_aug\44_24.npy
1,D:\Doctorat\datasets\LUNA 16\classification\subset8\1\1_aug\44_27.npy
1,D:\Doctorat\datasets\LUNA 16\classification\subset8\1\1_aug\44_30.npy
1,D:\Doctorat\datasets\LUNA 16\classification\subset8\1\1_aug\44_32.npy
1,D:\Doctorat\datasets\LUNA 16\classification\subset8\1\1_aug\44_33.npy
1,D:\Doctorat\datasets\LUNA 16\classification\subset8\1\1_aug\44_36.npy
1,D:\Doctorat\datasets\LUNA 16\classification\subset8\1\1_aug\44_37.npy
1,D:\Doctorat\datasets\LUNA 16\classification\subset8\1\1_aug\44_39.npy
1,D:\Doctorat\datasets\LUNA 16\classification\subset8\1\1_aug\44_6.npy
1,D:\Doctorat\datasets\LUNA 16\classification\subset8\1\1_aug\45_15.npy
1,D:\Doctorat\datasets\LUNA 16\classification\subset8\1\1_aug\45_24.npy
1,D:\Doctorat\datasets\LUNA 16\classification\subset8\1\1_aug\45_30.npy
1,D:\Doctorat\datasets\LUNA 16\classification\subset8\1\1_aug\45_32.npy
1,D:\Doctorat\datasets\LUNA 16\classification\subset8\1\1_aug\45_34.npy
1,D:\Doctorat\datasets\LUNA 16\classification\subset8\1\1_aug\45_36.npy
1,D:\Doctorat\datasets\LUNA 16\classification\subset8\1\1_aug\45_39.npy
1,D:\Doctorat\datasets\LUNA 16\classification\subset8\1\1_aug\45_40.npy
1,D:\Doctorat\datasets\LUNA 16\classification\subset8\1\1_aug\45_8.npy
1,D:\Doctorat\datasets\LUNA 16\classification\subset8\1\1_aug\46_15.npy
1,D:\Doctorat\datasets\LUNA 16\classification\subset8\1\1_aug\46_18.npy
1,D:\Doctorat\datasets\LUNA 16\classification\subset8\1\1_aug\46_26.npy
1,D:\Doctorat\datasets\LUNA 16\classification\subset8\1\1_aug\46_3.npy
1,D:\Doctorat\datasets\LUNA 16\classification\subset8\1\1_aug\46_30.npy
1,D:\Doctorat\datasets\LUNA 16\classification\subset8\1\1_aug\46_32.npy
1,D:\Doctorat\datasets\LUNA 16\classification\subset8\1\1_aug\46_35.npy
1,D:\Doctorat\datasets\LUNA 16\classification\subset8\1\1_aug\46_38.npy
1,D:\Doctorat\datasets\LUNA 16\classification\subset8\1\1_aug\46_4.npy
1,D:\Doctorat\datasets\LUNA 16\classification\subset8\1\1_aug\46_8.npy
1,D:\Doctorat\datasets\LUNA 16\classification\subset8\1\1_aug\47_1.npy
1,D:\Doctorat\datasets\LUNA 16\classification\subset8\1\1_aug\47_10.npy
1,D:\Doctorat\datasets\LUNA 16\classification\subset8\1\1_aug\47_14.npy
1,D:\Doctorat\datasets\LUNA 16\classification\subset8\1\1_aug\47_20.npy
1,D:\Doctorat\datasets\LUNA 16\classification\subset8\1\1_aug\47_23.npy
1,D:\Doctorat\datasets\LUNA 16\classification\subset8\1\1_aug\47_27.npy
1,D:\Doctorat\datasets\LUNA 16\classification\subset8\1\1_aug\47_28.npy
1,D:\Doctorat\datasets\LUNA 16\classification\subset8\1\1_aug\47_7.npy
1,D:\Doctorat\datasets\LUNA 16\classification\subset8\1\1_aug\47_8.npy
1,D:\Doctorat\datasets\LUNA 16\classification\subset8\1\1_aug\48_14.npy
1,D:\Doctorat\datasets\LUNA 16\classification\subset8\1\1_aug\48_16.npy
1,D:\Doctorat\datasets\LUNA 16\classification\subset8\1\1_aug\48_18.npy
1,D:\Doctorat\datasets\LUNA 16\classification\subset8\1\1_aug\48_21.npy
1,D:\Doctorat\datasets\LUNA 16\classification\subset8\1\1_aug\48_23.npy
1,D:\Doctorat\datasets\LUNA 16\classification\subset8\1\1_aug\48_26.npy
1,D:\Doctorat\datasets\LUNA 16\classification\subset8\1\1_aug\48_3.npy
1,D:\Doctorat\datasets\LUNA 16\classification\subset8\1\1_aug\48_33.npy
1,D:\Doctorat\datasets\LUNA 16\classification\subset8\1\1_aug\48_4.npy
1,D:\Doctorat\datasets\LUNA 16\classification\subset8\1\1_aug\48_6.npy
1,D:\Doctorat\datasets\LUNA 16\classification\subset8\1\1_aug\48_7.npy
1,D:\Doctorat\datasets\LUNA 16\classification\subset8\1\1_aug\49_16.npy
1,D:\Doctorat\datasets\LUNA 16\classification\subset8\1\1_aug\49_21.npy
1,D:\Doctorat\datasets\LUNA 16\classification\subset8\1\1_aug\49_25.npy
1,D:\Doctorat\datasets\LUNA 16\classification\subset8\1\1_aug\49_3.npy
1,D:\Doctorat\datasets\LUNA 16\classification\subset8\1\1_aug\49_31.npy
1,D:\Doctorat\datasets\LUNA 16\classification\subset8\1\1_aug\49_32.npy
1,D:\Doctorat\datasets\LUNA 16\classification\subset8\1\1_aug\49_38.npy
1,D:\Doctorat\datasets\LUNA 16\classification\subset8\1\1_aug\49_6.npy
1,D:\Doctorat\datasets\LUNA 16\classification\subset8\1\1_aug\49_7.npy
1,D:\Doctorat\datasets\LUNA 16\classification\subset8\1\1_aug\4_15.npy
1,D:\Doctorat\datasets\LUNA 16\classification\subset8\1\1_aug\4_2.npy
1,D:\Doctorat\datasets\LUNA 16\classification\subset8\1\1_aug\4_36.npy
1,D:\Doctorat\datasets\LUNA 16\classification\subset8\1\1_aug\50_10.npy
1,D:\Doctorat\datasets\LUNA 16\classification\subset8\1\1_aug\50_11.npy
1,D:\Doctorat\datasets\LUNA 16\classification\subset8\1\1_aug\50_12.npy
1,D:\Doctorat\datasets\LUNA 16\classification\subset8\1\1_aug\50_15.npy
1,D:\Doctorat\datasets\LUNA 16\classification\subset8\1\1_aug\50_16.npy
1,D:\Doctorat\datasets\LUNA 16\classification\subset8\1\1_aug\50_17.npy
1,D:\Doctorat\datasets\LUNA 16\classification\subset8\1\1_aug\50_2.npy
1,D:\Doctorat\datasets\LUNA 16\classification\subset8\1\1_aug\50_23.npy
1,D:\Doctorat\datasets\LUNA 16\classification\subset8\1\1_aug\50_26.npy
1,D:\Doctorat\datasets\LUNA 16\classification\subset8\1\1_aug\50_27.npy
1,D:\Doctorat\datasets\LUNA 16\classification\subset8\1\1_aug\50_28.npy
1,D:\Doctorat\datasets\LUNA 16\classification\subset8\1\1_aug\50_3.npy
1,D:\Doctorat\datasets\LUNA 16\classification\subset8\1\1_aug\50_32.npy
1,D:\Doctorat\datasets\LUNA 16\classification\subset8\1\1_aug\50_36.npy
1,D:\Doctorat\datasets\LUNA 16\classification\subset8\1\1_aug\50_39.npy
1,D:\Doctorat\datasets\LUNA 16\classification\subset8\1\1_aug\51_11.npy
1,D:\Doctorat\datasets\LUNA 16\classification\subset8\1\1_aug\51_13.npy
1,D:\Doctorat\datasets\LUNA 16\classification\subset8\1\1_aug\51_2.npy
1,D:\Doctorat\datasets\LUNA 16\classification\subset8\1\1_aug\51_20.npy
1,D:\Doctorat\datasets\LUNA 16\classification\subset8\1\1_aug\51_25.npy
1,D:\Doctorat\datasets\LUNA 16\classification\subset8\1\1_aug\51_28.npy
1,D:\Doctorat\datasets\LUNA 16\classification\subset8\1\1_aug\51_29.npy
1,D:\Doctorat\datasets\LUNA 16\classification\subset8\1\1_aug\51_30.npy
1,D:\Doctorat\datasets\LUNA 16\classification\subset8\1\1_aug\51_4.npy
1,D:\Doctorat\datasets\LUNA 16\classification\subset8\1\1_aug\51_5.npy
1,D:\Doctorat\datasets\LUNA 16\classification\subset8\1\1_aug\52_17.npy
1,D:\Doctorat\datasets\LUNA 16\classification\subset8\1\1_aug\52_2.npy
1,D:\Doctorat\datasets\LUNA 16\classification\subset8\1\1_aug\52_21.npy
1,D:\Doctorat\datasets\LUNA 16\classification\subset8\1\1_aug\52_26.npy
1,D:\Doctorat\datasets\LUNA 16\classification\subset8\1\1_aug\52_32.npy
1,D:\Doctorat\datasets\LUNA 16\classification\subset8\1\1_aug\52_37.npy
1,D:\Doctorat\datasets\LUNA 16\classification\subset8\1\1_aug\53_12.npy
1,D:\Doctorat\datasets\LUNA 16\classification\subset8\1\1_aug\53_13.npy
1,D:\Doctorat\datasets\LUNA 16\classification\subset8\1\1_aug\53_32.npy
1,D:\Doctorat\datasets\LUNA 16\classification\subset8\1\1_aug\53_38.npy
1,D:\Doctorat\datasets\LUNA 16\classification\subset8\1\1_aug\53_5.npy
1,D:\Doctorat\datasets\LUNA 16\classification\subset8\1\1_aug\54_1.npy
1,D:\Doctorat\datasets\LUNA 16\classification\subset8\1\1_aug\54_2.npy
1,D:\Doctorat\datasets\LUNA 16\classification\subset8\1\1_aug\54_20.npy
1,D:\Doctorat\datasets\LUNA 16\classification\subset8\1\1_aug\54_21.npy
1,D:\Doctorat\datasets\LUNA 16\classification\subset8\1\1_aug\54_27.npy
1,D:\Doctorat\datasets\LUNA 16\classification\subset8\1\1_aug\54_32.npy
1,D:\Doctorat\datasets\LUNA 16\classification\subset8\1\1_aug\55_12.npy
1,D:\Doctorat\datasets\LUNA 16\classification\subset8\1\1_aug\55_16.npy
1,D:\Doctorat\datasets\LUNA 16\classification\subset8\1\1_aug\55_25.npy
1,D:\Doctorat\datasets\LUNA 16\classification\subset8\1\1_aug\55_26.npy
1,D:\Doctorat\datasets\LUNA 16\classification\subset8\1\1_aug\55_27.npy
1,D:\Doctorat\datasets\LUNA 16\classification\subset8\1\1_aug\55_29.npy
1,D:\Doctorat\datasets\LUNA 16\classification\subset8\1\1_aug\55_30.npy
1,D:\Doctorat\datasets\LUNA 16\classification\subset8\1\1_aug\56_19.npy
1,D:\Doctorat\datasets\LUNA 16\classification\subset8\1\1_aug\56_2.npy
1,D:\Doctorat\datasets\LUNA 16\classification\subset8\1\1_aug\56_26.npy
1,D:\Doctorat\datasets\LUNA 16\classification\subset8\1\1_aug\56_27.npy
1,D:\Doctorat\datasets\LUNA 16\classification\subset8\1\1_aug\56_32.npy
1,D:\Doctorat\datasets\LUNA 16\classification\subset8\1\1_aug\56_35.npy
1,D:\Doctorat\datasets\LUNA 16\classification\subset8\1\1_aug\56_4.npy
1,D:\Doctorat\datasets\LUNA 16\classification\subset8\1\1_aug\56_5.npy
1,D:\Doctorat\datasets\LUNA 16\classification\subset8\1\1_aug\56_9.npy
1,D:\Doctorat\datasets\LUNA 16\classification\subset8\1\1_aug\57_1.npy
1,D:\Doctorat\datasets\LUNA 16\classification\subset8\1\1_aug\57_13.npy
1,D:\Doctorat\datasets\LUNA 16\classification\subset8\1\1_aug\57_15.npy
1,D:\Doctorat\datasets\LUNA 16\classification\subset8\1\1_aug\57_18.npy
1,D:\Doctorat\datasets\LUNA 16\classification\subset8\1\1_aug\57_19.npy
1,D:\Doctorat\datasets\LUNA 16\classification\subset8\1\1_aug\57_2.npy
1,D:\Doctorat\datasets\LUNA 16\classification\subset8\1\1_aug\57_26.npy
1,D:\Doctorat\datasets\LUNA 16\classification\subset8\1\1_aug\57_30.npy
1,D:\Doctorat\datasets\LUNA 16\classification\subset8\1\1_aug\57_33.npy
1,D:\Doctorat\datasets\LUNA 16\classification\subset8\1\1_aug\57_34.npy
1,D:\Doctorat\datasets\LUNA 16\classification\subset8\1\1_aug\57_35.npy
1,D:\Doctorat\datasets\LUNA 16\classification\subset8\1\1_aug\58_1.npy
1,D:\Doctorat\datasets\LUNA 16\classification\subset8\1\1_aug\58_15.npy
1,D:\Doctorat\datasets\LUNA 16\classification\subset8\1\1_aug\58_16.npy
1,D:\Doctorat\datasets\LUNA 16\classification\subset8\1\1_aug\58_19.npy
1,D:\Doctorat\datasets\LUNA 16\classification\subset8\1\1_aug\58_21.npy
1,D:\Doctorat\datasets\LUNA 16\classification\subset8\1\1_aug\58_30.npy
1,D:\Doctorat\datasets\LUNA 16\classification\subset8\1\1_aug\58_31.npy
1,D:\Doctorat\datasets\LUNA 16\classification\subset8\1\1_aug\58_37.npy
1,D:\Doctorat\datasets\LUNA 16\classification\subset8\1\1_aug\58_8.npy
1,D:\Doctorat\datasets\LUNA 16\classification\subset8\1\1_aug\59_11.npy
1,D:\Doctorat\datasets\LUNA 16\classification\subset8\1\1_aug\59_18.npy
1,D:\Doctorat\datasets\LUNA 16\classification\subset8\1\1_aug\59_27.npy
1,D:\Doctorat\datasets\LUNA 16\classification\subset8\1\1_aug\59_3.npy
1,D:\Doctorat\datasets\LUNA 16\classification\subset8\1\1_aug\59_33.npy
1,D:\Doctorat\datasets\LUNA 16\classification\subset8\1\1_aug\59_4.npy
1,D:\Doctorat\datasets\LUNA 16\classification\subset8\1\1_aug\59_7.npy
1,D:\Doctorat\datasets\LUNA 16\classification\subset8\1\1_aug\59_9.npy
1,D:\Doctorat\datasets\LUNA 16\classification\subset8\1\1_aug\5_10.npy
1,D:\Doctorat\datasets\LUNA 16\classification\subset8\1\1_aug\5_18.npy
1,D:\Doctorat\datasets\LUNA 16\classification\subset8\1\1_aug\5_2.npy
1,D:\Doctorat\datasets\LUNA 16\classification\subset8\1\1_aug\5_31.npy
1,D:\Doctorat\datasets\LUNA 16\classification\subset8\1\1_aug\5_32.npy
1,D:\Doctorat\datasets\LUNA 16\classification\subset8\1\1_aug\5_34.npy
1,D:\Doctorat\datasets\LUNA 16\classification\subset8\1\1_aug\5_36.npy
1,D:\Doctorat\datasets\LUNA 16\classification\subset8\1\1_aug\5_7.npy
1,D:\Doctorat\datasets\LUNA 16\classification\subset8\1\1_aug\60_14.npy
1,D:\Doctorat\datasets\LUNA 16\classification\subset8\1\1_aug\60_15.npy
1,D:\Doctorat\datasets\LUNA 16\classification\subset8\1\1_aug\60_22.npy
1,D:\Doctorat\datasets\LUNA 16\classification\subset8\1\1_aug\60_32.npy
1,D:\Doctorat\datasets\LUNA 16\classification\subset8\1\1_aug\60_5.npy
1,D:\Doctorat\datasets\LUNA 16\classification\subset8\1\1_aug\60_6.npy
1,D:\Doctorat\datasets\LUNA 16\classification\subset8\1\1_aug\61_14.npy
1,D:\Doctorat\datasets\LUNA 16\classification\subset8\1\1_aug\61_25.npy
1,D:\Doctorat\datasets\LUNA 16\classification\subset8\1\1_aug\61_26.npy
1,D:\Doctorat\datasets\LUNA 16\classification\subset8\1\1_aug\61_29.npy
1,D:\Doctorat\datasets\LUNA 16\classification\subset8\1\1_aug\61_30.npy
1,D:\Doctorat\datasets\LUNA 16\classification\subset8\1\1_aug\61_6.npy
1,D:\Doctorat\datasets\LUNA 16\classification\subset8\1\1_aug\62_10.npy
1,D:\Doctorat\datasets\LUNA 16\classification\subset8\1\1_aug\62_11.npy
1,D:\Doctorat\datasets\LUNA 16\classification\subset8\1\1_aug\62_15.npy
1,D:\Doctorat\datasets\LUNA 16\classification\subset8\1\1_aug\62_18.npy
1,D:\Doctorat\datasets\LUNA 16\classification\subset8\1\1_aug\62_19.npy
1,D:\Doctorat\datasets\LUNA 16\classification\subset8\1\1_aug\62_2.npy
1,D:\Doctorat\datasets\LUNA 16\classification\subset8\1\1_aug\62_26.npy
1,D:\Doctorat\datasets\LUNA 16\classification\subset8\1\1_aug\62_32.npy
1,D:\Doctorat\datasets\LUNA 16\classification\subset8\1\1_aug\62_38.npy
1,D:\Doctorat\datasets\LUNA 16\classification\subset8\1\1_aug\62_39.npy
1,D:\Doctorat\datasets\LUNA 16\classification\subset8\1\1_aug\62_9.npy
1,D:\Doctorat\datasets\LUNA 16\classification\subset8\1\1_aug\63_12.npy
1,D:\Doctorat\datasets\LUNA 16\classification\subset8\1\1_aug\63_14.npy
1,D:\Doctorat\datasets\LUNA 16\classification\subset8\1\1_aug\63_21.npy
1,D:\Doctorat\datasets\LUNA 16\classification\subset8\1\1_aug\63_22.npy
1,D:\Doctorat\datasets\LUNA 16\classification\subset8\1\1_aug\63_25.npy
1,D:\Doctorat\datasets\LUNA 16\classification\subset8\1\1_aug\63_26.npy
1,D:\Doctorat\datasets\LUNA 16\classification\subset8\1\1_aug\63_27.npy
1,D:\Doctorat\datasets\LUNA 16\classification\subset8\1\1_aug\63_30.npy
1,D:\Doctorat\datasets\LUNA 16\classification\subset8\1\1_aug\63_35.npy
1,D:\Doctorat\datasets\LUNA 16\classification\subset8\1\1_aug\63_38.npy
1,D:\Doctorat\datasets\LUNA 16\classification\subset8\1\1_aug\63_9.npy
1,D:\Doctorat\datasets\LUNA 16\classification\subset8\1\1_aug\64_12.npy
1,D:\Doctorat\datasets\LUNA 16\classification\subset8\1\1_aug\64_15.npy
1,D:\Doctorat\datasets\LUNA 16\classification\subset8\1\1_aug\64_25.npy
1,D:\Doctorat\datasets\LUNA 16\classification\subset8\1\1_aug\64_34.npy
1,D:\Doctorat\datasets\LUNA 16\classification\subset8\1\1_aug\64_35.npy
1,D:\Doctorat\datasets\LUNA 16\classification\subset8\1\1_aug\64_40.npy
1,D:\Doctorat\datasets\LUNA 16\classification\subset8\1\1_aug\64_7.npy
1,D:\Doctorat\datasets\LUNA 16\classification\subset8\1\1_aug\65_1.npy
1,D:\Doctorat\datasets\LUNA 16\classification\subset8\1\1_aug\65_17.npy
1,D:\Doctorat\datasets\LUNA 16\classification\subset8\1\1_aug\65_18.npy
1,D:\Doctorat\datasets\LUNA 16\classification\subset8\1\1_aug\65_23.npy
1,D:\Doctorat\datasets\LUNA 16\classification\subset8\1\1_aug\65_26.npy
1,D:\Doctorat\datasets\LUNA 16\classification\subset8\1\1_aug\65_30.npy
1,D:\Doctorat\datasets\LUNA 16\classification\subset8\1\1_aug\65_39.npy
1,D:\Doctorat\datasets\LUNA 16\classification\subset8\1\1_aug\65_7.npy
1,D:\Doctorat\datasets\LUNA 16\classification\subset8\1\1_aug\65_9.npy
1,D:\Doctorat\datasets\LUNA 16\classification\subset8\1\1_aug\66_16.npy
1,D:\Doctorat\datasets\LUNA 16\classification\subset8\1\1_aug\66_26.npy
1,D:\Doctorat\datasets\LUNA 16\classification\subset8\1\1_aug\66_27.npy
1,D:\Doctorat\datasets\LUNA 16\classification\subset8\1\1_aug\66_29.npy
1,D:\Doctorat\datasets\LUNA 16\classification\subset8\1\1_aug\66_37.npy
1,D:\Doctorat\datasets\LUNA 16\classification\subset8\1\1_aug\66_38.npy
1,D:\Doctorat\datasets\LUNA 16\classification\subset8\1\1_aug\66_9.npy
1,D:\Doctorat\datasets\LUNA 16\classification\subset8\1\1_aug\67_11.npy
1,D:\Doctorat\datasets\LUNA 16\classification\subset8\1\1_aug\67_15.npy
1,D:\Doctorat\datasets\LUNA 16\classification\subset8\1\1_aug\67_24.npy
1,D:\Doctorat\datasets\LUNA 16\classification\subset8\1\1_aug\67_29.npy
1,D:\Doctorat\datasets\LUNA 16\classification\subset8\1\1_aug\67_3.npy
1,D:\Doctorat\datasets\LUNA 16\classification\subset8\1\1_aug\68_11.npy
1,D:\Doctorat\datasets\LUNA 16\classification\subset8\1\1_aug\68_20.npy
1,D:\Doctorat\datasets\LUNA 16\classification\subset8\1\1_aug\68_29.npy
1,D:\Doctorat\datasets\LUNA 16\classification\subset8\1\1_aug\68_31.npy
1,D:\Doctorat\datasets\LUNA 16\classification\subset8\1\1_aug\68_38.npy
1,D:\Doctorat\datasets\LUNA 16\classification\subset8\1\1_aug\68_5.npy
1,D:\Doctorat\datasets\LUNA 16\classification\subset8\1\1_aug\68_8.npy
1,D:\Doctorat\datasets\LUNA 16\classification\subset8\1\1_aug\69_12.npy
1,D:\Doctorat\datasets\LUNA 16\classification\subset8\1\1_aug\69_15.npy
1,D:\Doctorat\datasets\LUNA 16\classification\subset8\1\1_aug\69_24.npy
1,D:\Doctorat\datasets\LUNA 16\classification\subset8\1\1_aug\69_28.npy
1,D:\Doctorat\datasets\LUNA 16\classification\subset8\1\1_aug\69_31.npy
1,D:\Doctorat\datasets\LUNA 16\classification\subset8\1\1_aug\69_33.npy
1,D:\Doctorat\datasets\LUNA 16\classification\subset8\1\1_aug\69_36.npy
1,D:\Doctorat\datasets\LUNA 16\classification\subset8\1\1_aug\69_37.npy
1,D:\Doctorat\datasets\LUNA 16\classification\subset8\1\1_aug\69_5.npy
1,D:\Doctorat\datasets\LUNA 16\classification\subset8\1\1_aug\69_7.npy
1,D:\Doctorat\datasets\LUNA 16\classification\subset8\1\1_aug\6_14.npy
1,D:\Doctorat\datasets\LUNA 16\classification\subset8\1\1_aug\6_16.npy
1,D:\Doctorat\datasets\LUNA 16\classification\subset8\1\1_aug\6_40.npy
1,D:\Doctorat\datasets\LUNA 16\classification\subset8\1\1_aug\6_6.npy
1,D:\Doctorat\datasets\LUNA 16\classification\subset8\1\1_aug\70_14.npy
1,D:\Doctorat\datasets\LUNA 16\classification\subset8\1\1_aug\70_15.npy
1,D:\Doctorat\datasets\LUNA 16\classification\subset8\1\1_aug\70_3.npy
1,D:\Doctorat\datasets\LUNA 16\classification\subset8\1\1_aug\70_31.npy
1,D:\Doctorat\datasets\LUNA 16\classification\subset8\1\1_aug\70_33.npy
1,D:\Doctorat\datasets\LUNA 16\classification\subset8\1\1_aug\70_4.npy
1,D:\Doctorat\datasets\LUNA 16\classification\subset8\1\1_aug\71_10.npy
1,D:\Doctorat\datasets\LUNA 16\classification\subset8\1\1_aug\71_13.npy
1,D:\Doctorat\datasets\LUNA 16\classification\subset8\1\1_aug\71_18.npy
1,D:\Doctorat\datasets\LUNA 16\classification\subset8\1\1_aug\71_21.npy
1,D:\Doctorat\datasets\LUNA 16\classification\subset8\1\1_aug\71_23.npy
1,D:\Doctorat\datasets\LUNA 16\classification\subset8\1\1_aug\71_26.npy
1,D:\Doctorat\datasets\LUNA 16\classification\subset8\1\1_aug\71_29.npy
1,D:\Doctorat\datasets\LUNA 16\classification\subset8\1\1_aug\71_32.npy
1,D:\Doctorat\datasets\LUNA 16\classification\subset8\1\1_aug\71_36.npy
1,D:\Doctorat\datasets\LUNA 16\classification\subset8\1\1_aug\71_38.npy
1,D:\Doctorat\datasets\LUNA 16\classification\subset8\1\1_aug\71_5.npy
1,D:\Doctorat\datasets\LUNA 16\classification\subset8\1\1_aug\72_10.npy
1,D:\Doctorat\datasets\LUNA 16\classification\subset8\1\1_aug\72_25.npy
1,D:\Doctorat\datasets\LUNA 16\classification\subset8\1\1_aug\72_27.npy
1,D:\Doctorat\datasets\LUNA 16\classification\subset8\1\1_aug\72_28.npy
1,D:\Doctorat\datasets\LUNA 16\classification\subset8\1\1_aug\72_31.npy
1,D:\Doctorat\datasets\LUNA 16\classification\subset8\1\1_aug\72_34.npy
1,D:\Doctorat\datasets\LUNA 16\classification\subset8\1\1_aug\72_9.npy
1,D:\Doctorat\datasets\LUNA 16\classification\subset8\1\1_aug\73_1.npy
1,D:\Doctorat\datasets\LUNA 16\classification\subset8\1\1_aug\73_10.npy
1,D:\Doctorat\datasets\LUNA 16\classification\subset8\1\1_aug\73_14.npy
1,D:\Doctorat\datasets\LUNA 16\classification\subset8\1\1_aug\73_17.npy
1,D:\Doctorat\datasets\LUNA 16\classification\subset8\1\1_aug\73_18.npy
1,D:\Doctorat\datasets\LUNA 16\classification\subset8\1\1_aug\73_22.npy
1,D:\Doctorat\datasets\LUNA 16\classification\subset8\1\1_aug\73_24.npy
1,D:\Doctorat\datasets\LUNA 16\classification\subset8\1\1_aug\73_30.npy
1,D:\Doctorat\datasets\LUNA 16\classification\subset8\1\1_aug\73_31.npy
1,D:\Doctorat\datasets\LUNA 16\classification\subset8\1\1_aug\73_36.npy
1,D:\Doctorat\datasets\LUNA 16\classification\subset8\1\1_aug\74_11.npy
1,D:\Doctorat\datasets\LUNA 16\classification\subset8\1\1_aug\74_19.npy
1,D:\Doctorat\datasets\LUNA 16\classification\subset8\1\1_aug\74_20.npy
1,D:\Doctorat\datasets\LUNA 16\classification\subset8\1\1_aug\74_22.npy
1,D:\Doctorat\datasets\LUNA 16\classification\subset8\1\1_aug\74_35.npy
1,D:\Doctorat\datasets\LUNA 16\classification\subset8\1\1_aug\74_39.npy
1,D:\Doctorat\datasets\LUNA 16\classification\subset8\1\1_aug\74_8.npy
1,D:\Doctorat\datasets\LUNA 16\classification\subset8\1\1_aug\75_10.npy
1,D:\Doctorat\datasets\LUNA 16\classification\subset8\1\1_aug\75_11.npy
1,D:\Doctorat\datasets\LUNA 16\classification\subset8\1\1_aug\75_15.npy
1,D:\Doctorat\datasets\LUNA 16\classification\subset8\1\1_aug\75_2.npy
1,D:\Doctorat\datasets\LUNA 16\classification\subset8\1\1_aug\75_21.npy
1,D:\Doctorat\datasets\LUNA 16\classification\subset8\1\1_aug\75_27.npy
1,D:\Doctorat\datasets\LUNA 16\classification\subset8\1\1_aug\75_3.npy
1,D:\Doctorat\datasets\LUNA 16\classification\subset8\1\1_aug\75_35.npy
1,D:\Doctorat\datasets\LUNA 16\classification\subset8\1\1_aug\76_1.npy
1,D:\Doctorat\datasets\LUNA 16\classification\subset8\1\1_aug\76_12.npy
1,D:\Doctorat\datasets\LUNA 16\classification\subset8\1\1_aug\76_13.npy
1,D:\Doctorat\datasets\LUNA 16\classification\subset8\1\1_aug\76_14.npy
1,D:\Doctorat\datasets\LUNA 16\classification\subset8\1\1_aug\76_2.npy
1,D:\Doctorat\datasets\LUNA 16\classification\subset8\1\1_aug\76_22.npy
1,D:\Doctorat\datasets\LUNA 16\classification\subset8\1\1_aug\76_32.npy
1,D:\Doctorat\datasets\LUNA 16\classification\subset8\1\1_aug\77_1.npy
1,D:\Doctorat\datasets\LUNA 16\classification\subset8\1\1_aug\77_15.npy
1,D:\Doctorat\datasets\LUNA 16\classification\subset8\1\1_aug\77_33.npy
1,D:\Doctorat\datasets\LUNA 16\classification\subset8\1\1_aug\77_38.npy
1,D:\Doctorat\datasets\LUNA 16\classification\subset8\1\1_aug\77_39.npy
1,D:\Doctorat\datasets\LUNA 16\classification\subset8\1\1_aug\77_7.npy
1,D:\Doctorat\datasets\LUNA 16\classification\subset8\1\1_aug\78_10.npy
1,D:\Doctorat\datasets\LUNA 16\classification\subset8\1\1_aug\78_19.npy
1,D:\Doctorat\datasets\LUNA 16\classification\subset8\1\1_aug\78_20.npy
1,D:\Doctorat\datasets\LUNA 16\classification\subset8\1\1_aug\78_22.npy
1,D:\Doctorat\datasets\LUNA 16\classification\subset8\1\1_aug\78_32.npy
1,D:\Doctorat\datasets\LUNA 16\classification\subset8\1\1_aug\79_14.npy
1,D:\Doctorat\datasets\LUNA 16\classification\subset8\1\1_aug\79_2.npy
1,D:\Doctorat\datasets\LUNA 16\classification\subset8\1\1_aug\79_20.npy
1,D:\Doctorat\datasets\LUNA 16\classification\subset8\1\1_aug\79_24.npy
1,D:\Doctorat\datasets\LUNA 16\classification\subset8\1\1_aug\79_25.npy
1,D:\Doctorat\datasets\LUNA 16\classification\subset8\1\1_aug\79_33.npy
1,D:\Doctorat\datasets\LUNA 16\classification\subset8\1\1_aug\79_36.npy
1,D:\Doctorat\datasets\LUNA 16\classification\subset8\1\1_aug\79_37.npy
1,D:\Doctorat\datasets\LUNA 16\classification\subset8\1\1_aug\79_38.npy
1,D:\Doctorat\datasets\LUNA 16\classification\subset8\1\1_aug\79_7.npy
1,D:\Doctorat\datasets\LUNA 16\classification\subset8\1\1_aug\7_11.npy
1,D:\Doctorat\datasets\LUNA 16\classification\subset8\1\1_aug\7_13.npy
1,D:\Doctorat\datasets\LUNA 16\classification\subset8\1\1_aug\7_16.npy
1,D:\Doctorat\datasets\LUNA 16\classification\subset8\1\1_aug\7_17.npy
1,D:\Doctorat\datasets\LUNA 16\classification\subset8\1\1_aug\7_29.npy
1,D:\Doctorat\datasets\LUNA 16\classification\subset8\1\1_aug\7_31.npy
1,D:\Doctorat\datasets\LUNA 16\classification\subset8\1\1_aug\7_5.npy
1,D:\Doctorat\datasets\LUNA 16\classification\subset8\1\1_aug\7_9.npy
1,D:\Doctorat\datasets\LUNA 16\classification\subset8\1\1_aug\80_10.npy
1,D:\Doctorat\datasets\LUNA 16\classification\subset8\1\1_aug\80_12.npy
1,D:\Doctorat\datasets\LUNA 16\classification\subset8\1\1_aug\80_16.npy
1,D:\Doctorat\datasets\LUNA 16\classification\subset8\1\1_aug\80_20.npy
1,D:\Doctorat\datasets\LUNA 16\classification\subset8\1\1_aug\80_24.npy
1,D:\Doctorat\datasets\LUNA 16\classification\subset8\1\1_aug\80_29.npy
1,D:\Doctorat\datasets\LUNA 16\classification\subset8\1\1_aug\80_31.npy
1,D:\Doctorat\datasets\LUNA 16\classification\subset8\1\1_aug\80_32.npy
1,D:\Doctorat\datasets\LUNA 16\classification\subset8\1\1_aug\80_34.npy
1,D:\Doctorat\datasets\LUNA 16\classification\subset8\1\1_aug\81_1.npy
1,D:\Doctorat\datasets\LUNA 16\classification\subset8\1\1_aug\81_10.npy
1,D:\Doctorat\datasets\LUNA 16\classification\subset8\1\1_aug\81_18.npy
1,D:\Doctorat\datasets\LUNA 16\classification\subset8\1\1_aug\81_25.npy
1,D:\Doctorat\datasets\LUNA 16\classification\subset8\1\1_aug\81_26.npy
1,D:\Doctorat\datasets\LUNA 16\classification\subset8\1\1_aug\81_29.npy
1,D:\Doctorat\datasets\LUNA 16\classification\subset8\1\1_aug\81_30.npy
1,D:\Doctorat\datasets\LUNA 16\classification\subset8\1\1_aug\81_4.npy
1,D:\Doctorat\datasets\LUNA 16\classification\subset8\1\1_aug\81_40.npy
1,D:\Doctorat\datasets\LUNA 16\classification\subset8\1\1_aug\82_1.npy
1,D:\Doctorat\datasets\LUNA 16\classification\subset8\1\1_aug\82_18.npy
1,D:\Doctorat\datasets\LUNA 16\classification\subset8\1\1_aug\82_25.npy
1,D:\Doctorat\datasets\LUNA 16\classification\subset8\1\1_aug\82_28.npy
1,D:\Doctorat\datasets\LUNA 16\classification\subset8\1\1_aug\82_31.npy
1,D:\Doctorat\datasets\LUNA 16\classification\subset8\1\1_aug\82_36.npy
1,D:\Doctorat\datasets\LUNA 16\classification\subset8\1\1_aug\82_7.npy
1,D:\Doctorat\datasets\LUNA 16\classification\subset8\1\1_aug\82_9.npy
1,D:\Doctorat\datasets\LUNA 16\classification\subset8\1\1_aug\83_13.npy
1,D:\Doctorat\datasets\LUNA 16\classification\subset8\1\1_aug\83_19.npy
1,D:\Doctorat\datasets\LUNA 16\classification\subset8\1\1_aug\83_22.npy
1,D:\Doctorat\datasets\LUNA 16\classification\subset8\1\1_aug\83_23.npy
1,D:\Doctorat\datasets\LUNA 16\classification\subset8\1\1_aug\83_29.npy
1,D:\Doctorat\datasets\LUNA 16\classification\subset8\1\1_aug\83_30.npy
1,D:\Doctorat\datasets\LUNA 16\classification\subset8\1\1_aug\83_35.npy
1,D:\Doctorat\datasets\LUNA 16\classification\subset8\1\1_aug\83_8.npy
1,D:\Doctorat\datasets\LUNA 16\classification\subset8\1\1_aug\84_12.npy
1,D:\Doctorat\datasets\LUNA 16\classification\subset8\1\1_aug\84_14.npy
1,D:\Doctorat\datasets\LUNA 16\classification\subset8\1\1_aug\84_19.npy
1,D:\Doctorat\datasets\LUNA 16\classification\subset8\1\1_aug\84_28.npy
1,D:\Doctorat\datasets\LUNA 16\classification\subset8\1\1_aug\84_29.npy
1,D:\Doctorat\datasets\LUNA 16\classification\subset8\1\1_aug\84_37.npy
1,D:\Doctorat\datasets\LUNA 16\classification\subset8\1\1_aug\84_8.npy
1,D:\Doctorat\datasets\LUNA 16\classification\subset8\1\1_aug\84_9.npy
1,D:\Doctorat\datasets\LUNA 16\classification\subset8\1\1_aug\85_1.npy
1,D:\Doctorat\datasets\LUNA 16\classification\subset8\1\1_aug\85_13.npy
1,D:\Doctorat\datasets\LUNA 16\classification\subset8\1\1_aug\85_15.npy
1,D:\Doctorat\datasets\LUNA 16\classification\subset8\1\1_aug\85_17.npy
1,D:\Doctorat\datasets\LUNA 16\classification\subset8\1\1_aug\85_23.npy
1,D:\Doctorat\datasets\LUNA 16\classification\subset8\1\1_aug\85_25.npy
1,D:\Doctorat\datasets\LUNA 16\classification\subset8\1\1_aug\85_31.npy
1,D:\Doctorat\datasets\LUNA 16\classification\subset8\1\1_aug\85_33.npy
1,D:\Doctorat\datasets\LUNA 16\classification\subset8\1\1_aug\85_35.npy
1,D:\Doctorat\datasets\LUNA 16\classification\subset8\1\1_aug\85_39.npy
1,D:\Doctorat\datasets\LUNA 16\classification\subset8\1\1_aug\86_13.npy
1,D:\Doctorat\datasets\LUNA 16\classification\subset8\1\1_aug\86_14.npy
1,D:\Doctorat\datasets\LUNA 16\classification\subset8\1\1_aug\86_22.npy
1,D:\Doctorat\datasets\LUNA 16\classification\subset8\1\1_aug\86_23.npy
1,D:\Doctorat\datasets\LUNA 16\classification\subset8\1\1_aug\86_27.npy
1,D:\Doctorat\datasets\LUNA 16\classification\subset8\1\1_aug\86_28.npy
1,D:\Doctorat\datasets\LUNA 16\classification\subset8\1\1_aug\86_3.npy
1,D:\Doctorat\datasets\LUNA 16\classification\subset8\1\1_aug\86_33.npy
1,D:\Doctorat\datasets\LUNA 16\classification\subset8\1\1_aug\86_34.npy
1,D:\Doctorat\datasets\LUNA 16\classification\subset8\1\1_aug\86_7.npy
1,D:\Doctorat\datasets\LUNA 16\classification\subset8\1\1_aug\87_13.npy
1,D:\Doctorat\datasets\LUNA 16\classification\subset8\1\1_aug\87_14.npy
1,D:\Doctorat\datasets\LUNA 16\classification\subset8\1\1_aug\87_20.npy
1,D:\Doctorat\datasets\LUNA 16\classification\subset8\1\1_aug\87_22.npy
1,D:\Doctorat\datasets\LUNA 16\classification\subset8\1\1_aug\87_31.npy
1,D:\Doctorat\datasets\LUNA 16\classification\subset8\1\1_aug\88_10.npy
1,D:\Doctorat\datasets\LUNA 16\classification\subset8\1\1_aug\88_15.npy
1,D:\Doctorat\datasets\LUNA 16\classification\subset8\1\1_aug\88_16.npy
1,D:\Doctorat\datasets\LUNA 16\classification\subset8\1\1_aug\88_18.npy
1,D:\Doctorat\datasets\LUNA 16\classification\subset8\1\1_aug\88_2.npy
1,D:\Doctorat\datasets\LUNA 16\classification\subset8\1\1_aug\88_27.npy
1,D:\Doctorat\datasets\LUNA 16\classification\subset8\1\1_aug\89_1.npy
1,D:\Doctorat\datasets\LUNA 16\classification\subset8\1\1_aug\89_10.npy
1,D:\Doctorat\datasets\LUNA 16\classification\subset8\1\1_aug\89_11.npy
1,D:\Doctorat\datasets\LUNA 16\classification\subset8\1\1_aug\89_12.npy
1,D:\Doctorat\datasets\LUNA 16\classification\subset8\1\1_aug\89_13.npy
1,D:\Doctorat\datasets\LUNA 16\classification\subset8\1\1_aug\89_18.npy
1,D:\Doctorat\datasets\LUNA 16\classification\subset8\1\1_aug\89_21.npy
1,D:\Doctorat\datasets\LUNA 16\classification\subset8\1\1_aug\89_23.npy
1,D:\Doctorat\datasets\LUNA 16\classification\subset8\1\1_aug\89_25.npy
1,D:\Doctorat\datasets\LUNA 16\classification\subset8\1\1_aug\89_3.npy
1,D:\Doctorat\datasets\LUNA 16\classification\subset8\1\1_aug\89_40.npy
1,D:\Doctorat\datasets\LUNA 16\classification\subset8\1\1_aug\89_8.npy
1,D:\Doctorat\datasets\LUNA 16\classification\subset8\1\1_aug\8_11.npy
1,D:\Doctorat\datasets\LUNA 16\classification\subset8\1\1_aug\8_15.npy
1,D:\Doctorat\datasets\LUNA 16\classification\subset8\1\1_aug\8_22.npy
1,D:\Doctorat\datasets\LUNA 16\classification\subset8\1\1_aug\8_29.npy
1,D:\Doctorat\datasets\LUNA 16\classification\subset8\1\1_aug\8_37.npy
1,D:\Doctorat\datasets\LUNA 16\classification\subset8\1\1_aug\8_5.npy
1,D:\Doctorat\datasets\LUNA 16\classification\subset8\1\1_aug\8_6.npy
1,D:\Doctorat\datasets\LUNA 16\classification\subset8\1\1_aug\8_7.npy
1,D:\Doctorat\datasets\LUNA 16\classification\subset8\1\1_aug\8_9.npy
1,D:\Doctorat\datasets\LUNA 16\classification\subset8\1\1_aug\90_31.npy
1,D:\Doctorat\datasets\LUNA 16\classification\subset8\1\1_aug\90_35.npy
1,D:\Doctorat\datasets\LUNA 16\classification\subset8\1\1_aug\90_39.npy
1,D:\Doctorat\datasets\LUNA 16\classification\subset8\1\1_aug\90_40.npy
1,D:\Doctorat\datasets\LUNA 16\classification\subset8\1\1_aug\90_9.npy
1,D:\Doctorat\datasets\LUNA 16\classification\subset8\1\1_aug\91_12.npy
1,D:\Doctorat\datasets\LUNA 16\classification\subset8\1\1_aug\91_13.npy
1,D:\Doctorat\datasets\LUNA 16\classification\subset8\1\1_aug\91_16.npy
1,D:\Doctorat\datasets\LUNA 16\classification\subset8\1\1_aug\91_21.npy
1,D:\Doctorat\datasets\LUNA 16\classification\subset8\1\1_aug\91_24.npy
1,D:\Doctorat\datasets\LUNA 16\classification\subset8\1\1_aug\91_37.npy
1,D:\Doctorat\datasets\LUNA 16\classification\subset8\1\1_aug\91_39.npy
1,D:\Doctorat\datasets\LUNA 16\classification\subset8\1\1_aug\91_5.npy
1,D:\Doctorat\datasets\LUNA 16\classification\subset8\1\1_aug\91_6.npy
1,D:\Doctorat\datasets\LUNA 16\classification\subset8\1\1_aug\91_7.npy
1,D:\Doctorat\datasets\LUNA 16\classification\subset8\1\1_aug\91_9.npy
1,D:\Doctorat\datasets\LUNA 16\classification\subset8\1\1_aug\92_1.npy
1,D:\Doctorat\datasets\LUNA 16\classification\subset8\1\1_aug\92_12.npy
1,D:\Doctorat\datasets\LUNA 16\classification\subset8\1\1_aug\92_14.npy
1,D:\Doctorat\datasets\LUNA 16\classification\subset8\1\1_aug\92_15.npy
1,D:\Doctorat\datasets\LUNA 16\classification\subset8\1\1_aug\92_20.npy
1,D:\Doctorat\datasets\LUNA 16\classification\subset8\1\1_aug\92_32.npy
1,D:\Doctorat\datasets\LUNA 16\classification\subset8\1\1_aug\92_8.npy
1,D:\Doctorat\datasets\LUNA 16\classification\subset8\1\1_aug\93_12.npy
1,D:\Doctorat\datasets\LUNA 16\classification\subset8\1\1_aug\93_17.npy
1,D:\Doctorat\datasets\LUNA 16\classification\subset8\1\1_aug\93_19.npy
1,D:\Doctorat\datasets\LUNA 16\classification\subset8\1\1_aug\93_23.npy
1,D:\Doctorat\datasets\LUNA 16\classification\subset8\1\1_aug\93_25.npy
1,D:\Doctorat\datasets\LUNA 16\classification\subset8\1\1_aug\93_27.npy
1,D:\Doctorat\datasets\LUNA 16\classification\subset8\1\1_aug\93_31.npy
1,D:\Doctorat\datasets\LUNA 16\classification\subset8\1\1_aug\93_34.npy
1,D:\Doctorat\datasets\LUNA 16\classification\subset8\1\1_aug\93_35.npy
1,D:\Doctorat\datasets\LUNA 16\classification\subset8\1\1_aug\93_36.npy
1,D:\Doctorat\datasets\LUNA 16\classification\subset8\1\1_aug\93_40.npy
1,D:\Doctorat\datasets\LUNA 16\classification\subset8\1\1_aug\93_8.npy
1,D:\Doctorat\datasets\LUNA 16\classification\subset8\1\1_aug\94_1.npy
1,D:\Doctorat\datasets\LUNA 16\classification\subset8\1\1_aug\94_10.npy
1,D:\Doctorat\datasets\LUNA 16\classification\subset8\1\1_aug\94_13.npy
1,D:\Doctorat\datasets\LUNA 16\classification\subset8\1\1_aug\94_14.npy
1,D:\Doctorat\datasets\LUNA 16\classification\subset8\1\1_aug\94_16.npy
1,D:\Doctorat\datasets\LUNA 16\classification\subset8\1\1_aug\94_18.npy
1,D:\Doctorat\datasets\LUNA 16\classification\subset8\1\1_aug\94_24.npy
1,D:\Doctorat\datasets\LUNA 16\classification\subset8\1\1_aug\94_31.npy
1,D:\Doctorat\datasets\LUNA 16\classification\subset8\1\1_aug\94_34.npy
1,D:\Doctorat\datasets\LUNA 16\classification\subset8\1\1_aug\94_37.npy
1,D:\Doctorat\datasets\LUNA 16\classification\subset8\1\1_aug\94_6.npy
1,D:\Doctorat\datasets\LUNA 16\classification\subset8\1\1_aug\94_7.npy
1,D:\Doctorat\datasets\LUNA 16\classification\subset8\1\1_aug\94_8.npy
1,D:\Doctorat\datasets\LUNA 16\classification\subset8\1\1_aug\95_10.npy
1,D:\Doctorat\datasets\LUNA 16\classification\subset8\1\1_aug\95_16.npy
1,D:\Doctorat\datasets\LUNA 16\classification\subset8\1\1_aug\95_2.npy
1,D:\Doctorat\datasets\LUNA 16\classification\subset8\1\1_aug\95_25.npy
1,D:\Doctorat\datasets\LUNA 16\classification\subset8\1\1_aug\95_30.npy
1,D:\Doctorat\datasets\LUNA 16\classification\subset8\1\1_aug\95_31.npy
1,D:\Doctorat\datasets\LUNA 16\classification\subset8\1\1_aug\95_32.npy
1,D:\Doctorat\datasets\LUNA 16\classification\subset8\1\1_aug\95_35.npy
1,D:\Doctorat\datasets\LUNA 16\classification\subset8\1\1_aug\95_9.npy
1,D:\Doctorat\datasets\LUNA 16\classification\subset8\1\1_aug\96_1.npy
1,D:\Doctorat\datasets\LUNA 16\classification\subset8\1\1_aug\96_15.npy
1,D:\Doctorat\datasets\LUNA 16\classification\subset8\1\1_aug\96_23.npy
1,D:\Doctorat\datasets\LUNA 16\classification\subset8\1\1_aug\96_28.npy
1,D:\Doctorat\datasets\LUNA 16\classification\subset8\1\1_aug\96_40.npy
1,D:\Doctorat\datasets\LUNA 16\classification\subset8\1\1_aug\97_16.npy
1,D:\Doctorat\datasets\LUNA 16\classification\subset8\1\1_aug\97_29.npy
1,D:\Doctorat\datasets\LUNA 16\classification\subset8\1\1_aug\97_31.npy
1,D:\Doctorat\datasets\LUNA 16\classification\subset8\1\1_aug\97_32.npy
1,D:\Doctorat\datasets\LUNA 16\classification\subset8\1\1_aug\97_37.npy
1,D:\Doctorat\datasets\LUNA 16\classification\subset8\1\1_aug\97_8.npy
1,D:\Doctorat\datasets\LUNA 16\classification\subset8\1\1_aug\98_13.npy
1,D:\Doctorat\datasets\LUNA 16\classification\subset8\1\1_aug\98_18.npy
1,D:\Doctorat\datasets\LUNA 16\classification\subset8\1\1_aug\98_19.npy
1,D:\Doctorat\datasets\LUNA 16\classification\subset8\1\1_aug\98_23.npy
1,D:\Doctorat\datasets\LUNA 16\classification\subset8\1\1_aug\98_27.npy
1,D:\Doctorat\datasets\LUNA 16\classification\subset8\1\1_aug\98_28.npy
1,D:\Doctorat\datasets\LUNA 16\classification\subset8\1\1_aug\98_30.npy
1,D:\Doctorat\datasets\LUNA 16\classification\subset8\1\1_aug\98_32.npy
1,D:\Doctorat\datasets\LUNA 16\classification\subset8\1\1_aug\98_37.npy
1,D:\Doctorat\datasets\LUNA 16\classification\subset8\1\1_aug\98_38.npy
1,D:\Doctorat\datasets\LUNA 16\classification\subset8\1\1_aug\98_6.npy
1,D:\Doctorat\datasets\LUNA 16\classification\subset8\1\1_aug\99_10.npy
1,D:\Doctorat\datasets\LUNA 16\classification\subset8\1\1_aug\99_11.npy
1,D:\Doctorat\datasets\LUNA 16\classification\subset8\1\1_aug\99_16.npy
1,D:\Doctorat\datasets\LUNA 16\classification\subset8\1\1_aug\99_17.npy
1,D:\Doctorat\datasets\LUNA 16\classification\subset8\1\1_aug\99_2.npy
1,D:\Doctorat\datasets\LUNA 16\classification\subset8\1\1_aug\99_23.npy
1,D:\Doctorat\datasets\LUNA 16\classification\subset8\1\1_aug\99_31.npy
1,D:\Doctorat\datasets\LUNA 16\classification\subset8\1\1_aug\99_32.npy
1,D:\Doctorat\datasets\LUNA 16\classification\subset8\1\1_aug\99_39.npy
1,D:\Doctorat\datasets\LUNA 16\classification\subset8\1\1_aug\99_6.npy
1,D:\Doctorat\datasets\LUNA 16\classification\subset8\1\1_aug\99_9.npy
1,D:\Doctorat\datasets\LUNA 16\classification\subset8\1\1_aug\9_10.npy
1,D:\Doctorat\datasets\LUNA 16\classification\subset8\1\1_aug\9_17.npy
1,D:\Doctorat\datasets\LUNA 16\classification\subset8\1\1_aug\9_18.npy
1,D:\Doctorat\datasets\LUNA 16\classification\subset8\1\1_aug\9_28.npy
1,D:\Doctorat\datasets\LUNA 16\classification\subset8\1\1_aug\9_30.npy
1,D:\Doctorat\datasets\LUNA 16\classification\subset8\1\1_aug\9_36.npy
1,D:\Doctorat\datasets\LUNA 16\classification\subset8\1\1_aug\9_6.npy
1,D:\Doctorat\datasets\LUNA 16\classification\subset8\1\1_aug\9_8.npy
1,D:\Doctorat\datasets\LUNA 16\classification\subset9\1\1_aug\0_13.npy
1,D:\Doctorat\datasets\LUNA 16\classification\subset9\1\1_aug\0_14.npy
1,D:\Doctorat\datasets\LUNA 16\classification\subset9\1\1_aug\0_16.npy
1,D:\Doctorat\datasets\LUNA 16\classification\subset9\1\1_aug\0_18.npy
1,D:\Doctorat\datasets\LUNA 16\classification\subset9\1\1_aug\0_25.npy
1,D:\Doctorat\datasets\LUNA 16\classification\subset9\1\1_aug\0_33.npy
1,D:\Doctorat\datasets\LUNA 16\classification\subset9\1\1_aug\0_34.npy
1,D:\Doctorat\datasets\LUNA 16\classification\subset9\1\1_aug\0_36.npy
1,D:\Doctorat\datasets\LUNA 16\classification\subset9\1\1_aug\0_39.npy
1,D:\Doctorat\datasets\LUNA 16\classification\subset9\1\1_aug\0_4.npy
1,D:\Doctorat\datasets\LUNA 16\classification\subset9\1\1_aug\100_22.npy
1,D:\Doctorat\datasets\LUNA 16\classification\subset9\1\1_aug\100_31.npy
1,D:\Doctorat\datasets\LUNA 16\classification\subset9\1\1_aug\100_32.npy
1,D:\Doctorat\datasets\LUNA 16\classification\subset9\1\1_aug\100_33.npy
1,D:\Doctorat\datasets\LUNA 16\classification\subset9\1\1_aug\100_36.npy
1,D:\Doctorat\datasets\LUNA 16\classification\subset9\1\1_aug\100_39.npy
1,D:\Doctorat\datasets\LUNA 16\classification\subset9\1\1_aug\101_17.npy
1,D:\Doctorat\datasets\LUNA 16\classification\subset9\1\1_aug\101_22.npy
1,D:\Doctorat\datasets\LUNA 16\classification\subset9\1\1_aug\101_23.npy
1,D:\Doctorat\datasets\LUNA 16\classification\subset9\1\1_aug\101_24.npy
1,D:\Doctorat\datasets\LUNA 16\classification\subset9\1\1_aug\101_30.npy
1,D:\Doctorat\datasets\LUNA 16\classification\subset9\1\1_aug\101_31.npy
1,D:\Doctorat\datasets\LUNA 16\classification\subset9\1\1_aug\102_13.npy
1,D:\Doctorat\datasets\LUNA 16\classification\subset9\1\1_aug\102_18.npy
1,D:\Doctorat\datasets\LUNA 16\classification\subset9\1\1_aug\102_21.npy
1,D:\Doctorat\datasets\LUNA 16\classification\subset9\1\1_aug\102_30.npy
1,D:\Doctorat\datasets\LUNA 16\classification\subset9\1\1_aug\102_33.npy
1,D:\Doctorat\datasets\LUNA 16\classification\subset9\1\1_aug\102_7.npy
1,D:\Doctorat\datasets\LUNA 16\classification\subset9\1\1_aug\103_1.npy
1,D:\Doctorat\datasets\LUNA 16\classification\subset9\1\1_aug\103_11.npy
1,D:\Doctorat\datasets\LUNA 16\classification\subset9\1\1_aug\103_16.npy
1,D:\Doctorat\datasets\LUNA 16\classification\subset9\1\1_aug\103_17.npy
1,D:\Doctorat\datasets\LUNA 16\classification\subset9\1\1_aug\103_18.npy
1,D:\Doctorat\datasets\LUNA 16\classification\subset9\1\1_aug\103_20.npy
1,D:\Doctorat\datasets\LUNA 16\classification\subset9\1\1_aug\103_26.npy
1,D:\Doctorat\datasets\LUNA 16\classification\subset9\1\1_aug\103_28.npy
1,D:\Doctorat\datasets\LUNA 16\classification\subset9\1\1_aug\103_29.npy
1,D:\Doctorat\datasets\LUNA 16\classification\subset9\1\1_aug\103_3.npy
1,D:\Doctorat\datasets\LUNA 16\classification\subset9\1\1_aug\103_33.npy
1,D:\Doctorat\datasets\LUNA 16\classification\subset9\1\1_aug\103_37.npy
1,D:\Doctorat\datasets\LUNA 16\classification\subset9\1\1_aug\104_11.npy
1,D:\Doctorat\datasets\LUNA 16\classification\subset9\1\1_aug\104_13.npy
1,D:\Doctorat\datasets\LUNA 16\classification\subset9\1\1_aug\104_15.npy
1,D:\Doctorat\datasets\LUNA 16\classification\subset9\1\1_aug\104_18.npy
1,D:\Doctorat\datasets\LUNA 16\classification\subset9\1\1_aug\104_25.npy
1,D:\Doctorat\datasets\LUNA 16\classification\subset9\1\1_aug\104_26.npy
1,D:\Doctorat\datasets\LUNA 16\classification\subset9\1\1_aug\104_27.npy
1,D:\Doctorat\datasets\LUNA 16\classification\subset9\1\1_aug\104_3.npy
1,D:\Doctorat\datasets\LUNA 16\classification\subset9\1\1_aug\104_31.npy
1,D:\Doctorat\datasets\LUNA 16\classification\subset9\1\1_aug\104_33.npy
1,D:\Doctorat\datasets\LUNA 16\classification\subset9\1\1_aug\104_6.npy
1,D:\Doctorat\datasets\LUNA 16\classification\subset9\1\1_aug\104_8.npy
1,D:\Doctorat\datasets\LUNA 16\classification\subset9\1\1_aug\105_13.npy
1,D:\Doctorat\datasets\LUNA 16\classification\subset9\1\1_aug\105_28.npy
1,D:\Doctorat\datasets\LUNA 16\classification\subset9\1\1_aug\105_32.npy
1,D:\Doctorat\datasets\LUNA 16\classification\subset9\1\1_aug\105_34.npy
1,D:\Doctorat\datasets\LUNA 16\classification\subset9\1\1_aug\105_38.npy
1,D:\Doctorat\datasets\LUNA 16\classification\subset9\1\1_aug\105_9.npy
1,D:\Doctorat\datasets\LUNA 16\classification\subset9\1\1_aug\106_1.npy
1,D:\Doctorat\datasets\LUNA 16\classification\subset9\1\1_aug\106_11.npy
1,D:\Doctorat\datasets\LUNA 16\classification\subset9\1\1_aug\106_14.npy
1,D:\Doctorat\datasets\LUNA 16\classification\subset9\1\1_aug\106_15.npy
1,D:\Doctorat\datasets\LUNA 16\classification\subset9\1\1_aug\106_22.npy
1,D:\Doctorat\datasets\LUNA 16\classification\subset9\1\1_aug\106_24.npy
1,D:\Doctorat\datasets\LUNA 16\classification\subset9\1\1_aug\106_26.npy
1,D:\Doctorat\datasets\LUNA 16\classification\subset9\1\1_aug\106_28.npy
1,D:\Doctorat\datasets\LUNA 16\classification\subset9\1\1_aug\106_29.npy
1,D:\Doctorat\datasets\LUNA 16\classification\subset9\1\1_aug\106_33.npy
1,D:\Doctorat\datasets\LUNA 16\classification\subset9\1\1_aug\106_35.npy
1,D:\Doctorat\datasets\LUNA 16\classification\subset9\1\1_aug\106_36.npy
1,D:\Doctorat\datasets\LUNA 16\classification\subset9\1\1_aug\106_37.npy
1,D:\Doctorat\datasets\LUNA 16\classification\subset9\1\1_aug\106_40.npy
1,D:\Doctorat\datasets\LUNA 16\classification\subset9\1\1_aug\107_12.npy
1,D:\Doctorat\datasets\LUNA 16\classification\subset9\1\1_aug\107_13.npy
1,D:\Doctorat\datasets\LUNA 16\classification\subset9\1\1_aug\107_22.npy
1,D:\Doctorat\datasets\LUNA 16\classification\subset9\1\1_aug\107_3.npy
1,D:\Doctorat\datasets\LUNA 16\classification\subset9\1\1_aug\107_30.npy
1,D:\Doctorat\datasets\LUNA 16\classification\subset9\1\1_aug\107_34.npy
1,D:\Doctorat\datasets\LUNA 16\classification\subset9\1\1_aug\107_4.npy
1,D:\Doctorat\datasets\LUNA 16\classification\subset9\1\1_aug\107_8.npy
1,D:\Doctorat\datasets\LUNA 16\classification\subset9\1\1_aug\108_13.npy
1,D:\Doctorat\datasets\LUNA 16\classification\subset9\1\1_aug\108_2.npy
1,D:\Doctorat\datasets\LUNA 16\classification\subset9\1\1_aug\108_20.npy
1,D:\Doctorat\datasets\LUNA 16\classification\subset9\1\1_aug\108_22.npy
1,D:\Doctorat\datasets\LUNA 16\classification\subset9\1\1_aug\108_23.npy
1,D:\Doctorat\datasets\LUNA 16\classification\subset9\1\1_aug\108_24.npy
1,D:\Doctorat\datasets\LUNA 16\classification\subset9\1\1_aug\108_34.npy
1,D:\Doctorat\datasets\LUNA 16\classification\subset9\1\1_aug\108_37.npy
1,D:\Doctorat\datasets\LUNA 16\classification\subset9\1\1_aug\108_9.npy
1,D:\Doctorat\datasets\LUNA 16\classification\subset9\1\1_aug\109_1.npy
1,D:\Doctorat\datasets\LUNA 16\classification\subset9\1\1_aug\109_10.npy
1,D:\Doctorat\datasets\LUNA 16\classification\subset9\1\1_aug\109_13.npy
1,D:\Doctorat\datasets\LUNA 16\classification\subset9\1\1_aug\109_15.npy
1,D:\Doctorat\datasets\LUNA 16\classification\subset9\1\1_aug\109_26.npy
1,D:\Doctorat\datasets\LUNA 16\classification\subset9\1\1_aug\109_29.npy
1,D:\Doctorat\datasets\LUNA 16\classification\subset9\1\1_aug\109_33.npy
1,D:\Doctorat\datasets\LUNA 16\classification\subset9\1\1_aug\109_38.npy
1,D:\Doctorat\datasets\LUNA 16\classification\subset9\1\1_aug\109_4.npy
1,D:\Doctorat\datasets\LUNA 16\classification\subset9\1\1_aug\10_1.npy
1,D:\Doctorat\datasets\LUNA 16\classification\subset9\1\1_aug\10_10.npy
1,D:\Doctorat\datasets\LUNA 16\classification\subset9\1\1_aug\10_11.npy
1,D:\Doctorat\datasets\LUNA 16\classification\subset9\1\1_aug\10_12.npy
1,D:\Doctorat\datasets\LUNA 16\classification\subset9\1\1_aug\10_13.npy
1,D:\Doctorat\datasets\LUNA 16\classification\subset9\1\1_aug\10_15.npy
1,D:\Doctorat\datasets\LUNA 16\classification\subset9\1\1_aug\10_17.npy
1,D:\Doctorat\datasets\LUNA 16\classification\subset9\1\1_aug\10_28.npy
1,D:\Doctorat\datasets\LUNA 16\classification\subset9\1\1_aug\10_30.npy
1,D:\Doctorat\datasets\LUNA 16\classification\subset9\1\1_aug\10_35.npy
1,D:\Doctorat\datasets\LUNA 16\classification\subset9\1\1_aug\10_5.npy
1,D:\Doctorat\datasets\LUNA 16\classification\subset9\1\1_aug\10_6.npy
1,D:\Doctorat\datasets\LUNA 16\classification\subset9\1\1_aug\110_16.npy
1,D:\Doctorat\datasets\LUNA 16\classification\subset9\1\1_aug\110_17.npy
1,D:\Doctorat\datasets\LUNA 16\classification\subset9\1\1_aug\110_33.npy
1,D:\Doctorat\datasets\LUNA 16\classification\subset9\1\1_aug\110_37.npy
1,D:\Doctorat\datasets\LUNA 16\classification\subset9\1\1_aug\110_4.npy
1,D:\Doctorat\datasets\LUNA 16\classification\subset9\1\1_aug\110_6.npy
1,D:\Doctorat\datasets\LUNA 16\classification\subset9\1\1_aug\111_12.npy
1,D:\Doctorat\datasets\LUNA 16\classification\subset9\1\1_aug\111_14.npy
1,D:\Doctorat\datasets\LUNA 16\classification\subset9\1\1_aug\111_17.npy
1,D:\Doctorat\datasets\LUNA 16\classification\subset9\1\1_aug\111_18.npy
1,D:\Doctorat\datasets\LUNA 16\classification\subset9\1\1_aug\111_28.npy
1,D:\Doctorat\datasets\LUNA 16\classification\subset9\1\1_aug\111_31.npy
1,D:\Doctorat\datasets\LUNA 16\classification\subset9\1\1_aug\111_4.npy
1,D:\Doctorat\datasets\LUNA 16\classification\subset9\1\1_aug\111_40.npy
1,D:\Doctorat\datasets\LUNA 16\classification\subset9\1\1_aug\112_11.npy
1,D:\Doctorat\datasets\LUNA 16\classification\subset9\1\1_aug\112_15.npy
1,D:\Doctorat\datasets\LUNA 16\classification\subset9\1\1_aug\112_17.npy
1,D:\Doctorat\datasets\LUNA 16\classification\subset9\1\1_aug\112_27.npy
1,D:\Doctorat\datasets\LUNA 16\classification\subset9\1\1_aug\112_28.npy
1,D:\Doctorat\datasets\LUNA 16\classification\subset9\1\1_aug\112_32.npy
1,D:\Doctorat\datasets\LUNA 16\classification\subset9\1\1_aug\112_35.npy
1,D:\Doctorat\datasets\LUNA 16\classification\subset9\1\1_aug\112_36.npy
1,D:\Doctorat\datasets\LUNA 16\classification\subset9\1\1_aug\112_39.npy
1,D:\Doctorat\datasets\LUNA 16\classification\subset9\1\1_aug\113_12.npy
1,D:\Doctorat\datasets\LUNA 16\classification\subset9\1\1_aug\113_18.npy
1,D:\Doctorat\datasets\LUNA 16\classification\subset9\1\1_aug\113_27.npy
1,D:\Doctorat\datasets\LUNA 16\classification\subset9\1\1_aug\113_29.npy
1,D:\Doctorat\datasets\LUNA 16\classification\subset9\1\1_aug\113_32.npy
1,D:\Doctorat\datasets\LUNA 16\classification\subset9\1\1_aug\113_34.npy
1,D:\Doctorat\datasets\LUNA 16\classification\subset9\1\1_aug\113_35.npy
1,D:\Doctorat\datasets\LUNA 16\classification\subset9\1\1_aug\113_37.npy
1,D:\Doctorat\datasets\LUNA 16\classification\subset9\1\1_aug\113_38.npy
1,D:\Doctorat\datasets\LUNA 16\classification\subset9\1\1_aug\113_6.npy
1,D:\Doctorat\datasets\LUNA 16\classification\subset9\1\1_aug\114_11.npy
1,D:\Doctorat\datasets\LUNA 16\classification\subset9\1\1_aug\114_24.npy
1,D:\Doctorat\datasets\LUNA 16\classification\subset9\1\1_aug\114_25.npy
1,D:\Doctorat\datasets\LUNA 16\classification\subset9\1\1_aug\114_3.npy
1,D:\Doctorat\datasets\LUNA 16\classification\subset9\1\1_aug\114_35.npy
1,D:\Doctorat\datasets\LUNA 16\classification\subset9\1\1_aug\114_40.npy
1,D:\Doctorat\datasets\LUNA 16\classification\subset9\1\1_aug\114_7.npy
1,D:\Doctorat\datasets\LUNA 16\classification\subset9\1\1_aug\115_13.npy
1,D:\Doctorat\datasets\LUNA 16\classification\subset9\1\1_aug\115_20.npy
1,D:\Doctorat\datasets\LUNA 16\classification\subset9\1\1_aug\115_32.npy
1,D:\Doctorat\datasets\LUNA 16\classification\subset9\1\1_aug\115_34.npy
1,D:\Doctorat\datasets\LUNA 16\classification\subset9\1\1_aug\115_7.npy
1,D:\Doctorat\datasets\LUNA 16\classification\subset9\1\1_aug\116_13.npy
1,D:\Doctorat\datasets\LUNA 16\classification\subset9\1\1_aug\116_2.npy
1,D:\Doctorat\datasets\LUNA 16\classification\subset9\1\1_aug\116_20.npy
1,D:\Doctorat\datasets\LUNA 16\classification\subset9\1\1_aug\116_22.npy
1,D:\Doctorat\datasets\LUNA 16\classification\subset9\1\1_aug\116_23.npy
1,D:\Doctorat\datasets\LUNA 16\classification\subset9\1\1_aug\116_25.npy
1,D:\Doctorat\datasets\LUNA 16\classification\subset9\1\1_aug\116_32.npy
1,D:\Doctorat\datasets\LUNA 16\classification\subset9\1\1_aug\116_33.npy
1,D:\Doctorat\datasets\LUNA 16\classification\subset9\1\1_aug\116_34.npy
1,D:\Doctorat\datasets\LUNA 16\classification\subset9\1\1_aug\116_37.npy
1,D:\Doctorat\datasets\LUNA 16\classification\subset9\1\1_aug\116_4.npy
1,D:\Doctorat\datasets\LUNA 16\classification\subset9\1\1_aug\116_5.npy
1,D:\Doctorat\datasets\LUNA 16\classification\subset9\1\1_aug\116_8.npy
1,D:\Doctorat\datasets\LUNA 16\classification\subset9\1\1_aug\117_16.npy
1,D:\Doctorat\datasets\LUNA 16\classification\subset9\1\1_aug\117_23.npy
1,D:\Doctorat\datasets\LUNA 16\classification\subset9\1\1_aug\117_24.npy
1,D:\Doctorat\datasets\LUNA 16\classification\subset9\1\1_aug\117_25.npy
1,D:\Doctorat\datasets\LUNA 16\classification\subset9\1\1_aug\117_30.npy
1,D:\Doctorat\datasets\LUNA 16\classification\subset9\1\1_aug\117_37.npy
1,D:\Doctorat\datasets\LUNA 16\classification\subset9\1\1_aug\117_8.npy
1,D:\Doctorat\datasets\LUNA 16\classification\subset9\1\1_aug\118_10.npy
1,D:\Doctorat\datasets\LUNA 16\classification\subset9\1\1_aug\118_15.npy
1,D:\Doctorat\datasets\LUNA 16\classification\subset9\1\1_aug\118_21.npy
1,D:\Doctorat\datasets\LUNA 16\classification\subset9\1\1_aug\118_22.npy
1,D:\Doctorat\datasets\LUNA 16\classification\subset9\1\1_aug\118_25.npy
1,D:\Doctorat\datasets\LUNA 16\classification\subset9\1\1_aug\118_32.npy
1,D:\Doctorat\datasets\LUNA 16\classification\subset9\1\1_aug\118_34.npy
1,D:\Doctorat\datasets\LUNA 16\classification\subset9\1\1_aug\118_37.npy
1,D:\Doctorat\datasets\LUNA 16\classification\subset9\1\1_aug\118_39.npy
1,D:\Doctorat\datasets\LUNA 16\classification\subset9\1\1_aug\118_6.npy
1,D:\Doctorat\datasets\LUNA 16\classification\subset9\1\1_aug\118_9.npy
1,D:\Doctorat\datasets\LUNA 16\classification\subset9\1\1_aug\119_10.npy
1,D:\Doctorat\datasets\LUNA 16\classification\subset9\1\1_aug\119_11.npy
1,D:\Doctorat\datasets\LUNA 16\classification\subset9\1\1_aug\119_14.npy
1,D:\Doctorat\datasets\LUNA 16\classification\subset9\1\1_aug\119_16.npy
1,D:\Doctorat\datasets\LUNA 16\classification\subset9\1\1_aug\119_19.npy
1,D:\Doctorat\datasets\LUNA 16\classification\subset9\1\1_aug\119_28.npy
1,D:\Doctorat\datasets\LUNA 16\classification\subset9\1\1_aug\119_3.npy
1,D:\Doctorat\datasets\LUNA 16\classification\subset9\1\1_aug\119_37.npy
1,D:\Doctorat\datasets\LUNA 16\classification\subset9\1\1_aug\119_38.npy
1,D:\Doctorat\datasets\LUNA 16\classification\subset9\1\1_aug\11_10.npy
1,D:\Doctorat\datasets\LUNA 16\classification\subset9\1\1_aug\11_13.npy
1,D:\Doctorat\datasets\LUNA 16\classification\subset9\1\1_aug\11_16.npy
1,D:\Doctorat\datasets\LUNA 16\classification\subset9\1\1_aug\11_22.npy
1,D:\Doctorat\datasets\LUNA 16\classification\subset9\1\1_aug\11_25.npy
1,D:\Doctorat\datasets\LUNA 16\classification\subset9\1\1_aug\11_28.npy
1,D:\Doctorat\datasets\LUNA 16\classification\subset9\1\1_aug\11_30.npy
1,D:\Doctorat\datasets\LUNA 16\classification\subset9\1\1_aug\11_31.npy
1,D:\Doctorat\datasets\LUNA 16\classification\subset9\1\1_aug\11_33.npy
1,D:\Doctorat\datasets\LUNA 16\classification\subset9\1\1_aug\11_40.npy
1,D:\Doctorat\datasets\LUNA 16\classification\subset9\1\1_aug\11_5.npy
1,D:\Doctorat\datasets\LUNA 16\classification\subset9\1\1_aug\11_6.npy
1,D:\Doctorat\datasets\LUNA 16\classification\subset9\1\1_aug\11_8.npy
1,D:\Doctorat\datasets\LUNA 16\classification\subset9\1\1_aug\120_1.npy
1,D:\Doctorat\datasets\LUNA 16\classification\subset9\1\1_aug\120_14.npy
1,D:\Doctorat\datasets\LUNA 16\classification\subset9\1\1_aug\120_18.npy
1,D:\Doctorat\datasets\LUNA 16\classification\subset9\1\1_aug\120_19.npy
1,D:\Doctorat\datasets\LUNA 16\classification\subset9\1\1_aug\120_3.npy
1,D:\Doctorat\datasets\LUNA 16\classification\subset9\1\1_aug\120_31.npy
1,D:\Doctorat\datasets\LUNA 16\classification\subset9\1\1_aug\120_35.npy
1,D:\Doctorat\datasets\LUNA 16\classification\subset9\1\1_aug\120_38.npy
1,D:\Doctorat\datasets\LUNA 16\classification\subset9\1\1_aug\120_39.npy
1,D:\Doctorat\datasets\LUNA 16\classification\subset9\1\1_aug\121_13.npy
1,D:\Doctorat\datasets\LUNA 16\classification\subset9\1\1_aug\121_17.npy
1,D:\Doctorat\datasets\LUNA 16\classification\subset9\1\1_aug\121_18.npy
1,D:\Doctorat\datasets\LUNA 16\classification\subset9\1\1_aug\121_19.npy
1,D:\Doctorat\datasets\LUNA 16\classification\subset9\1\1_aug\121_23.npy
1,D:\Doctorat\datasets\LUNA 16\classification\subset9\1\1_aug\121_29.npy
1,D:\Doctorat\datasets\LUNA 16\classification\subset9\1\1_aug\121_3.npy
1,D:\Doctorat\datasets\LUNA 16\classification\subset9\1\1_aug\121_32.npy
1,D:\Doctorat\datasets\LUNA 16\classification\subset9\1\1_aug\121_35.npy
1,D:\Doctorat\datasets\LUNA 16\classification\subset9\1\1_aug\121_6.npy
1,D:\Doctorat\datasets\LUNA 16\classification\subset9\1\1_aug\122_10.npy
1,D:\Doctorat\datasets\LUNA 16\classification\subset9\1\1_aug\122_16.npy
1,D:\Doctorat\datasets\LUNA 16\classification\subset9\1\1_aug\122_2.npy
1,D:\Doctorat\datasets\LUNA 16\classification\subset9\1\1_aug\122_20.npy
1,D:\Doctorat\datasets\LUNA 16\classification\subset9\1\1_aug\122_23.npy
1,D:\Doctorat\datasets\LUNA 16\classification\subset9\1\1_aug\122_25.npy
1,D:\Doctorat\datasets\LUNA 16\classification\subset9\1\1_aug\122_3.npy
1,D:\Doctorat\datasets\LUNA 16\classification\subset9\1\1_aug\122_37.npy
1,D:\Doctorat\datasets\LUNA 16\classification\subset9\1\1_aug\122_5.npy
1,D:\Doctorat\datasets\LUNA 16\classification\subset9\1\1_aug\122_7.npy
1,D:\Doctorat\datasets\LUNA 16\classification\subset9\1\1_aug\123_12.npy
1,D:\Doctorat\datasets\LUNA 16\classification\subset9\1\1_aug\123_13.npy
1,D:\Doctorat\datasets\LUNA 16\classification\subset9\1\1_aug\123_21.npy
1,D:\Doctorat\datasets\LUNA 16\classification\subset9\1\1_aug\123_24.npy
1,D:\Doctorat\datasets\LUNA 16\classification\subset9\1\1_aug\123_26.npy
1,D:\Doctorat\datasets\LUNA 16\classification\subset9\1\1_aug\123_39.npy
1,D:\Doctorat\datasets\LUNA 16\classification\subset9\1\1_aug\124_16.npy
1,D:\Doctorat\datasets\LUNA 16\classification\subset9\1\1_aug\124_2.npy
1,D:\Doctorat\datasets\LUNA 16\classification\subset9\1\1_aug\124_22.npy
1,D:\Doctorat\datasets\LUNA 16\classification\subset9\1\1_aug\124_26.npy
1,D:\Doctorat\datasets\LUNA 16\classification\subset9\1\1_aug\124_29.npy
1,D:\Doctorat\datasets\LUNA 16\classification\subset9\1\1_aug\124_3.npy
1,D:\Doctorat\datasets\LUNA 16\classification\subset9\1\1_aug\124_4.npy
1,D:\Doctorat\datasets\LUNA 16\classification\subset9\1\1_aug\124_40.npy
1,D:\Doctorat\datasets\LUNA 16\classification\subset9\1\1_aug\125_15.npy
1,D:\Doctorat\datasets\LUNA 16\classification\subset9\1\1_aug\125_23.npy
1,D:\Doctorat\datasets\LUNA 16\classification\subset9\1\1_aug\125_24.npy
1,D:\Doctorat\datasets\LUNA 16\classification\subset9\1\1_aug\125_35.npy
1,D:\Doctorat\datasets\LUNA 16\classification\subset9\1\1_aug\125_37.npy
1,D:\Doctorat\datasets\LUNA 16\classification\subset9\1\1_aug\125_38.npy
1,D:\Doctorat\datasets\LUNA 16\classification\subset9\1\1_aug\125_4.npy
1,D:\Doctorat\datasets\LUNA 16\classification\subset9\1\1_aug\125_6.npy
1,D:\Doctorat\datasets\LUNA 16\classification\subset9\1\1_aug\126_10.npy
1,D:\Doctorat\datasets\LUNA 16\classification\subset9\1\1_aug\126_2.npy
1,D:\Doctorat\datasets\LUNA 16\classification\subset9\1\1_aug\126_33.npy
1,D:\Doctorat\datasets\LUNA 16\classification\subset9\1\1_aug\126_37.npy
1,D:\Doctorat\datasets\LUNA 16\classification\subset9\1\1_aug\127_1.npy
1,D:\Doctorat\datasets\LUNA 16\classification\subset9\1\1_aug\127_13.npy
1,D:\Doctorat\datasets\LUNA 16\classification\subset9\1\1_aug\127_18.npy
1,D:\Doctorat\datasets\LUNA 16\classification\subset9\1\1_aug\127_22.npy
1,D:\Doctorat\datasets\LUNA 16\classification\subset9\1\1_aug\127_25.npy
1,D:\Doctorat\datasets\LUNA 16\classification\subset9\1\1_aug\127_27.npy
1,D:\Doctorat\datasets\LUNA 16\classification\subset9\1\1_aug\127_33.npy
1,D:\Doctorat\datasets\LUNA 16\classification\subset9\1\1_aug\127_36.npy
1,D:\Doctorat\datasets\LUNA 16\classification\subset9\1\1_aug\128_10.npy
1,D:\Doctorat\datasets\LUNA 16\classification\subset9\1\1_aug\128_17.npy
1,D:\Doctorat\datasets\LUNA 16\classification\subset9\1\1_aug\128_2.npy
1,D:\Doctorat\datasets\LUNA 16\classification\subset9\1\1_aug\128_20.npy
1,D:\Doctorat\datasets\LUNA 16\classification\subset9\1\1_aug\128_30.npy
1,D:\Doctorat\datasets\LUNA 16\classification\subset9\1\1_aug\128_32.npy
1,D:\Doctorat\datasets\LUNA 16\classification\subset9\1\1_aug\128_39.npy
1,D:\Doctorat\datasets\LUNA 16\classification\subset9\1\1_aug\129_24.npy
1,D:\Doctorat\datasets\LUNA 16\classification\subset9\1\1_aug\129_30.npy
1,D:\Doctorat\datasets\LUNA 16\classification\subset9\1\1_aug\129_31.npy
1,D:\Doctorat\datasets\LUNA 16\classification\subset9\1\1_aug\129_38.npy
1,D:\Doctorat\datasets\LUNA 16\classification\subset9\1\1_aug\129_6.npy
1,D:\Doctorat\datasets\LUNA 16\classification\subset9\1\1_aug\12_10.npy
1,D:\Doctorat\datasets\LUNA 16\classification\subset9\1\1_aug\12_19.npy
1,D:\Doctorat\datasets\LUNA 16\classification\subset9\1\1_aug\12_20.npy
1,D:\Doctorat\datasets\LUNA 16\classification\subset9\1\1_aug\12_26.npy
1,D:\Doctorat\datasets\LUNA 16\classification\subset9\1\1_aug\12_30.npy
1,D:\Doctorat\datasets\LUNA 16\classification\subset9\1\1_aug\12_38.npy
1,D:\Doctorat\datasets\LUNA 16\classification\subset9\1\1_aug\12_39.npy
1,D:\Doctorat\datasets\LUNA 16\classification\subset9\1\1_aug\12_4.npy
1,D:\Doctorat\datasets\LUNA 16\classification\subset9\1\1_aug\12_8.npy
1,D:\Doctorat\datasets\LUNA 16\classification\subset9\1\1_aug\130_11.npy
1,D:\Doctorat\datasets\LUNA 16\classification\subset9\1\1_aug\130_24.npy
1,D:\Doctorat\datasets\LUNA 16\classification\subset9\1\1_aug\130_26.npy
1,D:\Doctorat\datasets\LUNA 16\classification\subset9\1\1_aug\130_30.npy
1,D:\Doctorat\datasets\LUNA 16\classification\subset9\1\1_aug\130_33.npy
1,D:\Doctorat\datasets\LUNA 16\classification\subset9\1\1_aug\130_35.npy
1,D:\Doctorat\datasets\LUNA 16\classification\subset9\1\1_aug\130_40.npy
1,D:\Doctorat\datasets\LUNA 16\classification\subset9\1\1_aug\130_5.npy
1,D:\Doctorat\datasets\LUNA 16\classification\subset9\1\1_aug\131_16.npy
1,D:\Doctorat\datasets\LUNA 16\classification\subset9\1\1_aug\131_18.npy
1,D:\Doctorat\datasets\LUNA 16\classification\subset9\1\1_aug\131_39.npy
1,D:\Doctorat\datasets\LUNA 16\classification\subset9\1\1_aug\131_4.npy
1,D:\Doctorat\datasets\LUNA 16\classification\subset9\1\1_aug\131_7.npy
1,D:\Doctorat\datasets\LUNA 16\classification\subset9\1\1_aug\132_11.npy
1,D:\Doctorat\datasets\LUNA 16\classification\subset9\1\1_aug\132_12.npy
1,D:\Doctorat\datasets\LUNA 16\classification\subset9\1\1_aug\132_21.npy
1,D:\Doctorat\datasets\LUNA 16\classification\subset9\1\1_aug\132_27.npy
1,D:\Doctorat\datasets\LUNA 16\classification\subset9\1\1_aug\132_3.npy
1,D:\Doctorat\datasets\LUNA 16\classification\subset9\1\1_aug\132_38.npy
1,D:\Doctorat\datasets\LUNA 16\classification\subset9\1\1_aug\132_7.npy
1,D:\Doctorat\datasets\LUNA 16\classification\subset9\1\1_aug\133_22.npy
1,D:\Doctorat\datasets\LUNA 16\classification\subset9\1\1_aug\133_27.npy
1,D:\Doctorat\datasets\LUNA 16\classification\subset9\1\1_aug\133_29.npy
1,D:\Doctorat\datasets\LUNA 16\classification\subset9\1\1_aug\133_30.npy
1,D:\Doctorat\datasets\LUNA 16\classification\subset9\1\1_aug\133_37.npy
1,D:\Doctorat\datasets\LUNA 16\classification\subset9\1\1_aug\133_38.npy
1,D:\Doctorat\datasets\LUNA 16\classification\subset9\1\1_aug\133_5.npy
1,D:\Doctorat\datasets\LUNA 16\classification\subset9\1\1_aug\133_7.npy
1,D:\Doctorat\datasets\LUNA 16\classification\subset9\1\1_aug\133_9.npy
1,D:\Doctorat\datasets\LUNA 16\classification\subset9\1\1_aug\134_13.npy
1,D:\Doctorat\datasets\LUNA 16\classification\subset9\1\1_aug\134_15.npy
1,D:\Doctorat\datasets\LUNA 16\classification\subset9\1\1_aug\134_17.npy
1,D:\Doctorat\datasets\LUNA 16\classification\subset9\1\1_aug\134_25.npy
1,D:\Doctorat\datasets\LUNA 16\classification\subset9\1\1_aug\134_40.npy
1,D:\Doctorat\datasets\LUNA 16\classification\subset9\1\1_aug\135_15.npy
1,D:\Doctorat\datasets\LUNA 16\classification\subset9\1\1_aug\135_17.npy
1,D:\Doctorat\datasets\LUNA 16\classification\subset9\1\1_aug\135_21.npy
1,D:\Doctorat\datasets\LUNA 16\classification\subset9\1\1_aug\135_31.npy
1,D:\Doctorat\datasets\LUNA 16\classification\subset9\1\1_aug\135_36.npy
1,D:\Doctorat\datasets\LUNA 16\classification\subset9\1\1_aug\135_38.npy
1,D:\Doctorat\datasets\LUNA 16\classification\subset9\1\1_aug\135_39.npy
1,D:\Doctorat\datasets\LUNA 16\classification\subset9\1\1_aug\136_10.npy
1,D:\Doctorat\datasets\LUNA 16\classification\subset9\1\1_aug\136_14.npy
1,D:\Doctorat\datasets\LUNA 16\classification\subset9\1\1_aug\136_17.npy
1,D:\Doctorat\datasets\LUNA 16\classification\subset9\1\1_aug\136_2.npy
1,D:\Doctorat\datasets\LUNA 16\classification\subset9\1\1_aug\136_23.npy
1,D:\Doctorat\datasets\LUNA 16\classification\subset9\1\1_aug\136_25.npy
1,D:\Doctorat\datasets\LUNA 16\classification\subset9\1\1_aug\136_32.npy
1,D:\Doctorat\datasets\LUNA 16\classification\subset9\1\1_aug\136_34.npy
1,D:\Doctorat\datasets\LUNA 16\classification\subset9\1\1_aug\136_5.npy
1,D:\Doctorat\datasets\LUNA 16\classification\subset9\1\1_aug\137_14.npy
1,D:\Doctorat\datasets\LUNA 16\classification\subset9\1\1_aug\137_23.npy
1,D:\Doctorat\datasets\LUNA 16\classification\subset9\1\1_aug\137_24.npy
1,D:\Doctorat\datasets\LUNA 16\classification\subset9\1\1_aug\137_27.npy
1,D:\Doctorat\datasets\LUNA 16\classification\subset9\1\1_aug\137_29.npy
1,D:\Doctorat\datasets\LUNA 16\classification\subset9\1\1_aug\137_3.npy
1,D:\Doctorat\datasets\LUNA 16\classification\subset9\1\1_aug\137_33.npy
1,D:\Doctorat\datasets\LUNA 16\classification\subset9\1\1_aug\137_35.npy
1,D:\Doctorat\datasets\LUNA 16\classification\subset9\1\1_aug\137_4.npy
1,D:\Doctorat\datasets\LUNA 16\classification\subset9\1\1_aug\137_5.npy
1,D:\Doctorat\datasets\LUNA 16\classification\subset9\1\1_aug\137_6.npy
1,D:\Doctorat\datasets\LUNA 16\classification\subset9\1\1_aug\138_16.npy
1,D:\Doctorat\datasets\LUNA 16\classification\subset9\1\1_aug\138_20.npy
1,D:\Doctorat\datasets\LUNA 16\classification\subset9\1\1_aug\138_22.npy
1,D:\Doctorat\datasets\LUNA 16\classification\subset9\1\1_aug\138_28.npy
1,D:\Doctorat\datasets\LUNA 16\classification\subset9\1\1_aug\138_35.npy
1,D:\Doctorat\datasets\LUNA 16\classification\subset9\1\1_aug\138_40.npy
1,D:\Doctorat\datasets\LUNA 16\classification\subset9\1\1_aug\139_11.npy
1,D:\Doctorat\datasets\LUNA 16\classification\subset9\1\1_aug\139_12.npy
1,D:\Doctorat\datasets\LUNA 16\classification\subset9\1\1_aug\139_25.npy
1,D:\Doctorat\datasets\LUNA 16\classification\subset9\1\1_aug\139_26.npy
1,D:\Doctorat\datasets\LUNA 16\classification\subset9\1\1_aug\139_34.npy
1,D:\Doctorat\datasets\LUNA 16\classification\subset9\1\1_aug\139_35.npy
1,D:\Doctorat\datasets\LUNA 16\classification\subset9\1\1_aug\13_11.npy
1,D:\Doctorat\datasets\LUNA 16\classification\subset9\1\1_aug\13_17.npy
1,D:\Doctorat\datasets\LUNA 16\classification\subset9\1\1_aug\13_18.npy
1,D:\Doctorat\datasets\LUNA 16\classification\subset9\1\1_aug\13_22.npy
1,D:\Doctorat\datasets\LUNA 16\classification\subset9\1\1_aug\13_23.npy
1,D:\Doctorat\datasets\LUNA 16\classification\subset9\1\1_aug\13_28.npy
1,D:\Doctorat\datasets\LUNA 16\classification\subset9\1\1_aug\13_30.npy
1,D:\Doctorat\datasets\LUNA 16\classification\subset9\1\1_aug\13_32.npy
1,D:\Doctorat\datasets\LUNA 16\classification\subset9\1\1_aug\13_4.npy
1,D:\Doctorat\datasets\LUNA 16\classification\subset9\1\1_aug\13_40.npy
1,D:\Doctorat\datasets\LUNA 16\classification\subset9\1\1_aug\13_6.npy
1,D:\Doctorat\datasets\LUNA 16\classification\subset9\1\1_aug\140_11.npy
1,D:\Doctorat\datasets\LUNA 16\classification\subset9\1\1_aug\140_25.npy
1,D:\Doctorat\datasets\LUNA 16\classification\subset9\1\1_aug\140_31.npy
1,D:\Doctorat\datasets\LUNA 16\classification\subset9\1\1_aug\140_32.npy
1,D:\Doctorat\datasets\LUNA 16\classification\subset9\1\1_aug\140_40.npy
1,D:\Doctorat\datasets\LUNA 16\classification\subset9\1\1_aug\141_11.npy
1,D:\Doctorat\datasets\LUNA 16\classification\subset9\1\1_aug\141_18.npy
1,D:\Doctorat\datasets\LUNA 16\classification\subset9\1\1_aug\141_22.npy
1,D:\Doctorat\datasets\LUNA 16\classification\subset9\1\1_aug\141_26.npy
1,D:\Doctorat\datasets\LUNA 16\classification\subset9\1\1_aug\141_29.npy
1,D:\Doctorat\datasets\LUNA 16\classification\subset9\1\1_aug\141_32.npy
1,D:\Doctorat\datasets\LUNA 16\classification\subset9\1\1_aug\141_33.npy
1,D:\Doctorat\datasets\LUNA 16\classification\subset9\1\1_aug\141_37.npy
1,D:\Doctorat\datasets\LUNA 16\classification\subset9\1\1_aug\141_39.npy
1,D:\Doctorat\datasets\LUNA 16\classification\subset9\1\1_aug\141_5.npy
1,D:\Doctorat\datasets\LUNA 16\classification\subset9\1\1_aug\142_1.npy
1,D:\Doctorat\datasets\LUNA 16\classification\subset9\1\1_aug\142_16.npy
1,D:\Doctorat\datasets\LUNA 16\classification\subset9\1\1_aug\142_2.npy
1,D:\Doctorat\datasets\LUNA 16\classification\subset9\1\1_aug\142_21.npy
1,D:\Doctorat\datasets\LUNA 16\classification\subset9\1\1_aug\142_22.npy
1,D:\Doctorat\datasets\LUNA 16\classification\subset9\1\1_aug\142_24.npy
1,D:\Doctorat\datasets\LUNA 16\classification\subset9\1\1_aug\142_25.npy
1,D:\Doctorat\datasets\LUNA 16\classification\subset9\1\1_aug\142_26.npy
1,D:\Doctorat\datasets\LUNA 16\classification\subset9\1\1_aug\142_29.npy
1,D:\Doctorat\datasets\LUNA 16\classification\subset9\1\1_aug\142_36.npy
1,D:\Doctorat\datasets\LUNA 16\classification\subset9\1\1_aug\143_16.npy
1,D:\Doctorat\datasets\LUNA 16\classification\subset9\1\1_aug\143_18.npy
1,D:\Doctorat\datasets\LUNA 16\classification\subset9\1\1_aug\143_21.npy
1,D:\Doctorat\datasets\LUNA 16\classification\subset9\1\1_aug\143_25.npy
1,D:\Doctorat\datasets\LUNA 16\classification\subset9\1\1_aug\143_26.npy
1,D:\Doctorat\datasets\LUNA 16\classification\subset9\1\1_aug\143_29.npy
1,D:\Doctorat\datasets\LUNA 16\classification\subset9\1\1_aug\143_38.npy
1,D:\Doctorat\datasets\LUNA 16\classification\subset9\1\1_aug\14_12.npy
1,D:\Doctorat\datasets\LUNA 16\classification\subset9\1\1_aug\14_21.npy
1,D:\Doctorat\datasets\LUNA 16\classification\subset9\1\1_aug\14_24.npy
1,D:\Doctorat\datasets\LUNA 16\classification\subset9\1\1_aug\14_25.npy
1,D:\Doctorat\datasets\LUNA 16\classification\subset9\1\1_aug\14_32.npy
1,D:\Doctorat\datasets\LUNA 16\classification\subset9\1\1_aug\14_36.npy
1,D:\Doctorat\datasets\LUNA 16\classification\subset9\1\1_aug\14_38.npy
1,D:\Doctorat\datasets\LUNA 16\classification\subset9\1\1_aug\14_40.npy
1,D:\Doctorat\datasets\LUNA 16\classification\subset9\1\1_aug\15_2.npy
1,D:\Doctorat\datasets\LUNA 16\classification\subset9\1\1_aug\15_27.npy
1,D:\Doctorat\datasets\LUNA 16\classification\subset9\1\1_aug\15_28.npy
1,D:\Doctorat\datasets\LUNA 16\classification\subset9\1\1_aug\15_30.npy
1,D:\Doctorat\datasets\LUNA 16\classification\subset9\1\1_aug\15_40.npy
1,D:\Doctorat\datasets\LUNA 16\classification\subset9\1\1_aug\15_5.npy
1,D:\Doctorat\datasets\LUNA 16\classification\subset9\1\1_aug\16_15.npy
1,D:\Doctorat\datasets\LUNA 16\classification\subset9\1\1_aug\16_3.npy
1,D:\Doctorat\datasets\LUNA 16\classification\subset9\1\1_aug\16_30.npy
1,D:\Doctorat\datasets\LUNA 16\classification\subset9\1\1_aug\16_4.npy
1,D:\Doctorat\datasets\LUNA 16\classification\subset9\1\1_aug\17_14.npy
1,D:\Doctorat\datasets\LUNA 16\classification\subset9\1\1_aug\17_16.npy
1,D:\Doctorat\datasets\LUNA 16\classification\subset9\1\1_aug\17_29.npy
1,D:\Doctorat\datasets\LUNA 16\classification\subset9\1\1_aug\17_33.npy
1,D:\Doctorat\datasets\LUNA 16\classification\subset9\1\1_aug\17_36.npy
1,D:\Doctorat\datasets\LUNA 16\classification\subset9\1\1_aug\17_5.npy
1,D:\Doctorat\datasets\LUNA 16\classification\subset9\1\1_aug\17_7.npy
1,D:\Doctorat\datasets\LUNA 16\classification\subset9\1\1_aug\18_13.npy
1,D:\Doctorat\datasets\LUNA 16\classification\subset9\1\1_aug\18_15.npy
1,D:\Doctorat\datasets\LUNA 16\classification\subset9\1\1_aug\18_16.npy
1,D:\Doctorat\datasets\LUNA 16\classification\subset9\1\1_aug\18_18.npy
1,D:\Doctorat\datasets\LUNA 16\classification\subset9\1\1_aug\18_2.npy
1,D:\Doctorat\datasets\LUNA 16\classification\subset9\1\1_aug\18_29.npy
1,D:\Doctorat\datasets\LUNA 16\classification\subset9\1\1_aug\18_30.npy
1,D:\Doctorat\datasets\LUNA 16\classification\subset9\1\1_aug\18_9.npy
1,D:\Doctorat\datasets\LUNA 16\classification\subset9\1\1_aug\19_10.npy
1,D:\Doctorat\datasets\LUNA 16\classification\subset9\1\1_aug\19_13.npy
1,D:\Doctorat\datasets\LUNA 16\classification\subset9\1\1_aug\19_14.npy
1,D:\Doctorat\datasets\LUNA 16\classification\subset9\1\1_aug\19_15.npy
1,D:\Doctorat\datasets\LUNA 16\classification\subset9\1\1_aug\19_19.npy
1,D:\Doctorat\datasets\LUNA 16\classification\subset9\1\1_aug\19_26.npy
1,D:\Doctorat\datasets\LUNA 16\classification\subset9\1\1_aug\19_28.npy
1,D:\Doctorat\datasets\LUNA 16\classification\subset9\1\1_aug\19_40.npy
1,D:\Doctorat\datasets\LUNA 16\classification\subset9\1\1_aug\19_7.npy
1,D:\Doctorat\datasets\LUNA 16\classification\subset9\1\1_aug\1_1.npy
1,D:\Doctorat\datasets\LUNA 16\classification\subset9\1\1_aug\1_31.npy
1,D:\Doctorat\datasets\LUNA 16\classification\subset9\1\1_aug\1_35.npy
1,D:\Doctorat\datasets\LUNA 16\classification\subset9\1\1_aug\1_38.npy
1,D:\Doctorat\datasets\LUNA 16\classification\subset9\1\1_aug\1_39.npy
1,D:\Doctorat\datasets\LUNA 16\classification\subset9\1\1_aug\20_11.npy
1,D:\Doctorat\datasets\LUNA 16\classification\subset9\1\1_aug\20_16.npy
1,D:\Doctorat\datasets\LUNA 16\classification\subset9\1\1_aug\20_22.npy
1,D:\Doctorat\datasets\LUNA 16\classification\subset9\1\1_aug\20_23.npy
1,D:\Doctorat\datasets\LUNA 16\classification\subset9\1\1_aug\20_32.npy
1,D:\Doctorat\datasets\LUNA 16\classification\subset9\1\1_aug\20_35.npy
1,D:\Doctorat\datasets\LUNA 16\classification\subset9\1\1_aug\20_37.npy
1,D:\Doctorat\datasets\LUNA 16\classification\subset9\1\1_aug\20_4.npy
1,D:\Doctorat\datasets\LUNA 16\classification\subset9\1\1_aug\21_17.npy
1,D:\Doctorat\datasets\LUNA 16\classification\subset9\1\1_aug\21_23.npy
1,D:\Doctorat\datasets\LUNA 16\classification\subset9\1\1_aug\21_24.npy
1,D:\Doctorat\datasets\LUNA 16\classification\subset9\1\1_aug\21_26.npy
1,D:\Doctorat\datasets\LUNA 16\classification\subset9\1\1_aug\21_27.npy
1,D:\Doctorat\datasets\LUNA 16\classification\subset9\1\1_aug\21_3.npy
1,D:\Doctorat\datasets\LUNA 16\classification\subset9\1\1_aug\21_32.npy
1,D:\Doctorat\datasets\LUNA 16\classification\subset9\1\1_aug\21_38.npy
1,D:\Doctorat\datasets\LUNA 16\classification\subset9\1\1_aug\21_40.npy
1,D:\Doctorat\datasets\LUNA 16\classification\subset9\1\1_aug\21_6.npy
1,D:\Doctorat\datasets\LUNA 16\classification\subset9\1\1_aug\22_10.npy
1,D:\Doctorat\datasets\LUNA 16\classification\subset9\1\1_aug\22_16.npy
1,D:\Doctorat\datasets\LUNA 16\classification\subset9\1\1_aug\22_17.npy
1,D:\Doctorat\datasets\LUNA 16\classification\subset9\1\1_aug\22_28.npy
1,D:\Doctorat\datasets\LUNA 16\classification\subset9\1\1_aug\22_9.npy
1,D:\Doctorat\datasets\LUNA 16\classification\subset9\1\1_aug\23_10.npy
1,D:\Doctorat\datasets\LUNA 16\classification\subset9\1\1_aug\23_12.npy
1,D:\Doctorat\datasets\LUNA 16\classification\subset9\1\1_aug\23_15.npy
1,D:\Doctorat\datasets\LUNA 16\classification\subset9\1\1_aug\23_16.npy
1,D:\Doctorat\datasets\LUNA 16\classification\subset9\1\1_aug\23_23.npy
1,D:\Doctorat\datasets\LUNA 16\classification\subset9\1\1_aug\23_29.npy
1,D:\Doctorat\datasets\LUNA 16\classification\subset9\1\1_aug\23_37.npy
1,D:\Doctorat\datasets\LUNA 16\classification\subset9\1\1_aug\23_4.npy
1,D:\Doctorat\datasets\LUNA 16\classification\subset9\1\1_aug\24_10.npy
1,D:\Doctorat\datasets\LUNA 16\classification\subset9\1\1_aug\24_16.npy
1,D:\Doctorat\datasets\LUNA 16\classification\subset9\1\1_aug\24_17.npy
1,D:\Doctorat\datasets\LUNA 16\classification\subset9\1\1_aug\24_2.npy
1,D:\Doctorat\datasets\LUNA 16\classification\subset9\1\1_aug\24_21.npy
1,D:\Doctorat\datasets\LUNA 16\classification\subset9\1\1_aug\24_22.npy
1,D:\Doctorat\datasets\LUNA 16\classification\subset9\1\1_aug\24_31.npy
1,D:\Doctorat\datasets\LUNA 16\classification\subset9\1\1_aug\24_37.npy
1,D:\Doctorat\datasets\LUNA 16\classification\subset9\1\1_aug\24_4.npy
1,D:\Doctorat\datasets\LUNA 16\classification\subset9\1\1_aug\25_26.npy
1,D:\Doctorat\datasets\LUNA 16\classification\subset9\1\1_aug\25_27.npy
1,D:\Doctorat\datasets\LUNA 16\classification\subset9\1\1_aug\25_29.npy
1,D:\Doctorat\datasets\LUNA 16\classification\subset9\1\1_aug\25_34.npy
1,D:\Doctorat\datasets\LUNA 16\classification\subset9\1\1_aug\26_11.npy
1,D:\Doctorat\datasets\LUNA 16\classification\subset9\1\1_aug\26_12.npy
1,D:\Doctorat\datasets\LUNA 16\classification\subset9\1\1_aug\26_40.npy
1,D:\Doctorat\datasets\LUNA 16\classification\subset9\1\1_aug\26_5.npy
1,D:\Doctorat\datasets\LUNA 16\classification\subset9\1\1_aug\27_12.npy
1,D:\Doctorat\datasets\LUNA 16\classification\subset9\1\1_aug\27_14.npy
1,D:\Doctorat\datasets\LUNA 16\classification\subset9\1\1_aug\27_18.npy
1,D:\Doctorat\datasets\LUNA 16\classification\subset9\1\1_aug\27_35.npy
1,D:\Doctorat\datasets\LUNA 16\classification\subset9\1\1_aug\27_37.npy
1,D:\Doctorat\datasets\LUNA 16\classification\subset9\1\1_aug\27_39.npy
1,D:\Doctorat\datasets\LUNA 16\classification\subset9\1\1_aug\27_8.npy
1,D:\Doctorat\datasets\LUNA 16\classification\subset9\1\1_aug\28_3.npy
1,D:\Doctorat\datasets\LUNA 16\classification\subset9\1\1_aug\28_31.npy
1,D:\Doctorat\datasets\LUNA 16\classification\subset9\1\1_aug\28_35.npy
1,D:\Doctorat\datasets\LUNA 16\classification\subset9\1\1_aug\28_4.npy
1,D:\Doctorat\datasets\LUNA 16\classification\subset9\1\1_aug\28_5.npy
1,D:\Doctorat\datasets\LUNA 16\classification\subset9\1\1_aug\29_1.npy
1,D:\Doctorat\datasets\LUNA 16\classification\subset9\1\1_aug\29_10.npy
1,D:\Doctorat\datasets\LUNA 16\classification\subset9\1\1_aug\29_15.npy
1,D:\Doctorat\datasets\LUNA 16\classification\subset9\1\1_aug\29_21.npy
1,D:\Doctorat\datasets\LUNA 16\classification\subset9\1\1_aug\29_27.npy
1,D:\Doctorat\datasets\LUNA 16\classification\subset9\1\1_aug\29_29.npy
1,D:\Doctorat\datasets\LUNA 16\classification\subset9\1\1_aug\29_37.npy
1,D:\Doctorat\datasets\LUNA 16\classification\subset9\1\1_aug\29_4.npy
1,D:\Doctorat\datasets\LUNA 16\classification\subset9\1\1_aug\29_8.npy
1,D:\Doctorat\datasets\LUNA 16\classification\subset9\1\1_aug\2_1.npy
1,D:\Doctorat\datasets\LUNA 16\classification\subset9\1\1_aug\2_15.npy
1,D:\Doctorat\datasets\LUNA 16\classification\subset9\1\1_aug\2_17.npy
1,D:\Doctorat\datasets\LUNA 16\classification\subset9\1\1_aug\2_20.npy
1,D:\Doctorat\datasets\LUNA 16\classification\subset9\1\1_aug\2_36.npy
1,D:\Doctorat\datasets\LUNA 16\classification\subset9\1\1_aug\2_38.npy
1,D:\Doctorat\datasets\LUNA 16\classification\subset9\1\1_aug\2_9.npy
1,D:\Doctorat\datasets\LUNA 16\classification\subset9\1\1_aug\30_1.npy
1,D:\Doctorat\datasets\LUNA 16\classification\subset9\1\1_aug\30_11.npy
1,D:\Doctorat\datasets\LUNA 16\classification\subset9\1\1_aug\30_17.npy
1,D:\Doctorat\datasets\LUNA 16\classification\subset9\1\1_aug\30_25.npy
1,D:\Doctorat\datasets\LUNA 16\classification\subset9\1\1_aug\30_28.npy
1,D:\Doctorat\datasets\LUNA 16\classification\subset9\1\1_aug\30_31.npy
1,D:\Doctorat\datasets\LUNA 16\classification\subset9\1\1_aug\30_32.npy
1,D:\Doctorat\datasets\LUNA 16\classification\subset9\1\1_aug\30_35.npy
1,D:\Doctorat\datasets\LUNA 16\classification\subset9\1\1_aug\30_36.npy
1,D:\Doctorat\datasets\LUNA 16\classification\subset9\1\1_aug\30_40.npy
1,D:\Doctorat\datasets\LUNA 16\classification\subset9\1\1_aug\30_6.npy
1,D:\Doctorat\datasets\LUNA 16\classification\subset9\1\1_aug\30_9.npy
1,D:\Doctorat\datasets\LUNA 16\classification\subset9\1\1_aug\31_13.npy
1,D:\Doctorat\datasets\LUNA 16\classification\subset9\1\1_aug\31_25.npy
1,D:\Doctorat\datasets\LUNA 16\classification\subset9\1\1_aug\31_28.npy
1,D:\Doctorat\datasets\LUNA 16\classification\subset9\1\1_aug\31_31.npy
1,D:\Doctorat\datasets\LUNA 16\classification\subset9\1\1_aug\31_33.npy
1,D:\Doctorat\datasets\LUNA 16\classification\subset9\1\1_aug\31_34.npy
1,D:\Doctorat\datasets\LUNA 16\classification\subset9\1\1_aug\31_35.npy
1,D:\Doctorat\datasets\LUNA 16\classification\subset9\1\1_aug\31_37.npy
1,D:\Doctorat\datasets\LUNA 16\classification\subset9\1\1_aug\31_38.npy
1,D:\Doctorat\datasets\LUNA 16\classification\subset9\1\1_aug\31_4.npy
1,D:\Doctorat\datasets\LUNA 16\classification\subset9\1\1_aug\32_1.npy
1,D:\Doctorat\datasets\LUNA 16\classification\subset9\1\1_aug\32_11.npy
1,D:\Doctorat\datasets\LUNA 16\classification\subset9\1\1_aug\32_20.npy
1,D:\Doctorat\datasets\LUNA 16\classification\subset9\1\1_aug\32_25.npy
1,D:\Doctorat\datasets\LUNA 16\classification\subset9\1\1_aug\32_28.npy
1,D:\Doctorat\datasets\LUNA 16\classification\subset9\1\1_aug\32_29.npy
1,D:\Doctorat\datasets\LUNA 16\classification\subset9\1\1_aug\32_35.npy
1,D:\Doctorat\datasets\LUNA 16\classification\subset9\1\1_aug\32_4.npy
1,D:\Doctorat\datasets\LUNA 16\classification\subset9\1\1_aug\32_6.npy
1,D:\Doctorat\datasets\LUNA 16\classification\subset9\1\1_aug\32_9.npy
1,D:\Doctorat\datasets\LUNA 16\classification\subset9\1\1_aug\33_16.npy
1,D:\Doctorat\datasets\LUNA 16\classification\subset9\1\1_aug\33_18.npy
1,D:\Doctorat\datasets\LUNA 16\classification\subset9\1\1_aug\33_23.npy
1,D:\Doctorat\datasets\LUNA 16\classification\subset9\1\1_aug\33_24.npy
1,D:\Doctorat\datasets\LUNA 16\classification\subset9\1\1_aug\33_28.npy
1,D:\Doctorat\datasets\LUNA 16\classification\subset9\1\1_aug\33_3.npy
1,D:\Doctorat\datasets\LUNA 16\classification\subset9\1\1_aug\33_40.npy
1,D:\Doctorat\datasets\LUNA 16\classification\subset9\1\1_aug\34_18.npy
1,D:\Doctorat\datasets\LUNA 16\classification\subset9\1\1_aug\34_21.npy
1,D:\Doctorat\datasets\LUNA 16\classification\subset9\1\1_aug\34_28.npy
1,D:\Doctorat\datasets\LUNA 16\classification\subset9\1\1_aug\34_32.npy
1,D:\Doctorat\datasets\LUNA 16\classification\subset9\1\1_aug\34_34.npy
1,D:\Doctorat\datasets\LUNA 16\classification\subset9\1\1_aug\34_4.npy
1,D:\Doctorat\datasets\LUNA 16\classification\subset9\1\1_aug\34_40.npy
1,D:\Doctorat\datasets\LUNA 16\classification\subset9\1\1_aug\34_7.npy
1,D:\Doctorat\datasets\LUNA 16\classification\subset9\1\1_aug\35_1.npy
1,D:\Doctorat\datasets\LUNA 16\classification\subset9\1\1_aug\35_10.npy
1,D:\Doctorat\datasets\LUNA 16\classification\subset9\1\1_aug\35_18.npy
1,D:\Doctorat\datasets\LUNA 16\classification\subset9\1\1_aug\35_23.npy
1,D:\Doctorat\datasets\LUNA 16\classification\subset9\1\1_aug\35_26.npy
1,D:\Doctorat\datasets\LUNA 16\classification\subset9\1\1_aug\35_28.npy
1,D:\Doctorat\datasets\LUNA 16\classification\subset9\1\1_aug\35_3.npy
1,D:\Doctorat\datasets\LUNA 16\classification\subset9\1\1_aug\35_32.npy
1,D:\Doctorat\datasets\LUNA 16\classification\subset9\1\1_aug\35_37.npy
1,D:\Doctorat\datasets\LUNA 16\classification\subset9\1\1_aug\35_4.npy
1,D:\Doctorat\datasets\LUNA 16\classification\subset9\1\1_aug\35_6.npy
1,D:\Doctorat\datasets\LUNA 16\classification\subset9\1\1_aug\35_7.npy
1,D:\Doctorat\datasets\LUNA 16\classification\subset9\1\1_aug\35_9.npy
1,D:\Doctorat\datasets\LUNA 16\classification\subset9\1\1_aug\36_1.npy
1,D:\Doctorat\datasets\LUNA 16\classification\subset9\1\1_aug\36_10.npy
1,D:\Doctorat\datasets\LUNA 16\classification\subset9\1\1_aug\36_13.npy
1,D:\Doctorat\datasets\LUNA 16\classification\subset9\1\1_aug\36_26.npy
1,D:\Doctorat\datasets\LUNA 16\classification\subset9\1\1_aug\36_33.npy
1,D:\Doctorat\datasets\LUNA 16\classification\subset9\1\1_aug\37_2.npy
1,D:\Doctorat\datasets\LUNA 16\classification\subset9\1\1_aug\37_21.npy
1,D:\Doctorat\datasets\LUNA 16\classification\subset9\1\1_aug\37_24.npy
1,D:\Doctorat\datasets\LUNA 16\classification\subset9\1\1_aug\37_26.npy
1,D:\Doctorat\datasets\LUNA 16\classification\subset9\1\1_aug\37_3.npy
1,D:\Doctorat\datasets\LUNA 16\classification\subset9\1\1_aug\37_37.npy
1,D:\Doctorat\datasets\LUNA 16\classification\subset9\1\1_aug\37_5.npy
1,D:\Doctorat\datasets\LUNA 16\classification\subset9\1\1_aug\38_16.npy
1,D:\Doctorat\datasets\LUNA 16\classification\subset9\1\1_aug\38_2.npy
1,D:\Doctorat\datasets\LUNA 16\classification\subset9\1\1_aug\38_27.npy
1,D:\Doctorat\datasets\LUNA 16\classification\subset9\1\1_aug\38_36.npy
1,D:\Doctorat\datasets\LUNA 16\classification\subset9\1\1_aug\38_9.npy
1,D:\Doctorat\datasets\LUNA 16\classification\subset9\1\1_aug\39_1.npy
1,D:\Doctorat\datasets\LUNA 16\classification\subset9\1\1_aug\39_10.npy
1,D:\Doctorat\datasets\LUNA 16\classification\subset9\1\1_aug\39_14.npy
1,D:\Doctorat\datasets\LUNA 16\classification\subset9\1\1_aug\39_17.npy
1,D:\Doctorat\datasets\LUNA 16\classification\subset9\1\1_aug\39_19.npy
1,D:\Doctorat\datasets\LUNA 16\classification\subset9\1\1_aug\39_3.npy
1,D:\Doctorat\datasets\LUNA 16\classification\subset9\1\1_aug\39_30.npy
1,D:\Doctorat\datasets\LUNA 16\classification\subset9\1\1_aug\39_32.npy
1,D:\Doctorat\datasets\LUNA 16\classification\subset9\1\1_aug\39_35.npy
1,D:\Doctorat\datasets\LUNA 16\classification\subset9\1\1_aug\39_39.npy
1,D:\Doctorat\datasets\LUNA 16\classification\subset9\1\1_aug\3_11.npy
1,D:\Doctorat\datasets\LUNA 16\classification\subset9\1\1_aug\3_13.npy
1,D:\Doctorat\datasets\LUNA 16\classification\subset9\1\1_aug\3_2.npy
1,D:\Doctorat\datasets\LUNA 16\classification\subset9\1\1_aug\3_20.npy
1,D:\Doctorat\datasets\LUNA 16\classification\subset9\1\1_aug\3_24.npy
1,D:\Doctorat\datasets\LUNA 16\classification\subset9\1\1_aug\3_25.npy
1,D:\Doctorat\datasets\LUNA 16\classification\subset9\1\1_aug\3_39.npy
1,D:\Doctorat\datasets\LUNA 16\classification\subset9\1\1_aug\3_4.npy
1,D:\Doctorat\datasets\LUNA 16\classification\subset9\1\1_aug\40_10.npy
1,D:\Doctorat\datasets\LUNA 16\classification\subset9\1\1_aug\40_11.npy
1,D:\Doctorat\datasets\LUNA 16\classification\subset9\1\1_aug\40_25.npy
1,D:\Doctorat\datasets\LUNA 16\classification\subset9\1\1_aug\40_29.npy
1,D:\Doctorat\datasets\LUNA 16\classification\subset9\1\1_aug\40_35.npy
1,D:\Doctorat\datasets\LUNA 16\classification\subset9\1\1_aug\40_36.npy
1,D:\Doctorat\datasets\LUNA 16\classification\subset9\1\1_aug\41_16.npy
1,D:\Doctorat\datasets\LUNA 16\classification\subset9\1\1_aug\41_19.npy
1,D:\Doctorat\datasets\LUNA 16\classification\subset9\1\1_aug\41_26.npy
1,D:\Doctorat\datasets\LUNA 16\classification\subset9\1\1_aug\41_28.npy
1,D:\Doctorat\datasets\LUNA 16\classification\subset9\1\1_aug\41_33.npy
1,D:\Doctorat\datasets\LUNA 16\classification\subset9\1\1_aug\42_17.npy
1,D:\Doctorat\datasets\LUNA 16\classification\subset9\1\1_aug\42_20.npy
1,D:\Doctorat\datasets\LUNA 16\classification\subset9\1\1_aug\42_27.npy
1,D:\Doctorat\datasets\LUNA 16\classification\subset9\1\1_aug\42_31.npy
1,D:\Doctorat\datasets\LUNA 16\classification\subset9\1\1_aug\42_36.npy
1,D:\Doctorat\datasets\LUNA 16\classification\subset9\1\1_aug\42_4.npy
1,D:\Doctorat\datasets\LUNA 16\classification\subset9\1\1_aug\43_16.npy
1,D:\Doctorat\datasets\LUNA 16\classification\subset9\1\1_aug\43_2.npy
1,D:\Doctorat\datasets\LUNA 16\classification\subset9\1\1_aug\43_22.npy
1,D:\Doctorat\datasets\LUNA 16\classification\subset9\1\1_aug\43_24.npy
1,D:\Doctorat\datasets\LUNA 16\classification\subset9\1\1_aug\43_30.npy
1,D:\Doctorat\datasets\LUNA 16\classification\subset9\1\1_aug\43_32.npy
1,D:\Doctorat\datasets\LUNA 16\classification\subset9\1\1_aug\43_37.npy
1,D:\Doctorat\datasets\LUNA 16\classification\subset9\1\1_aug\43_8.npy
1,D:\Doctorat\datasets\LUNA 16\classification\subset9\1\1_aug\44_14.npy
1,D:\Doctorat\datasets\LUNA 16\classification\subset9\1\1_aug\44_15.npy
1,D:\Doctorat\datasets\LUNA 16\classification\subset9\1\1_aug\44_20.npy
1,D:\Doctorat\datasets\LUNA 16\classification\subset9\1\1_aug\44_21.npy
1,D:\Doctorat\datasets\LUNA 16\classification\subset9\1\1_aug\44_27.npy
1,D:\Doctorat\datasets\LUNA 16\classification\subset9\1\1_aug\44_30.npy
1,D:\Doctorat\datasets\LUNA 16\classification\subset9\1\1_aug\44_36.npy
1,D:\Doctorat\datasets\LUNA 16\classification\subset9\1\1_aug\44_39.npy
1,D:\Doctorat\datasets\LUNA 16\classification\subset9\1\1_aug\44_4.npy
1,D:\Doctorat\datasets\LUNA 16\classification\subset9\1\1_aug\44_6.npy
1,D:\Doctorat\datasets\LUNA 16\classification\subset9\1\1_aug\45_15.npy
1,D:\Doctorat\datasets\LUNA 16\classification\subset9\1\1_aug\45_16.npy
1,D:\Doctorat\datasets\LUNA 16\classification\subset9\1\1_aug\45_28.npy
1,D:\Doctorat\datasets\LUNA 16\classification\subset9\1\1_aug\45_35.npy
1,D:\Doctorat\datasets\LUNA 16\classification\subset9\1\1_aug\45_37.npy
1,D:\Doctorat\datasets\LUNA 16\classification\subset9\1\1_aug\45_38.npy
1,D:\Doctorat\datasets\LUNA 16\classification\subset9\1\1_aug\45_5.npy
1,D:\Doctorat\datasets\LUNA 16\classification\subset9\1\1_aug\45_9.npy
1,D:\Doctorat\datasets\LUNA 16\classification\subset9\1\1_aug\46_1.npy
1,D:\Doctorat\datasets\LUNA 16\classification\subset9\1\1_aug\46_10.npy
1,D:\Doctorat\datasets\LUNA 16\classification\subset9\1\1_aug\46_18.npy
1,D:\Doctorat\datasets\LUNA 16\classification\subset9\1\1_aug\46_26.npy
1,D:\Doctorat\datasets\LUNA 16\classification\subset9\1\1_aug\46_27.npy
1,D:\Doctorat\datasets\LUNA 16\classification\subset9\1\1_aug\46_31.npy
1,D:\Doctorat\datasets\LUNA 16\classification\subset9\1\1_aug\46_36.npy
1,D:\Doctorat\datasets\LUNA 16\classification\subset9\1\1_aug\46_39.npy
1,D:\Doctorat\datasets\LUNA 16\classification\subset9\1\1_aug\47_14.npy
1,D:\Doctorat\datasets\LUNA 16\classification\subset9\1\1_aug\47_23.npy
1,D:\Doctorat\datasets\LUNA 16\classification\subset9\1\1_aug\47_3.npy
1,D:\Doctorat\datasets\LUNA 16\classification\subset9\1\1_aug\47_39.npy
1,D:\Doctorat\datasets\LUNA 16\classification\subset9\1\1_aug\47_5.npy
1,D:\Doctorat\datasets\LUNA 16\classification\subset9\1\1_aug\48_1.npy
1,D:\Doctorat\datasets\LUNA 16\classification\subset9\1\1_aug\48_12.npy
1,D:\Doctorat\datasets\LUNA 16\classification\subset9\1\1_aug\48_21.npy
1,D:\Doctorat\datasets\LUNA 16\classification\subset9\1\1_aug\48_34.npy
1,D:\Doctorat\datasets\LUNA 16\classification\subset9\1\1_aug\49_19.npy
1,D:\Doctorat\datasets\LUNA 16\classification\subset9\1\1_aug\49_29.npy
1,D:\Doctorat\datasets\LUNA 16\classification\subset9\1\1_aug\49_34.npy
1,D:\Doctorat\datasets\LUNA 16\classification\subset9\1\1_aug\49_37.npy
1,D:\Doctorat\datasets\LUNA 16\classification\subset9\1\1_aug\49_8.npy
1,D:\Doctorat\datasets\LUNA 16\classification\subset9\1\1_aug\4_1.npy
1,D:\Doctorat\datasets\LUNA 16\classification\subset9\1\1_aug\4_15.npy
1,D:\Doctorat\datasets\LUNA 16\classification\subset9\1\1_aug\4_19.npy
1,D:\Doctorat\datasets\LUNA 16\classification\subset9\1\1_aug\4_20.npy
1,D:\Doctorat\datasets\LUNA 16\classification\subset9\1\1_aug\4_28.npy
1,D:\Doctorat\datasets\LUNA 16\classification\subset9\1\1_aug\4_31.npy
1,D:\Doctorat\datasets\LUNA 16\classification\subset9\1\1_aug\4_33.npy
1,D:\Doctorat\datasets\LUNA 16\classification\subset9\1\1_aug\4_38.npy
1,D:\Doctorat\datasets\LUNA 16\classification\subset9\1\1_aug\4_4.npy
1,D:\Doctorat\datasets\LUNA 16\classification\subset9\1\1_aug\4_7.npy
1,D:\Doctorat\datasets\LUNA 16\classification\subset9\1\1_aug\4_9.npy
1,D:\Doctorat\datasets\LUNA 16\classification\subset9\1\1_aug\50_18.npy
1,D:\Doctorat\datasets\LUNA 16\classification\subset9\1\1_aug\50_21.npy
1,D:\Doctorat\datasets\LUNA 16\classification\subset9\1\1_aug\50_27.npy
1,D:\Doctorat\datasets\LUNA 16\classification\subset9\1\1_aug\50_39.npy
1,D:\Doctorat\datasets\LUNA 16\classification\subset9\1\1_aug\50_5.npy
1,D:\Doctorat\datasets\LUNA 16\classification\subset9\1\1_aug\50_9.npy
1,D:\Doctorat\datasets\LUNA 16\classification\subset9\1\1_aug\51_1.npy
1,D:\Doctorat\datasets\LUNA 16\classification\subset9\1\1_aug\51_16.npy
1,D:\Doctorat\datasets\LUNA 16\classification\subset9\1\1_aug\51_28.npy
1,D:\Doctorat\datasets\LUNA 16\classification\subset9\1\1_aug\51_30.npy
1,D:\Doctorat\datasets\LUNA 16\classification\subset9\1\1_aug\51_35.npy
1,D:\Doctorat\datasets\LUNA 16\classification\subset9\1\1_aug\51_4.npy
1,D:\Doctorat\datasets\LUNA 16\classification\subset9\1\1_aug\51_40.npy
1,D:\Doctorat\datasets\LUNA 16\classification\subset9\1\1_aug\51_8.npy
1,D:\Doctorat\datasets\LUNA 16\classification\subset9\1\1_aug\52_20.npy
1,D:\Doctorat\datasets\LUNA 16\classification\subset9\1\1_aug\52_22.npy
1,D:\Doctorat\datasets\LUNA 16\classification\subset9\1\1_aug\52_27.npy
1,D:\Doctorat\datasets\LUNA 16\classification\subset9\1\1_aug\52_33.npy
1,D:\Doctorat\datasets\LUNA 16\classification\subset9\1\1_aug\52_37.npy
1,D:\Doctorat\datasets\LUNA 16\classification\subset9\1\1_aug\52_38.npy
1,D:\Doctorat\datasets\LUNA 16\classification\subset9\1\1_aug\52_9.npy
1,D:\Doctorat\datasets\LUNA 16\classification\subset9\1\1_aug\53_10.npy
1,D:\Doctorat\datasets\LUNA 16\classification\subset9\1\1_aug\53_16.npy
1,D:\Doctorat\datasets\LUNA 16\classification\subset9\1\1_aug\53_25.npy
1,D:\Doctorat\datasets\LUNA 16\classification\subset9\1\1_aug\53_26.npy
1,D:\Doctorat\datasets\LUNA 16\classification\subset9\1\1_aug\53_29.npy
1,D:\Doctorat\datasets\LUNA 16\classification\subset9\1\1_aug\53_3.npy
1,D:\Doctorat\datasets\LUNA 16\classification\subset9\1\1_aug\53_33.npy
1,D:\Doctorat\datasets\LUNA 16\classification\subset9\1\1_aug\53_34.npy
1,D:\Doctorat\datasets\LUNA 16\classification\subset9\1\1_aug\53_40.npy
1,D:\Doctorat\datasets\LUNA 16\classification\subset9\1\1_aug\53_8.npy
1,D:\Doctorat\datasets\LUNA 16\classification\subset9\1\1_aug\54_21.npy
1,D:\Doctorat\datasets\LUNA 16\classification\subset9\1\1_aug\54_23.npy
1,D:\Doctorat\datasets\LUNA 16\classification\subset9\1\1_aug\54_33.npy
1,D:\Doctorat\datasets\LUNA 16\classification\subset9\1\1_aug\54_34.npy
1,D:\Doctorat\datasets\LUNA 16\classification\subset9\1\1_aug\54_35.npy
1,D:\Doctorat\datasets\LUNA 16\classification\subset9\1\1_aug\54_36.npy
1,D:\Doctorat\datasets\LUNA 16\classification\subset9\1\1_aug\54_37.npy
1,D:\Doctorat\datasets\LUNA 16\classification\subset9\1\1_aug\54_38.npy
1,D:\Doctorat\datasets\LUNA 16\classification\subset9\1\1_aug\54_39.npy
1,D:\Doctorat\datasets\LUNA 16\classification\subset9\1\1_aug\54_40.npy
1,D:\Doctorat\datasets\LUNA 16\classification\subset9\1\1_aug\54_8.npy
1,D:\Doctorat\datasets\LUNA 16\classification\subset9\1\1_aug\55_10.npy
1,D:\Doctorat\datasets\LUNA 16\classification\subset9\1\1_aug\55_11.npy
1,D:\Doctorat\datasets\LUNA 16\classification\subset9\1\1_aug\55_2.npy
1,D:\Doctorat\datasets\LUNA 16\classification\subset9\1\1_aug\55_24.npy
1,D:\Doctorat\datasets\LUNA 16\classification\subset9\1\1_aug\55_28.npy
1,D:\Doctorat\datasets\LUNA 16\classification\subset9\1\1_aug\55_30.npy
1,D:\Doctorat\datasets\LUNA 16\classification\subset9\1\1_aug\55_31.npy
1,D:\Doctorat\datasets\LUNA 16\classification\subset9\1\1_aug\55_32.npy
1,D:\Doctorat\datasets\LUNA 16\classification\subset9\1\1_aug\56_1.npy
1,D:\Doctorat\datasets\LUNA 16\classification\subset9\1\1_aug\56_11.npy
1,D:\Doctorat\datasets\LUNA 16\classification\subset9\1\1_aug\56_12.npy
1,D:\Doctorat\datasets\LUNA 16\classification\subset9\1\1_aug\56_16.npy
1,D:\Doctorat\datasets\LUNA 16\classification\subset9\1\1_aug\56_19.npy
1,D:\Doctorat\datasets\LUNA 16\classification\subset9\1\1_aug\56_20.npy
1,D:\Doctorat\datasets\LUNA 16\classification\subset9\1\1_aug\56_3.npy
1,D:\Doctorat\datasets\LUNA 16\classification\subset9\1\1_aug\56_30.npy
1,D:\Doctorat\datasets\LUNA 16\classification\subset9\1\1_aug\56_33.npy
1,D:\Doctorat\datasets\LUNA 16\classification\subset9\1\1_aug\56_34.npy
1,D:\Doctorat\datasets\LUNA 16\classification\subset9\1\1_aug\56_35.npy
1,D:\Doctorat\datasets\LUNA 16\classification\subset9\1\1_aug\56_4.npy
1,D:\Doctorat\datasets\LUNA 16\classification\subset9\1\1_aug\56_9.npy
1,D:\Doctorat\datasets\LUNA 16\classification\subset9\1\1_aug\57_11.npy
1,D:\Doctorat\datasets\LUNA 16\classification\subset9\1\1_aug\57_14.npy
1,D:\Doctorat\datasets\LUNA 16\classification\subset9\1\1_aug\57_18.npy
1,D:\Doctorat\datasets\LUNA 16\classification\subset9\1\1_aug\57_2.npy
1,D:\Doctorat\datasets\LUNA 16\classification\subset9\1\1_aug\57_32.npy
1,D:\Doctorat\datasets\LUNA 16\classification\subset9\1\1_aug\57_34.npy
1,D:\Doctorat\datasets\LUNA 16\classification\subset9\1\1_aug\57_39.npy
1,D:\Doctorat\datasets\LUNA 16\classification\subset9\1\1_aug\57_5.npy
1,D:\Doctorat\datasets\LUNA 16\classification\subset9\1\1_aug\57_9.npy
1,D:\Doctorat\datasets\LUNA 16\classification\subset9\1\1_aug\58_11.npy
1,D:\Doctorat\datasets\LUNA 16\classification\subset9\1\1_aug\58_16.npy
1,D:\Doctorat\datasets\LUNA 16\classification\subset9\1\1_aug\58_27.npy
1,D:\Doctorat\datasets\LUNA 16\classification\subset9\1\1_aug\58_28.npy
1,D:\Doctorat\datasets\LUNA 16\classification\subset9\1\1_aug\58_32.npy
1,D:\Doctorat\datasets\LUNA 16\classification\subset9\1\1_aug\58_34.npy
1,D:\Doctorat\datasets\LUNA 16\classification\subset9\1\1_aug\58_35.npy
1,D:\Doctorat\datasets\LUNA 16\classification\subset9\1\1_aug\59_21.npy
1,D:\Doctorat\datasets\LUNA 16\classification\subset9\1\1_aug\59_23.npy
1,D:\Doctorat\datasets\LUNA 16\classification\subset9\1\1_aug\59_32.npy
1,D:\Doctorat\datasets\LUNA 16\classification\subset9\1\1_aug\59_33.npy
1,D:\Doctorat\datasets\LUNA 16\classification\subset9\1\1_aug\59_34.npy
1,D:\Doctorat\datasets\LUNA 16\classification\subset9\1\1_aug\59_38.npy
1,D:\Doctorat\datasets\LUNA 16\classification\subset9\1\1_aug\5_11.npy
1,D:\Doctorat\datasets\LUNA 16\classification\subset9\1\1_aug\5_13.npy
1,D:\Doctorat\datasets\LUNA 16\classification\subset9\1\1_aug\5_15.npy
1,D:\Doctorat\datasets\LUNA 16\classification\subset9\1\1_aug\5_18.npy
1,D:\Doctorat\datasets\LUNA 16\classification\subset9\1\1_aug\5_21.npy
1,D:\Doctorat\datasets\LUNA 16\classification\subset9\1\1_aug\5_23.npy
1,D:\Doctorat\datasets\LUNA 16\classification\subset9\1\1_aug\5_30.npy
1,D:\Doctorat\datasets\LUNA 16\classification\subset9\1\1_aug\5_37.npy
1,D:\Doctorat\datasets\LUNA 16\classification\subset9\1\1_aug\5_6.npy
1,D:\Doctorat\datasets\LUNA 16\classification\subset9\1\1_aug\60_13.npy
1,D:\Doctorat\datasets\LUNA 16\classification\subset9\1\1_aug\60_14.npy
1,D:\Doctorat\datasets\LUNA 16\classification\subset9\1\1_aug\60_16.npy
1,D:\Doctorat\datasets\LUNA 16\classification\subset9\1\1_aug\60_21.npy
1,D:\Doctorat\datasets\LUNA 16\classification\subset9\1\1_aug\60_23.npy
1,D:\Doctorat\datasets\LUNA 16\classification\subset9\1\1_aug\60_25.npy
1,D:\Doctorat\datasets\LUNA 16\classification\subset9\1\1_aug\60_30.npy
1,D:\Doctorat\datasets\LUNA 16\classification\subset9\1\1_aug\60_34.npy
1,D:\Doctorat\datasets\LUNA 16\classification\subset9\1\1_aug\60_36.npy
1,D:\Doctorat\datasets\LUNA 16\classification\subset9\1\1_aug\60_4.npy
1,D:\Doctorat\datasets\LUNA 16\classification\subset9\1\1_aug\61_20.npy
1,D:\Doctorat\datasets\LUNA 16\classification\subset9\1\1_aug\61_24.npy
1,D:\Doctorat\datasets\LUNA 16\classification\subset9\1\1_aug\61_37.npy
1,D:\Doctorat\datasets\LUNA 16\classification\subset9\1\1_aug\61_38.npy
1,D:\Doctorat\datasets\LUNA 16\classification\subset9\1\1_aug\61_40.npy
1,D:\Doctorat\datasets\LUNA 16\classification\subset9\1\1_aug\61_9.npy
1,D:\Doctorat\datasets\LUNA 16\classification\subset9\1\1_aug\62_19.npy
1,D:\Doctorat\datasets\LUNA 16\classification\subset9\1\1_aug\62_22.npy
1,D:\Doctorat\datasets\LUNA 16\classification\subset9\1\1_aug\62_26.npy
1,D:\Doctorat\datasets\LUNA 16\classification\subset9\1\1_aug\62_30.npy
1,D:\Doctorat\datasets\LUNA 16\classification\subset9\1\1_aug\62_33.npy
1,D:\Doctorat\datasets\LUNA 16\classification\subset9\1\1_aug\62_40.npy
1,D:\Doctorat\datasets\LUNA 16\classification\subset9\1\1_aug\62_7.npy
1,D:\Doctorat\datasets\LUNA 16\classification\subset9\1\1_aug\62_9.npy
1,D:\Doctorat\datasets\LUNA 16\classification\subset9\1\1_aug\63_12.npy
1,D:\Doctorat\datasets\LUNA 16\classification\subset9\1\1_aug\63_15.npy
1,D:\Doctorat\datasets\LUNA 16\classification\subset9\1\1_aug\63_18.npy
1,D:\Doctorat\datasets\LUNA 16\classification\subset9\1\1_aug\63_25.npy
1,D:\Doctorat\datasets\LUNA 16\classification\subset9\1\1_aug\63_28.npy
1,D:\Doctorat\datasets\LUNA 16\classification\subset9\1\1_aug\63_4.npy
1,D:\Doctorat\datasets\LUNA 16\classification\subset9\1\1_aug\64_11.npy
1,D:\Doctorat\datasets\LUNA 16\classification\subset9\1\1_aug\64_14.npy
1,D:\Doctorat\datasets\LUNA 16\classification\subset9\1\1_aug\64_24.npy
1,D:\Doctorat\datasets\LUNA 16\classification\subset9\1\1_aug\64_29.npy
1,D:\Doctorat\datasets\LUNA 16\classification\subset9\1\1_aug\64_3.npy
1,D:\Doctorat\datasets\LUNA 16\classification\subset9\1\1_aug\64_30.npy
1,D:\Doctorat\datasets\LUNA 16\classification\subset9\1\1_aug\64_32.npy
1,D:\Doctorat\datasets\LUNA 16\classification\subset9\1\1_aug\64_7.npy
1,D:\Doctorat\datasets\LUNA 16\classification\subset9\1\1_aug\65_11.npy
1,D:\Doctorat\datasets\LUNA 16\classification\subset9\1\1_aug\65_21.npy
1,D:\Doctorat\datasets\LUNA 16\classification\subset9\1\1_aug\65_24.npy
1,D:\Doctorat\datasets\LUNA 16\classification\subset9\1\1_aug\65_33.npy
1,D:\Doctorat\datasets\LUNA 16\classification\subset9\1\1_aug\65_34.npy
1,D:\Doctorat\datasets\LUNA 16\classification\subset9\1\1_aug\65_38.npy
1,D:\Doctorat\datasets\LUNA 16\classification\subset9\1\1_aug\65_9.npy
1,D:\Doctorat\datasets\LUNA 16\classification\subset9\1\1_aug\66_13.npy
1,D:\Doctorat\datasets\LUNA 16\classification\subset9\1\1_aug\66_30.npy
1,D:\Doctorat\datasets\LUNA 16\classification\subset9\1\1_aug\66_35.npy
1,D:\Doctorat\datasets\LUNA 16\classification\subset9\1\1_aug\66_37.npy
1,D:\Doctorat\datasets\LUNA 16\classification\subset9\1\1_aug\66_38.npy
1,D:\Doctorat\datasets\LUNA 16\classification\subset9\1\1_aug\66_9.npy
1,D:\Doctorat\datasets\LUNA 16\classification\subset9\1\1_aug\67_10.npy
1,D:\Doctorat\datasets\LUNA 16\classification\subset9\1\1_aug\67_11.npy
1,D:\Doctorat\datasets\LUNA 16\classification\subset9\1\1_aug\67_18.npy
1,D:\Doctorat\datasets\LUNA 16\classification\subset9\1\1_aug\67_19.npy
1,D:\Doctorat\datasets\LUNA 16\classification\subset9\1\1_aug\67_20.npy
1,D:\Doctorat\datasets\LUNA 16\classification\subset9\1\1_aug\67_22.npy
1,D:\Doctorat\datasets\LUNA 16\classification\subset9\1\1_aug\67_24.npy
1,D:\Doctorat\datasets\LUNA 16\classification\subset9\1\1_aug\67_27.npy
1,D:\Doctorat\datasets\LUNA 16\classification\subset9\1\1_aug\67_3.npy
1,D:\Doctorat\datasets\LUNA 16\classification\subset9\1\1_aug\67_30.npy
1,D:\Doctorat\datasets\LUNA 16\classification\subset9\1\1_aug\67_37.npy
1,D:\Doctorat\datasets\LUNA 16\classification\subset9\1\1_aug\67_38.npy
1,D:\Doctorat\datasets\LUNA 16\classification\subset9\1\1_aug\67_8.npy
1,D:\Doctorat\datasets\LUNA 16\classification\subset9\1\1_aug\68_10.npy
1,D:\Doctorat\datasets\LUNA 16\classification\subset9\1\1_aug\68_26.npy
1,D:\Doctorat\datasets\LUNA 16\classification\subset9\1\1_aug\68_36.npy
1,D:\Doctorat\datasets\LUNA 16\classification\subset9\1\1_aug\68_37.npy
1,D:\Doctorat\datasets\LUNA 16\classification\subset9\1\1_aug\68_5.npy
1,D:\Doctorat\datasets\LUNA 16\classification\subset9\1\1_aug\68_6.npy
1,D:\Doctorat\datasets\LUNA 16\classification\subset9\1\1_aug\68_9.npy
1,D:\Doctorat\datasets\LUNA 16\classification\subset9\1\1_aug\69_10.npy
1,D:\Doctorat\datasets\LUNA 16\classification\subset9\1\1_aug\69_15.npy
1,D:\Doctorat\datasets\LUNA 16\classification\subset9\1\1_aug\69_19.npy
1,D:\Doctorat\datasets\LUNA 16\classification\subset9\1\1_aug\69_21.npy
1,D:\Doctorat\datasets\LUNA 16\classification\subset9\1\1_aug\69_22.npy
1,D:\Doctorat\datasets\LUNA 16\classification\subset9\1\1_aug\69_26.npy
1,D:\Doctorat\datasets\LUNA 16\classification\subset9\1\1_aug\69_27.npy
1,D:\Doctorat\datasets\LUNA 16\classification\subset9\1\1_aug\69_37.npy
1,D:\Doctorat\datasets\LUNA 16\classification\subset9\1\1_aug\69_39.npy
1,D:\Doctorat\datasets\LUNA 16\classification\subset9\1\1_aug\69_5.npy
1,D:\Doctorat\datasets\LUNA 16\classification\subset9\1\1_aug\69_6.npy
1,D:\Doctorat\datasets\LUNA 16\classification\subset9\1\1_aug\69_9.npy
1,D:\Doctorat\datasets\LUNA 16\classification\subset9\1\1_aug\6_14.npy
1,D:\Doctorat\datasets\LUNA 16\classification\subset9\1\1_aug\6_20.npy
1,D:\Doctorat\datasets\LUNA 16\classification\subset9\1\1_aug\6_36.npy
1,D:\Doctorat\datasets\LUNA 16\classification\subset9\1\1_aug\6_39.npy
1,D:\Doctorat\datasets\LUNA 16\classification\subset9\1\1_aug\6_5.npy
1,D:\Doctorat\datasets\LUNA 16\classification\subset9\1\1_aug\70_11.npy
1,D:\Doctorat\datasets\LUNA 16\classification\subset9\1\1_aug\70_17.npy
1,D:\Doctorat\datasets\LUNA 16\classification\subset9\1\1_aug\70_24.npy
1,D:\Doctorat\datasets\LUNA 16\classification\subset9\1\1_aug\70_28.npy
1,D:\Doctorat\datasets\LUNA 16\classification\subset9\1\1_aug\70_40.npy
1,D:\Doctorat\datasets\LUNA 16\classification\subset9\1\1_aug\70_7.npy
1,D:\Doctorat\datasets\LUNA 16\classification\subset9\1\1_aug\71_17.npy
1,D:\Doctorat\datasets\LUNA 16\classification\subset9\1\1_aug\71_18.npy
1,D:\Doctorat\datasets\LUNA 16\classification\subset9\1\1_aug\71_19.npy
1,D:\Doctorat\datasets\LUNA 16\classification\subset9\1\1_aug\71_2.npy
1,D:\Doctorat\datasets\LUNA 16\classification\subset9\1\1_aug\71_28.npy
1,D:\Doctorat\datasets\LUNA 16\classification\subset9\1\1_aug\71_3.npy
1,D:\Doctorat\datasets\LUNA 16\classification\subset9\1\1_aug\71_33.npy
1,D:\Doctorat\datasets\LUNA 16\classification\subset9\1\1_aug\71_36.npy
1,D:\Doctorat\datasets\LUNA 16\classification\subset9\1\1_aug\71_5.npy
1,D:\Doctorat\datasets\LUNA 16\classification\subset9\1\1_aug\72_10.npy
1,D:\Doctorat\datasets\LUNA 16\classification\subset9\1\1_aug\72_19.npy
1,D:\Doctorat\datasets\LUNA 16\classification\subset9\1\1_aug\72_2.npy
1,D:\Doctorat\datasets\LUNA 16\classification\subset9\1\1_aug\72_24.npy
1,D:\Doctorat\datasets\LUNA 16\classification\subset9\1\1_aug\72_26.npy
1,D:\Doctorat\datasets\LUNA 16\classification\subset9\1\1_aug\72_29.npy
1,D:\Doctorat\datasets\LUNA 16\classification\subset9\1\1_aug\72_30.npy
1,D:\Doctorat\datasets\LUNA 16\classification\subset9\1\1_aug\72_32.npy
1,D:\Doctorat\datasets\LUNA 16\classification\subset9\1\1_aug\72_4.npy
1,D:\Doctorat\datasets\LUNA 16\classification\subset9\1\1_aug\72_5.npy
1,D:\Doctorat\datasets\LUNA 16\classification\subset9\1\1_aug\72_8.npy
1,D:\Doctorat\datasets\LUNA 16\classification\subset9\1\1_aug\72_9.npy
1,D:\Doctorat\datasets\LUNA 16\classification\subset9\1\1_aug\73_17.npy
1,D:\Doctorat\datasets\LUNA 16\classification\subset9\1\1_aug\73_20.npy
1,D:\Doctorat\datasets\LUNA 16\classification\subset9\1\1_aug\73_23.npy
1,D:\Doctorat\datasets\LUNA 16\classification\subset9\1\1_aug\73_28.npy
1,D:\Doctorat\datasets\LUNA 16\classification\subset9\1\1_aug\73_29.npy
1,D:\Doctorat\datasets\LUNA 16\classification\subset9\1\1_aug\73_3.npy
1,D:\Doctorat\datasets\LUNA 16\classification\subset9\1\1_aug\73_33.npy
1,D:\Doctorat\datasets\LUNA 16\classification\subset9\1\1_aug\73_34.npy
1,D:\Doctorat\datasets\LUNA 16\classification\subset9\1\1_aug\73_6.npy
1,D:\Doctorat\datasets\LUNA 16\classification\subset9\1\1_aug\74_11.npy
1,D:\Doctorat\datasets\LUNA 16\classification\subset9\1\1_aug\74_21.npy
1,D:\Doctorat\datasets\LUNA 16\classification\subset9\1\1_aug\74_22.npy
1,D:\Doctorat\datasets\LUNA 16\classification\subset9\1\1_aug\74_23.npy
1,D:\Doctorat\datasets\LUNA 16\classification\subset9\1\1_aug\74_24.npy
1,D:\Doctorat\datasets\LUNA 16\classification\subset9\1\1_aug\74_25.npy
1,D:\Doctorat\datasets\LUNA 16\classification\subset9\1\1_aug\74_28.npy
1,D:\Doctorat\datasets\LUNA 16\classification\subset9\1\1_aug\74_34.npy
1,D:\Doctorat\datasets\LUNA 16\classification\subset9\1\1_aug\74_35.npy
1,D:\Doctorat\datasets\LUNA 16\classification\subset9\1\1_aug\74_36.npy
1,D:\Doctorat\datasets\LUNA 16\classification\subset9\1\1_aug\75_13.npy
1,D:\Doctorat\datasets\LUNA 16\classification\subset9\1\1_aug\75_15.npy
1,D:\Doctorat\datasets\LUNA 16\classification\subset9\1\1_aug\75_17.npy
1,D:\Doctorat\datasets\LUNA 16\classification\subset9\1\1_aug\75_18.npy
1,D:\Doctorat\datasets\LUNA 16\classification\subset9\1\1_aug\75_21.npy
1,D:\Doctorat\datasets\LUNA 16\classification\subset9\1\1_aug\75_22.npy
1,D:\Doctorat\datasets\LUNA 16\classification\subset9\1\1_aug\75_25.npy
1,D:\Doctorat\datasets\LUNA 16\classification\subset9\1\1_aug\75_26.npy
1,D:\Doctorat\datasets\LUNA 16\classification\subset9\1\1_aug\76_12.npy
1,D:\Doctorat\datasets\LUNA 16\classification\subset9\1\1_aug\76_17.npy
1,D:\Doctorat\datasets\LUNA 16\classification\subset9\1\1_aug\76_18.npy
1,D:\Doctorat\datasets\LUNA 16\classification\subset9\1\1_aug\76_2.npy
1,D:\Doctorat\datasets\LUNA 16\classification\subset9\1\1_aug\76_24.npy
1,D:\Doctorat\datasets\LUNA 16\classification\subset9\1\1_aug\76_28.npy
1,D:\Doctorat\datasets\LUNA 16\classification\subset9\1\1_aug\76_36.npy
1,D:\Doctorat\datasets\LUNA 16\classification\subset9\1\1_aug\77_25.npy
1,D:\Doctorat\datasets\LUNA 16\classification\subset9\1\1_aug\77_26.npy
1,D:\Doctorat\datasets\LUNA 16\classification\subset9\1\1_aug\77_5.npy
1,D:\Doctorat\datasets\LUNA 16\classification\subset9\1\1_aug\77_9.npy
1,D:\Doctorat\datasets\LUNA 16\classification\subset9\1\1_aug\78_15.npy
1,D:\Doctorat\datasets\LUNA 16\classification\subset9\1\1_aug\78_21.npy
1,D:\Doctorat\datasets\LUNA 16\classification\subset9\1\1_aug\78_27.npy
1,D:\Doctorat\datasets\LUNA 16\classification\subset9\1\1_aug\78_28.npy
1,D:\Doctorat\datasets\LUNA 16\classification\subset9\1\1_aug\78_32.npy
1,D:\Doctorat\datasets\LUNA 16\classification\subset9\1\1_aug\78_33.npy
1,D:\Doctorat\datasets\LUNA 16\classification\subset9\1\1_aug\78_34.npy
1,D:\Doctorat\datasets\LUNA 16\classification\subset9\1\1_aug\78_37.npy
1,D:\Doctorat\datasets\LUNA 16\classification\subset9\1\1_aug\79_27.npy
1,D:\Doctorat\datasets\LUNA 16\classification\subset9\1\1_aug\79_29.npy
1,D:\Doctorat\datasets\LUNA 16\classification\subset9\1\1_aug\79_3.npy
1,D:\Doctorat\datasets\LUNA 16\classification\subset9\1\1_aug\79_30.npy
1,D:\Doctorat\datasets\LUNA 16\classification\subset9\1\1_aug\79_36.npy
1,D:\Doctorat\datasets\LUNA 16\classification\subset9\1\1_aug\79_4.npy
1,D:\Doctorat\datasets\LUNA 16\classification\subset9\1\1_aug\79_7.npy
1,D:\Doctorat\datasets\LUNA 16\classification\subset9\1\1_aug\7_20.npy
1,D:\Doctorat\datasets\LUNA 16\classification\subset9\1\1_aug\7_23.npy
1,D:\Doctorat\datasets\LUNA 16\classification\subset9\1\1_aug\7_27.npy
1,D:\Doctorat\datasets\LUNA 16\classification\subset9\1\1_aug\7_35.npy
1,D:\Doctorat\datasets\LUNA 16\classification\subset9\1\1_aug\7_36.npy
1,D:\Doctorat\datasets\LUNA 16\classification\subset9\1\1_aug\7_39.npy
1,D:\Doctorat\datasets\LUNA 16\classification\subset9\1\1_aug\7_4.npy
1,D:\Doctorat\datasets\LUNA 16\classification\subset9\1\1_aug\7_40.npy
1,D:\Doctorat\datasets\LUNA 16\classification\subset9\1\1_aug\7_5.npy
1,D:\Doctorat\datasets\LUNA 16\classification\subset9\1\1_aug\80_15.npy
1,D:\Doctorat\datasets\LUNA 16\classification\subset9\1\1_aug\80_16.npy
1,D:\Doctorat\datasets\LUNA 16\classification\subset9\1\1_aug\80_24.npy
1,D:\Doctorat\datasets\LUNA 16\classification\subset9\1\1_aug\80_25.npy
1,D:\Doctorat\datasets\LUNA 16\classification\subset9\1\1_aug\80_32.npy
1,D:\Doctorat\datasets\LUNA 16\classification\subset9\1\1_aug\80_38.npy
1,D:\Doctorat\datasets\LUNA 16\classification\subset9\1\1_aug\80_4.npy
1,D:\Doctorat\datasets\LUNA 16\classification\subset9\1\1_aug\80_8.npy
1,D:\Doctorat\datasets\LUNA 16\classification\subset9\1\1_aug\81_13.npy
1,D:\Doctorat\datasets\LUNA 16\classification\subset9\1\1_aug\81_17.npy
1,D:\Doctorat\datasets\LUNA 16\classification\subset9\1\1_aug\81_21.npy
1,D:\Doctorat\datasets\LUNA 16\classification\subset9\1\1_aug\81_25.npy
1,D:\Doctorat\datasets\LUNA 16\classification\subset9\1\1_aug\81_3.npy
1,D:\Doctorat\datasets\LUNA 16\classification\subset9\1\1_aug\81_32.npy
1,D:\Doctorat\datasets\LUNA 16\classification\subset9\1\1_aug\81_39.npy
1,D:\Doctorat\datasets\LUNA 16\classification\subset9\1\1_aug\82_14.npy
1,D:\Doctorat\datasets\LUNA 16\classification\subset9\1\1_aug\82_15.npy
1,D:\Doctorat\datasets\LUNA 16\classification\subset9\1\1_aug\82_18.npy
1,D:\Doctorat\datasets\LUNA 16\classification\subset9\1\1_aug\82_21.npy
1,D:\Doctorat\datasets\LUNA 16\classification\subset9\1\1_aug\82_22.npy
1,D:\Doctorat\datasets\LUNA 16\classification\subset9\1\1_aug\82_25.npy
1,D:\Doctorat\datasets\LUNA 16\classification\subset9\1\1_aug\82_28.npy
1,D:\Doctorat\datasets\LUNA 16\classification\subset9\1\1_aug\82_29.npy
1,D:\Doctorat\datasets\LUNA 16\classification\subset9\1\1_aug\82_34.npy
1,D:\Doctorat\datasets\LUNA 16\classification\subset9\1\1_aug\82_9.npy
1,D:\Doctorat\datasets\LUNA 16\classification\subset9\1\1_aug\83_13.npy
1,D:\Doctorat\datasets\LUNA 16\classification\subset9\1\1_aug\83_14.npy
1,D:\Doctorat\datasets\LUNA 16\classification\subset9\1\1_aug\83_21.npy
1,D:\Doctorat\datasets\LUNA 16\classification\subset9\1\1_aug\83_23.npy
1,D:\Doctorat\datasets\LUNA 16\classification\subset9\1\1_aug\83_27.npy
1,D:\Doctorat\datasets\LUNA 16\classification\subset9\1\1_aug\83_30.npy
1,D:\Doctorat\datasets\LUNA 16\classification\subset9\1\1_aug\83_9.npy
1,D:\Doctorat\datasets\LUNA 16\classification\subset9\1\1_aug\84_16.npy
1,D:\Doctorat\datasets\LUNA 16\classification\subset9\1\1_aug\84_19.npy
1,D:\Doctorat\datasets\LUNA 16\classification\subset9\1\1_aug\84_21.npy
1,D:\Doctorat\datasets\LUNA 16\classification\subset9\1\1_aug\84_25.npy
1,D:\Doctorat\datasets\LUNA 16\classification\subset9\1\1_aug\84_30.npy
1,D:\Doctorat\datasets\LUNA 16\classification\subset9\1\1_aug\84_31.npy
1,D:\Doctorat\datasets\LUNA 16\classification\subset9\1\1_aug\84_35.npy
1,D:\Doctorat\datasets\LUNA 16\classification\subset9\1\1_aug\84_38.npy
1,D:\Doctorat\datasets\LUNA 16\classification\subset9\1\1_aug\85_10.npy
1,D:\Doctorat\datasets\LUNA 16\classification\subset9\1\1_aug\85_14.npy
1,D:\Doctorat\datasets\LUNA 16\classification\subset9\1\1_aug\85_17.npy
1,D:\Doctorat\datasets\LUNA 16\classification\subset9\1\1_aug\85_24.npy
1,D:\Doctorat\datasets\LUNA 16\classification\subset9\1\1_aug\85_25.npy
1,D:\Doctorat\datasets\LUNA 16\classification\subset9\1\1_aug\85_29.npy
1,D:\Doctorat\datasets\LUNA 16\classification\subset9\1\1_aug\85_30.npy
1,D:\Doctorat\datasets\LUNA 16\classification\subset9\1\1_aug\85_31.npy
1,D:\Doctorat\datasets\LUNA 16\classification\subset9\1\1_aug\85_37.npy
1,D:\Doctorat\datasets\LUNA 16\classification\subset9\1\1_aug\85_9.npy
1,D:\Doctorat\datasets\LUNA 16\classification\subset9\1\1_aug\86_13.npy
1,D:\Doctorat\datasets\LUNA 16\classification\subset9\1\1_aug\86_15.npy
1,D:\Doctorat\datasets\LUNA 16\classification\subset9\1\1_aug\86_24.npy
1,D:\Doctorat\datasets\LUNA 16\classification\subset9\1\1_aug\86_33.npy
1,D:\Doctorat\datasets\LUNA 16\classification\subset9\1\1_aug\86_36.npy
1,D:\Doctorat\datasets\LUNA 16\classification\subset9\1\1_aug\86_5.npy
1,D:\Doctorat\datasets\LUNA 16\classification\subset9\1\1_aug\86_9.npy
1,D:\Doctorat\datasets\LUNA 16\classification\subset9\1\1_aug\87_1.npy
1,D:\Doctorat\datasets\LUNA 16\classification\subset9\1\1_aug\87_10.npy
1,D:\Doctorat\datasets\LUNA 16\classification\subset9\1\1_aug\87_13.npy
1,D:\Doctorat\datasets\LUNA 16\classification\subset9\1\1_aug\87_25.npy
1,D:\Doctorat\datasets\LUNA 16\classification\subset9\1\1_aug\87_9.npy
1,D:\Doctorat\datasets\LUNA 16\classification\subset9\1\1_aug\88_19.npy
1,D:\Doctorat\datasets\LUNA 16\classification\subset9\1\1_aug\88_25.npy
1,D:\Doctorat\datasets\LUNA 16\classification\subset9\1\1_aug\88_28.npy
1,D:\Doctorat\datasets\LUNA 16\classification\subset9\1\1_aug\88_34.npy
1,D:\Doctorat\datasets\LUNA 16\classification\subset9\1\1_aug\89_12.npy
1,D:\Doctorat\datasets\LUNA 16\classification\subset9\1\1_aug\89_17.npy
1,D:\Doctorat\datasets\LUNA 16\classification\subset9\1\1_aug\89_24.npy
1,D:\Doctorat\datasets\LUNA 16\classification\subset9\1\1_aug\89_28.npy
1,D:\Doctorat\datasets\LUNA 16\classification\subset9\1\1_aug\89_37.npy
1,D:\Doctorat\datasets\LUNA 16\classification\subset9\1\1_aug\89_8.npy
1,D:\Doctorat\datasets\LUNA 16\classification\subset9\1\1_aug\89_9.npy
1,D:\Doctorat\datasets\LUNA 16\classification\subset9\1\1_aug\8_1.npy
1,D:\Doctorat\datasets\LUNA 16\classification\subset9\1\1_aug\8_12.npy
1,D:\Doctorat\datasets\LUNA 16\classification\subset9\1\1_aug\8_14.npy
1,D:\Doctorat\datasets\LUNA 16\classification\subset9\1\1_aug\8_29.npy
1,D:\Doctorat\datasets\LUNA 16\classification\subset9\1\1_aug\8_3.npy
1,D:\Doctorat\datasets\LUNA 16\classification\subset9\1\1_aug\8_30.npy
1,D:\Doctorat\datasets\LUNA 16\classification\subset9\1\1_aug\8_38.npy
1,D:\Doctorat\datasets\LUNA 16\classification\subset9\1\1_aug\90_10.npy
1,D:\Doctorat\datasets\LUNA 16\classification\subset9\1\1_aug\90_14.npy
1,D:\Doctorat\datasets\LUNA 16\classification\subset9\1\1_aug\90_15.npy
1,D:\Doctorat\datasets\LUNA 16\classification\subset9\1\1_aug\90_22.npy
1,D:\Doctorat\datasets\LUNA 16\classification\subset9\1\1_aug\90_26.npy
1,D:\Doctorat\datasets\LUNA 16\classification\subset9\1\1_aug\90_27.npy
1,D:\Doctorat\datasets\LUNA 16\classification\subset9\1\1_aug\90_32.npy
1,D:\Doctorat\datasets\LUNA 16\classification\subset9\1\1_aug\90_33.npy
1,D:\Doctorat\datasets\LUNA 16\classification\subset9\1\1_aug\90_34.npy
1,D:\Doctorat\datasets\LUNA 16\classification\subset9\1\1_aug\90_6.npy
1,D:\Doctorat\datasets\LUNA 16\classification\subset9\1\1_aug\90_7.npy
1,D:\Doctorat\datasets\LUNA 16\classification\subset9\1\1_aug\91_15.npy
1,D:\Doctorat\datasets\LUNA 16\classification\subset9\1\1_aug\91_16.npy
1,D:\Doctorat\datasets\LUNA 16\classification\subset9\1\1_aug\91_2.npy
1,D:\Doctorat\datasets\LUNA 16\classification\subset9\1\1_aug\91_29.npy
1,D:\Doctorat\datasets\LUNA 16\classification\subset9\1\1_aug\91_7.npy
1,D:\Doctorat\datasets\LUNA 16\classification\subset9\1\1_aug\92_12.npy
1,D:\Doctorat\datasets\LUNA 16\classification\subset9\1\1_aug\92_14.npy
1,D:\Doctorat\datasets\LUNA 16\classification\subset9\1\1_aug\92_22.npy
1,D:\Doctorat\datasets\LUNA 16\classification\subset9\1\1_aug\92_23.npy
1,D:\Doctorat\datasets\LUNA 16\classification\subset9\1\1_aug\92_24.npy
1,D:\Doctorat\datasets\LUNA 16\classification\subset9\1\1_aug\92_31.npy
1,D:\Doctorat\datasets\LUNA 16\classification\subset9\1\1_aug\92_36.npy
1,D:\Doctorat\datasets\LUNA 16\classification\subset9\1\1_aug\92_39.npy
1,D:\Doctorat\datasets\LUNA 16\classification\subset9\1\1_aug\93_2.npy
1,D:\Doctorat\datasets\LUNA 16\classification\subset9\1\1_aug\93_23.npy
1,D:\Doctorat\datasets\LUNA 16\classification\subset9\1\1_aug\93_25.npy
1,D:\Doctorat\datasets\LUNA 16\classification\subset9\1\1_aug\93_27.npy
1,D:\Doctorat\datasets\LUNA 16\classification\subset9\1\1_aug\93_35.npy
1,D:\Doctorat\datasets\LUNA 16\classification\subset9\1\1_aug\93_37.npy
1,D:\Doctorat\datasets\LUNA 16\classification\subset9\1\1_aug\93_5.npy
1,D:\Doctorat\datasets\LUNA 16\classification\subset9\1\1_aug\93_6.npy
1,D:\Doctorat\datasets\LUNA 16\classification\subset9\1\1_aug\93_7.npy
1,D:\Doctorat\datasets\LUNA 16\classification\subset9\1\1_aug\94_25.npy
1,D:\Doctorat\datasets\LUNA 16\classification\subset9\1\1_aug\94_27.npy
1,D:\Doctorat\datasets\LUNA 16\classification\subset9\1\1_aug\94_30.npy
1,D:\Doctorat\datasets\LUNA 16\classification\subset9\1\1_aug\94_39.npy
1,D:\Doctorat\datasets\LUNA 16\classification\subset9\1\1_aug\94_8.npy
1,D:\Doctorat\datasets\LUNA 16\classification\subset9\1\1_aug\95_10.npy
1,D:\Doctorat\datasets\LUNA 16\classification\subset9\1\1_aug\95_20.npy
1,D:\Doctorat\datasets\LUNA 16\classification\subset9\1\1_aug\95_21.npy
1,D:\Doctorat\datasets\LUNA 16\classification\subset9\1\1_aug\95_25.npy
1,D:\Doctorat\datasets\LUNA 16\classification\subset9\1\1_aug\95_30.npy
1,D:\Doctorat\datasets\LUNA 16\classification\subset9\1\1_aug\95_31.npy
1,D:\Doctorat\datasets\LUNA 16\classification\subset9\1\1_aug\96_1.npy
1,D:\Doctorat\datasets\LUNA 16\classification\subset9\1\1_aug\96_10.npy
1,D:\Doctorat\datasets\LUNA 16\classification\subset9\1\1_aug\96_11.npy
1,D:\Doctorat\datasets\LUNA 16\classification\subset9\1\1_aug\96_12.npy
1,D:\Doctorat\datasets\LUNA 16\classification\subset9\1\1_aug\96_14.npy
1,D:\Doctorat\datasets\LUNA 16\classification\subset9\1\1_aug\96_18.npy
1,D:\Doctorat\datasets\LUNA 16\classification\subset9\1\1_aug\96_24.npy
1,D:\Doctorat\datasets\LUNA 16\classification\subset9\1\1_aug\96_27.npy
1,D:\Doctorat\datasets\LUNA 16\classification\subset9\1\1_aug\96_31.npy
1,D:\Doctorat\datasets\LUNA 16\classification\subset9\1\1_aug\96_36.npy
1,D:\Doctorat\datasets\LUNA 16\classification\subset9\1\1_aug\96_6.npy
1,D:\Doctorat\datasets\LUNA 16\classification\subset9\1\1_aug\97_10.npy
1,D:\Doctorat\datasets\LUNA 16\classification\subset9\1\1_aug\97_13.npy
1,D:\Doctorat\datasets\LUNA 16\classification\subset9\1\1_aug\97_18.npy
1,D:\Doctorat\datasets\LUNA 16\classification\subset9\1\1_aug\97_20.npy
1,D:\Doctorat\datasets\LUNA 16\classification\subset9\1\1_aug\97_29.npy
1,D:\Doctorat\datasets\LUNA 16\classification\subset9\1\1_aug\97_3.npy
1,D:\Doctorat\datasets\LUNA 16\classification\subset9\1\1_aug\97_32.npy
1,D:\Doctorat\datasets\LUNA 16\classification\subset9\1\1_aug\97_36.npy
1,D:\Doctorat\datasets\LUNA 16\classification\subset9\1\1_aug\98_10.npy
1,D:\Doctorat\datasets\LUNA 16\classification\subset9\1\1_aug\98_11.npy
1,D:\Doctorat\datasets\LUNA 16\classification\subset9\1\1_aug\98_13.npy
1,D:\Doctorat\datasets\LUNA 16\classification\subset9\1\1_aug\98_14.npy
1,D:\Doctorat\datasets\LUNA 16\classification\subset9\1\1_aug\98_16.npy
1,D:\Doctorat\datasets\LUNA 16\classification\subset9\1\1_aug\98_19.npy
1,D:\Doctorat\datasets\LUNA 16\classification\subset9\1\1_aug\98_20.npy
1,D:\Doctorat\datasets\LUNA 16\classification\subset9\1\1_aug\98_26.npy
1,D:\Doctorat\datasets\LUNA 16\classification\subset9\1\1_aug\98_33.npy
1,D:\Doctorat\datasets\LUNA 16\classification\subset9\1\1_aug\98_39.npy
1,D:\Doctorat\datasets\LUNA 16\classification\subset9\1\1_aug\98_4.npy
1,D:\Doctorat\datasets\LUNA 16\classification\subset9\1\1_aug\99_1.npy
1,D:\Doctorat\datasets\LUNA 16\classification\subset9\1\1_aug\99_21.npy
1,D:\Doctorat\datasets\LUNA 16\classification\subset9\1\1_aug\99_22.npy
1,D:\Doctorat\datasets\LUNA 16\classification\subset9\1\1_aug\99_24.npy
1,D:\Doctorat\datasets\LUNA 16\classification\subset9\1\1_aug\99_25.npy
1,D:\Doctorat\datasets\LUNA 16\classification\subset9\1\1_aug\99_29.npy
1,D:\Doctorat\datasets\LUNA 16\classification\subset9\1\1_aug\99_35.npy
1,D:\Doctorat\datasets\LUNA 16\classification\subset9\1\1_aug\99_38.npy
1,D:\Doctorat\datasets\LUNA 16\classification\subset9\1\1_aug\99_4.npy
1,D:\Doctorat\datasets\LUNA 16\classification\subset9\1\1_aug\9_16.npy
1,D:\Doctorat\datasets\LUNA 16\classification\subset9\1\1_aug\9_19.npy
1,D:\Doctorat\datasets\LUNA 16\classification\subset9\1\1_aug\9_2.npy
1,D:\Doctorat\datasets\LUNA 16\classification\subset9\1\1_aug\9_23.npy
1,D:\Doctorat\datasets\LUNA 16\classification\subset9\1\1_aug\9_26.npy
